-- Generated by Craft v2.6.2978 on 11/set/2017 13:50:47.

--
-- Disable foreign key checks and autocommit.
--

SET FOREIGN_KEY_CHECKS = 0;
SET SQL_MODE = "NO_AUTO_VALUE_ON_ZERO";
SET AUTOCOMMIT = 0;
SET NAMES utf8;


DROP TABLE IF EXISTS `craft_assetfiles`;


--
-- Schema for table `craft_assetfiles`
--
CREATE TABLE `craft_assetfiles` (
  `id` int(11) NOT NULL,
  `sourceId` int(11) DEFAULT NULL,
  `folderId` int(11) NOT NULL,
  `filename` varchar(255) COLLATE utf8_unicode_ci NOT NULL,
  `kind` varchar(50) COLLATE utf8_unicode_ci NOT NULL DEFAULT 'unknown',
  `width` int(11) unsigned DEFAULT NULL,
  `height` int(11) unsigned DEFAULT NULL,
  `size` bigint(20) unsigned DEFAULT NULL,
  `dateModified` datetime DEFAULT NULL,
  `dateCreated` datetime NOT NULL,
  `dateUpdated` datetime NOT NULL,
  `uid` char(36) COLLATE utf8_unicode_ci NOT NULL DEFAULT '0',
  PRIMARY KEY (`id`),
  UNIQUE KEY `craft_assetfiles_filename_folderId_unq_idx` (`filename`,`folderId`),
  KEY `craft_assetfiles_sourceId_fk` (`sourceId`),
  KEY `craft_assetfiles_folderId_fk` (`folderId`)
) ENGINE=InnoDB DEFAULT CHARSET=utf8 COLLATE=utf8_unicode_ci;

--
-- Data for table `craft_assetfiles`
--

INSERT INTO `craft_assetfiles` (`id`, `sourceId`, `folderId`, `filename`, `kind`, `width`, `height`, `size`, `dateModified`, `dateCreated`, `dateUpdated`, `uid`) VALUES
 ('64', '1', '1', 'socialcard.png', 'image', '800', '453', '61579', '2017-01-31 10:52:08', '2017-01-31 10:52:12', '2017-01-31 10:52:12', '62294da2-269f-44c7-acc7-313fa520c5dc');



DROP TABLE IF EXISTS `craft_assetfolders`;


--
-- Schema for table `craft_assetfolders`
--
CREATE TABLE `craft_assetfolders` (
  `id` int(11) NOT NULL AUTO_INCREMENT,
  `parentId` int(11) DEFAULT NULL,
  `sourceId` int(11) DEFAULT NULL,
  `name` varchar(255) COLLATE utf8_unicode_ci NOT NULL,
  `path` varchar(255) COLLATE utf8_unicode_ci DEFAULT NULL,
  `dateCreated` datetime NOT NULL,
  `dateUpdated` datetime NOT NULL,
  `uid` char(36) COLLATE utf8_unicode_ci NOT NULL DEFAULT '0',
  PRIMARY KEY (`id`),
  UNIQUE KEY `craft_assetfolders_name_parentId_sourceId_unq_idx` (`name`,`parentId`,`sourceId`),
  KEY `craft_assetfolders_parentId_fk` (`parentId`),
  KEY `craft_assetfolders_sourceId_fk` (`sourceId`)
) ENGINE=InnoDB AUTO_INCREMENT=2 DEFAULT CHARSET=utf8 COLLATE=utf8_unicode_ci;

--
-- Data for table `craft_assetfolders`
--

INSERT INTO `craft_assetfolders` (`id`, `parentId`, `sourceId`, `name`, `path`, `dateCreated`, `dateUpdated`, `uid`) VALUES
 ('1', NULL, '1', 'Immagini', '', '2017-01-31 10:47:31', '2017-01-31 10:47:57', '935925f0-6850-4f1b-8386-ce67977d6fc9');



DROP TABLE IF EXISTS `craft_assetindexdata`;


--
-- Schema for table `craft_assetindexdata`
--
CREATE TABLE `craft_assetindexdata` (
  `id` int(11) NOT NULL AUTO_INCREMENT,
  `sessionId` varchar(36) COLLATE utf8_unicode_ci NOT NULL DEFAULT '',
  `sourceId` int(10) NOT NULL,
  `offset` int(10) NOT NULL,
  `uri` varchar(255) COLLATE utf8_unicode_ci DEFAULT NULL,
  `size` varchar(255) COLLATE utf8_unicode_ci DEFAULT NULL,
  `recordId` int(10) DEFAULT NULL,
  `dateCreated` datetime NOT NULL,
  `dateUpdated` datetime NOT NULL,
  `uid` char(36) COLLATE utf8_unicode_ci NOT NULL DEFAULT '0',
  PRIMARY KEY (`id`),
  UNIQUE KEY `craft_assetindexdata_sessionId_sourceId_offset_unq_idx` (`sessionId`,`sourceId`,`offset`),
  KEY `craft_assetindexdata_sourceId_fk` (`sourceId`)
) ENGINE=InnoDB DEFAULT CHARSET=utf8 COLLATE=utf8_unicode_ci;

DROP TABLE IF EXISTS `craft_assetsources`;


--
-- Schema for table `craft_assetsources`
--
CREATE TABLE `craft_assetsources` (
  `id` int(11) NOT NULL AUTO_INCREMENT,
  `name` varchar(255) COLLATE utf8_unicode_ci NOT NULL,
  `handle` varchar(255) COLLATE utf8_unicode_ci NOT NULL,
  `type` varchar(150) COLLATE utf8_unicode_ci NOT NULL,
  `settings` text COLLATE utf8_unicode_ci,
  `sortOrder` smallint(6) unsigned DEFAULT NULL,
  `fieldLayoutId` int(10) DEFAULT NULL,
  `dateCreated` datetime NOT NULL,
  `dateUpdated` datetime NOT NULL,
  `uid` char(36) COLLATE utf8_unicode_ci NOT NULL DEFAULT '0',
  PRIMARY KEY (`id`),
  UNIQUE KEY `craft_assetsources_name_unq_idx` (`name`),
  UNIQUE KEY `craft_assetsources_handle_unq_idx` (`handle`),
  KEY `craft_assetsources_fieldLayoutId_fk` (`fieldLayoutId`)
) ENGINE=InnoDB AUTO_INCREMENT=2 DEFAULT CHARSET=utf8 COLLATE=utf8_unicode_ci;

--
-- Data for table `craft_assetsources`
--

INSERT INTO `craft_assetsources` (`id`, `name`, `handle`, `type`, `settings`, `sortOrder`, `fieldLayoutId`, `dateCreated`, `dateUpdated`, `uid`) VALUES
 ('1', 'Immagini', 'images', 'Local', '{\"path\":\"assets\\/images\\/\",\"publicURLs\":\"1\",\"url\":\"http:\\/\\/stopthedot.com\\/assets\\/images\\/\"}', '1', '71', '2017-01-31 10:47:31', '2017-01-31 10:51:58', 'd4f16ca4-2a9b-4a66-92db-8950bdfce26d');



DROP TABLE IF EXISTS `craft_assettransformindex`;


--
-- Schema for table `craft_assettransformindex`
--
CREATE TABLE `craft_assettransformindex` (
  `id` int(11) NOT NULL AUTO_INCREMENT,
  `fileId` int(11) NOT NULL,
  `filename` varchar(255) COLLATE utf8_unicode_ci DEFAULT NULL,
  `format` varchar(255) COLLATE utf8_unicode_ci DEFAULT NULL,
  `location` varchar(255) COLLATE utf8_unicode_ci NOT NULL,
  `sourceId` int(11) DEFAULT NULL,
  `fileExists` tinyint(1) DEFAULT NULL,
  `inProgress` tinyint(1) DEFAULT NULL,
  `dateIndexed` datetime DEFAULT NULL,
  `dateCreated` datetime NOT NULL,
  `dateUpdated` datetime NOT NULL,
  `uid` char(36) COLLATE utf8_unicode_ci NOT NULL DEFAULT '0',
  PRIMARY KEY (`id`),
  KEY `craft_assettransformindex_sourceId_fileId_location_idx` (`sourceId`,`fileId`,`location`)
) ENGINE=InnoDB DEFAULT CHARSET=utf8 COLLATE=utf8_unicode_ci;

DROP TABLE IF EXISTS `craft_assettransforms`;


--
-- Schema for table `craft_assettransforms`
--
CREATE TABLE `craft_assettransforms` (
  `id` int(11) NOT NULL AUTO_INCREMENT,
  `name` varchar(255) COLLATE utf8_unicode_ci NOT NULL,
  `handle` varchar(255) COLLATE utf8_unicode_ci NOT NULL,
  `mode` enum('stretch','fit','crop') COLLATE utf8_unicode_ci NOT NULL DEFAULT 'crop',
  `position` enum('top-left','top-center','top-right','center-left','center-center','center-right','bottom-left','bottom-center','bottom-right') COLLATE utf8_unicode_ci NOT NULL DEFAULT 'center-center',
  `height` int(10) DEFAULT NULL,
  `width` int(10) DEFAULT NULL,
  `format` varchar(255) COLLATE utf8_unicode_ci DEFAULT NULL,
  `quality` int(10) DEFAULT NULL,
  `dimensionChangeTime` datetime DEFAULT NULL,
  `dateCreated` datetime NOT NULL,
  `dateUpdated` datetime NOT NULL,
  `uid` char(36) COLLATE utf8_unicode_ci NOT NULL DEFAULT '0',
  PRIMARY KEY (`id`),
  UNIQUE KEY `craft_assettransforms_name_unq_idx` (`name`),
  UNIQUE KEY `craft_assettransforms_handle_unq_idx` (`handle`)
) ENGINE=InnoDB DEFAULT CHARSET=utf8 COLLATE=utf8_unicode_ci;

DROP TABLE IF EXISTS `craft_categories`;


--
-- Schema for table `craft_categories`
--
CREATE TABLE `craft_categories` (
  `id` int(11) NOT NULL,
  `groupId` int(11) NOT NULL,
  `dateCreated` datetime NOT NULL,
  `dateUpdated` datetime NOT NULL,
  `uid` char(36) COLLATE utf8_unicode_ci NOT NULL DEFAULT '0',
  PRIMARY KEY (`id`),
  KEY `craft_categories_groupId_fk` (`groupId`)
) ENGINE=InnoDB DEFAULT CHARSET=utf8 COLLATE=utf8_unicode_ci;

DROP TABLE IF EXISTS `craft_categorygroups`;


--
-- Schema for table `craft_categorygroups`
--
CREATE TABLE `craft_categorygroups` (
  `id` int(11) NOT NULL AUTO_INCREMENT,
  `structureId` int(11) NOT NULL,
  `fieldLayoutId` int(11) DEFAULT NULL,
  `name` varchar(255) COLLATE utf8_unicode_ci NOT NULL,
  `handle` varchar(255) COLLATE utf8_unicode_ci NOT NULL,
  `hasUrls` tinyint(1) unsigned NOT NULL DEFAULT '1',
  `template` varchar(500) COLLATE utf8_unicode_ci DEFAULT NULL,
  `dateCreated` datetime NOT NULL,
  `dateUpdated` datetime NOT NULL,
  `uid` char(36) COLLATE utf8_unicode_ci NOT NULL DEFAULT '0',
  PRIMARY KEY (`id`),
  UNIQUE KEY `craft_categorygroups_name_unq_idx` (`name`),
  UNIQUE KEY `craft_categorygroups_handle_unq_idx` (`handle`),
  KEY `craft_categorygroups_structureId_fk` (`structureId`),
  KEY `craft_categorygroups_fieldLayoutId_fk` (`fieldLayoutId`)
) ENGINE=InnoDB DEFAULT CHARSET=utf8 COLLATE=utf8_unicode_ci;

DROP TABLE IF EXISTS `craft_categorygroups_i18n`;


--
-- Schema for table `craft_categorygroups_i18n`
--
CREATE TABLE `craft_categorygroups_i18n` (
  `id` int(11) NOT NULL AUTO_INCREMENT,
  `groupId` int(11) NOT NULL,
  `locale` char(12) COLLATE utf8_unicode_ci NOT NULL,
  `urlFormat` text COLLATE utf8_unicode_ci,
  `nestedUrlFormat` text COLLATE utf8_unicode_ci,
  `dateCreated` datetime NOT NULL,
  `dateUpdated` datetime NOT NULL,
  `uid` char(36) COLLATE utf8_unicode_ci NOT NULL DEFAULT '0',
  PRIMARY KEY (`id`),
  UNIQUE KEY `craft_categorygroups_i18n_groupId_locale_unq_idx` (`groupId`,`locale`),
  KEY `craft_categorygroups_i18n_locale_fk` (`locale`)
) ENGINE=InnoDB DEFAULT CHARSET=utf8 COLLATE=utf8_unicode_ci;

DROP TABLE IF EXISTS `craft_content`;


--
-- Schema for table `craft_content`
--
CREATE TABLE `craft_content` (
  `id` int(11) NOT NULL AUTO_INCREMENT,
  `elementId` int(11) NOT NULL,
  `locale` char(12) COLLATE utf8_unicode_ci NOT NULL,
  `title` varchar(255) COLLATE utf8_unicode_ci DEFAULT NULL,
  `field_titoloEsterno` text COLLATE utf8_unicode_ci,
  `field_titoloInterno` text COLLATE utf8_unicode_ci,
  `field_titoloSalvaslip` text COLLATE utf8_unicode_ci,
  `field_percent` text COLLATE utf8_unicode_ci,
  `field_request` text COLLATE utf8_unicode_ci,
  `field_followus` text COLLATE utf8_unicode_ci,
  `field_close` text COLLATE utf8_unicode_ci,
  `field_home` text COLLATE utf8_unicode_ci,
  `field_about` text COLLATE utf8_unicode_ci,
  `field_pad` text COLLATE utf8_unicode_ci,
  `field_tampon` text COLLATE utf8_unicode_ci,
  `field_liner` text COLLATE utf8_unicode_ci,
  `field_contacts` text COLLATE utf8_unicode_ci,
  `field_intro` text COLLATE utf8_unicode_ci,
  `field_italic` text COLLATE utf8_unicode_ci,
  `field_yourname` text COLLATE utf8_unicode_ci,
  `field_youremail` text COLLATE utf8_unicode_ci,
  `field_yourphone` text COLLATE utf8_unicode_ci,
  `field_yourmessage` text COLLATE utf8_unicode_ci,
  `field_accept` text COLLATE utf8_unicode_ci,
  `field_thanks` text COLLATE utf8_unicode_ci,
  `field_send` text COLLATE utf8_unicode_ci,
  `field_text` text COLLATE utf8_unicode_ci,
  `field_scrollfor` text COLLATE utf8_unicode_ci,
  `field_titoloInternoShort` text COLLATE utf8_unicode_ci,
  `field_titoloEsternoShort` text COLLATE utf8_unicode_ci,
  `field_titoloSalvaslipShort` text COLLATE utf8_unicode_ci,
  `dateCreated` datetime NOT NULL,
  `dateUpdated` datetime NOT NULL,
  `uid` char(36) COLLATE utf8_unicode_ci NOT NULL DEFAULT '0',
  PRIMARY KEY (`id`),
  UNIQUE KEY `craft_content_elementId_locale_unq_idx` (`elementId`,`locale`),
  KEY `craft_content_title_idx` (`title`),
  KEY `craft_content_locale_fk` (`locale`)
) ENGINE=InnoDB AUTO_INCREMENT=49 DEFAULT CHARSET=utf8 COLLATE=utf8_unicode_ci;

--
-- Data for table `craft_content`
--

INSERT INTO `craft_content` (`id`, `elementId`, `locale`, `title`, `field_titoloEsterno`, `field_titoloInterno`, `field_titoloSalvaslip`, `field_percent`, `field_request`, `field_followus`, `field_close`, `field_home`, `field_about`, `field_pad`, `field_tampon`, `field_liner`, `field_contacts`, `field_intro`, `field_italic`, `field_yourname`, `field_youremail`, `field_yourphone`, `field_yourmessage`, `field_accept`, `field_thanks`, `field_send`, `field_text`, `field_scrollfor`, `field_titoloInternoShort`, `field_titoloEsternoShort`, `field_titoloSalvaslipShort`, `dateCreated`, `dateUpdated`, `uid`) VALUES
 ('1', '1', 'it', NULL, NULL, NULL, NULL, NULL, NULL, NULL, NULL, NULL, NULL, NULL, NULL, NULL, NULL, NULL, NULL, NULL, NULL, NULL, NULL, NULL, NULL, NULL, NULL, NULL, NULL, NULL, NULL, '2017-01-13 15:45:30', '2017-01-23 16:47:02', 'd752f961-6224-4986-9676-57e7b2c19d42'),
 ('2', '2', 'it', 'Home', NULL, NULL, NULL, NULL, NULL, NULL, NULL, NULL, NULL, NULL, NULL, NULL, NULL, NULL, NULL, NULL, NULL, NULL, NULL, NULL, NULL, NULL, NULL, NULL, NULL, NULL, NULL, '2017-01-13 15:45:33', '2017-01-20 18:34:29', '9cd1e548-1a9e-401a-a2f9-5c6f3e6dfa07'),
 ('4', '2', 'en', 'Welcome to Dot!', NULL, NULL, NULL, NULL, NULL, NULL, NULL, NULL, NULL, NULL, NULL, NULL, NULL, NULL, NULL, NULL, NULL, NULL, NULL, NULL, NULL, NULL, NULL, NULL, NULL, NULL, NULL, '2017-01-19 10:43:31', '2017-01-19 11:31:48', '34a2ab74-3eca-433a-8870-eeaa05558df9'),
 ('9', '6', 'it', 'About', NULL, NULL, NULL, NULL, NULL, NULL, NULL, NULL, NULL, NULL, NULL, NULL, NULL, NULL, NULL, NULL, NULL, NULL, NULL, NULL, NULL, NULL, NULL, NULL, NULL, NULL, NULL, '2017-01-19 16:36:20', '2017-01-20 18:09:07', '3a0cf337-9c8c-4cc2-80b2-7aa2f79c454d'),
 ('10', '6', 'en', 'About', NULL, NULL, NULL, NULL, NULL, NULL, NULL, NULL, NULL, NULL, NULL, NULL, NULL, NULL, NULL, NULL, NULL, NULL, NULL, NULL, NULL, NULL, NULL, NULL, NULL, NULL, NULL, '2017-01-19 16:36:20', '2017-01-20 18:55:20', '58f3a819-8054-4943-a455-60ec1d4df07a'),
 ('25', '17', 'it', 'Hygenic Pad', NULL, NULL, NULL, NULL, NULL, NULL, NULL, NULL, NULL, NULL, NULL, NULL, NULL, NULL, NULL, NULL, NULL, NULL, NULL, NULL, NULL, NULL, NULL, NULL, NULL, NULL, NULL, '2017-01-20 09:52:56', '2017-01-23 14:02:43', 'eea9b7fa-6887-4602-9875-4e0eca94736a'),
 ('26', '17', 'en', 'Hygenic Pad', NULL, NULL, NULL, NULL, NULL, NULL, NULL, NULL, NULL, NULL, NULL, NULL, NULL, NULL, NULL, NULL, NULL, NULL, NULL, NULL, NULL, NULL, NULL, NULL, NULL, NULL, NULL, '2017-01-20 09:52:56', '2017-01-23 14:02:28', '4ca2b2a0-2c5c-48db-a9da-f7a8724c9234'),
 ('27', '24', 'it', 'Panty Liner', NULL, NULL, NULL, NULL, NULL, NULL, NULL, NULL, NULL, NULL, NULL, NULL, NULL, NULL, NULL, NULL, NULL, NULL, NULL, NULL, NULL, NULL, NULL, NULL, NULL, NULL, NULL, '2017-01-20 10:12:54', '2017-01-23 14:05:09', '566c6a32-b9aa-4928-b8d6-d8d20b8477d2'),
 ('28', '24', 'en', 'Panty Liner', NULL, NULL, NULL, NULL, NULL, NULL, NULL, NULL, NULL, NULL, NULL, NULL, NULL, NULL, NULL, NULL, NULL, NULL, NULL, NULL, NULL, NULL, NULL, NULL, NULL, NULL, NULL, '2017-01-20 10:12:54', '2017-01-23 14:05:33', '56c2fe56-d02d-4ede-92b1-3d479a8b2427'),
 ('29', '28', 'it', 'Applicator Tampon', NULL, NULL, NULL, NULL, NULL, NULL, NULL, NULL, NULL, NULL, NULL, NULL, NULL, NULL, NULL, NULL, NULL, NULL, NULL, NULL, NULL, NULL, NULL, NULL, NULL, NULL, NULL, '2017-01-20 10:21:43', '2017-01-20 18:34:18', '21f7d152-4de9-4dfe-8ab5-d75036701f79'),
 ('30', '28', 'en', 'Applicator Tampons', NULL, NULL, NULL, NULL, NULL, NULL, NULL, NULL, NULL, NULL, NULL, NULL, NULL, NULL, NULL, NULL, NULL, NULL, NULL, NULL, NULL, NULL, NULL, NULL, NULL, NULL, NULL, '2017-01-20 10:21:43', '2017-01-20 17:15:27', '8118d9a7-1e39-4519-ae5c-066a8cf64a34'),
 ('33', '37', 'it', 'Contatta <b>dot</b>', NULL, NULL, NULL, NULL, NULL, NULL, NULL, NULL, NULL, NULL, NULL, NULL, NULL, NULL, NULL, NULL, NULL, NULL, NULL, NULL, NULL, NULL, ' Siamo qui proprio per ogni cosa.</br> Chiamaci oppure contattaci <a target=\"_blank\" href=\"http://shop.stopthedot.com/contatti\">qui</a></br> per qualsiasi tuo dubbio, domanda e curiosità.</br> Promettiamo di rispondere al più presto!', NULL, NULL, NULL, NULL, '2017-01-20 11:57:51', '2017-05-09 12:58:08', '23049276-9f6c-40d1-a093-8b33e2b1a76a'),
 ('34', '37', 'en', 'Contact <b>dot</b>', NULL, NULL, NULL, NULL, NULL, NULL, NULL, NULL, NULL, NULL, NULL, NULL, NULL, NULL, NULL, NULL, NULL, NULL, NULL, NULL, NULL, NULL, 'Contact us to have more informations about our products and to receive a home visit from one of our special retailers. <b>Dot</b>, by choice, is not available retail in GDO or in pharmacies: it is <b>distributed only by us</b> and with our <b>subscription formula</b>.', NULL, NULL, NULL, NULL, '2017-01-20 11:57:51', '2017-01-23 14:39:52', '5f443f99-1fc9-4512-a66b-429d86712038'),
 ('35', '38', 'it', NULL, 'Assorbenti<br><b>Esterni</b>', 'Tamponi<br><b>Interni</b>', 'Salva<br><b>Slip</b>', NULL, NULL, NULL, NULL, NULL, NULL, NULL, NULL, NULL, NULL, NULL, NULL, NULL, NULL, NULL, NULL, NULL, NULL, NULL, NULL, NULL, '<b>Interni</b>', '<b>Esterni</b>', '<b>Slip</b>', '2017-01-20 12:02:09', '2017-02-13 10:35:31', '62bd3a73-e2c5-4243-9b56-6f95eff869ae'),
 ('36', '38', 'en', NULL, 'Hygenic<br><b>Pad</b>', 'Applicator<br><b>Tampons</b>', 'Panty<br><b>Liner</b>', NULL, NULL, NULL, NULL, NULL, NULL, NULL, NULL, NULL, NULL, NULL, NULL, NULL, NULL, NULL, NULL, NULL, NULL, NULL, NULL, NULL, '<b>Tampons</b>', '<b>Pad</b>', '<b>Liner</b>', '2017-01-20 12:02:09', '2017-02-13 10:40:27', '849a217a-48ff-44ac-894a-12d013c05b9e'),
 ('37', '50', 'it', NULL, NULL, NULL, NULL, 'per cento', 'Richiedi', 'Seguici su', 'Chiudi', NULL, NULL, NULL, NULL, NULL, NULL, NULL, NULL, NULL, NULL, NULL, NULL, NULL, NULL, NULL, NULL, 'scroll per', NULL, NULL, NULL, '2017-01-23 10:03:15', '2017-01-24 08:56:48', '32e16fe5-bc15-4457-aa0a-a054245e1f95'),
 ('38', '50', 'en', NULL, NULL, NULL, NULL, 'percent', 'Request', 'Follow us', 'Close', NULL, NULL, NULL, NULL, NULL, NULL, NULL, NULL, NULL, NULL, NULL, NULL, NULL, NULL, NULL, NULL, 'scroll down for', NULL, NULL, NULL, '2017-01-23 10:03:15', '2017-01-24 08:56:56', 'a1d2b507-49e3-436c-b06b-020ead28c45c'),
 ('39', '54', 'it', NULL, NULL, NULL, NULL, NULL, NULL, NULL, NULL, 'home', 'about us', 'esterni', 'interni', 'salvaslip', 'contatti', NULL, NULL, NULL, NULL, NULL, NULL, NULL, NULL, NULL, NULL, NULL, NULL, NULL, NULL, '2017-01-23 10:27:54', '2017-01-23 16:47:23', '17634c11-242a-4dac-8260-6603551e66bb'),
 ('40', '54', 'en', NULL, NULL, NULL, NULL, NULL, NULL, NULL, NULL, 'home', 'about us', 'hygenic pads', 'applicator tampons', 'panty liners', 'contacts', NULL, NULL, NULL, NULL, NULL, NULL, NULL, NULL, NULL, NULL, NULL, NULL, NULL, NULL, '2017-01-23 10:27:54', '2017-01-23 16:53:36', '1167e070-d7b4-4a42-989d-3762f9c9de73'),
 ('41', '55', 'it', NULL, NULL, NULL, NULL, NULL, NULL, NULL, NULL, NULL, NULL, NULL, NULL, NULL, NULL, 'Niente più corse al negozio per “emergenze” con DOT: promettiamo di <b>arrivare quando serviamo</b>, nella <b>giusta quantità</b> e di <b>esserci finché avrai bisogno di noi</b>.', 'Costruisci il tuo piano con i prodotti che preferisci. Ricevili comodamente a casa ogni tre mesi. Metti in pausa o cancella il tuo abbonamento quando desideri, in totale trasparenza.', NULL, NULL, NULL, NULL, NULL, NULL, NULL, NULL, NULL, NULL, NULL, NULL, '2017-01-23 11:57:11', '2017-01-23 14:41:01', '3ff3a492-6dc3-40c9-9b98-854fa63433ef'),
 ('42', '55', 'en', NULL, NULL, NULL, NULL, NULL, NULL, NULL, NULL, NULL, NULL, NULL, NULL, NULL, NULL, 'No more runs to the store for “emergencies”. With DOT we promise you to <b>arrive when you need us</b>, with the <b>right quantity</b>, and to <b>be with you until you’ll need us</b>. ', 'Build your own plan with the products you prefer.  Comfortably receive them at home every three months. Pause or delete your subscription when you want, in total transparency.', NULL, NULL, NULL, NULL, NULL, NULL, NULL, NULL, NULL, NULL, NULL, NULL, '2017-01-23 11:57:11', '2017-01-23 14:41:48', 'ceb2eeda-cc8c-4356-bf0c-8302d83a2e88'),
 ('43', '56', 'it', NULL, NULL, NULL, NULL, NULL, NULL, NULL, NULL, NULL, NULL, NULL, NULL, NULL, NULL, NULL, NULL, 'Nome &amp; Cognome', 'La tua email', 'Numero di Telefono', 'Scrivici il tuo messaggio...', 'accetta', 'Grazie per averci contattato. Ti risponderemo a breve.', 'invia', NULL, NULL, NULL, NULL, NULL, '2017-01-23 11:59:19', '2017-01-23 13:58:57', '1d30ed50-fcde-4c16-b0b6-0fce750fe639'),
 ('44', '56', 'en', NULL, NULL, NULL, NULL, NULL, NULL, NULL, NULL, NULL, NULL, NULL, NULL, NULL, NULL, NULL, NULL, 'Name &amp; Surname', 'Your email', 'Your mobile phone number', 'Your message', 'accept', 'Thanks', 'send', NULL, NULL, NULL, NULL, NULL, '2017-01-23 11:59:19', '2017-01-23 14:01:14', 'f3019622-9448-49d4-a0ba-8c5556507a4f'),
 ('47', '64', 'it', 'Socialcard', NULL, NULL, NULL, NULL, NULL, NULL, NULL, NULL, NULL, NULL, NULL, NULL, NULL, NULL, NULL, NULL, NULL, NULL, NULL, NULL, NULL, NULL, NULL, NULL, NULL, NULL, NULL, '2017-01-31 10:52:12', '2017-01-31 10:52:12', '29ee0efc-d078-412b-89ac-f41e53629164'),
 ('48', '64', 'en', 'Socialcard', NULL, NULL, NULL, NULL, NULL, NULL, NULL, NULL, NULL, NULL, NULL, NULL, NULL, NULL, NULL, NULL, NULL, NULL, NULL, NULL, NULL, NULL, NULL, NULL, NULL, NULL, NULL, '2017-01-31 10:52:12', '2017-01-31 10:52:12', '9389f8a8-9a56-46cc-8b20-091fa9b3d93d');



DROP TABLE IF EXISTS `craft_deprecationerrors`;


--
-- Schema for table `craft_deprecationerrors`
--
CREATE TABLE `craft_deprecationerrors` (
  `id` int(11) NOT NULL AUTO_INCREMENT,
  `key` varchar(255) COLLATE utf8_unicode_ci NOT NULL,
  `fingerprint` varchar(255) COLLATE utf8_unicode_ci NOT NULL,
  `lastOccurrence` datetime NOT NULL,
  `file` varchar(255) COLLATE utf8_unicode_ci NOT NULL,
  `line` smallint(6) unsigned NOT NULL,
  `class` varchar(255) COLLATE utf8_unicode_ci DEFAULT NULL,
  `method` varchar(255) COLLATE utf8_unicode_ci DEFAULT NULL,
  `template` varchar(255) COLLATE utf8_unicode_ci DEFAULT NULL,
  `templateLine` smallint(6) unsigned DEFAULT NULL,
  `message` varchar(255) COLLATE utf8_unicode_ci DEFAULT NULL,
  `traces` text COLLATE utf8_unicode_ci,
  `dateCreated` datetime NOT NULL,
  `dateUpdated` datetime NOT NULL,
  `uid` char(36) COLLATE utf8_unicode_ci NOT NULL DEFAULT '0',
  PRIMARY KEY (`id`),
  UNIQUE KEY `craft_deprecationerrors_key_fingerprint_unq_idx` (`key`,`fingerprint`)
) ENGINE=InnoDB DEFAULT CHARSET=utf8 COLLATE=utf8_unicode_ci;

DROP TABLE IF EXISTS `craft_elementindexsettings`;


--
-- Schema for table `craft_elementindexsettings`
--
CREATE TABLE `craft_elementindexsettings` (
  `id` int(11) NOT NULL AUTO_INCREMENT,
  `type` varchar(150) COLLATE utf8_unicode_ci NOT NULL,
  `settings` text COLLATE utf8_unicode_ci,
  `dateCreated` datetime NOT NULL,
  `dateUpdated` datetime NOT NULL,
  `uid` char(36) COLLATE utf8_unicode_ci NOT NULL DEFAULT '0',
  PRIMARY KEY (`id`),
  UNIQUE KEY `craft_elementindexsettings_type_unq_idx` (`type`)
) ENGINE=InnoDB DEFAULT CHARSET=utf8 COLLATE=utf8_unicode_ci;

DROP TABLE IF EXISTS `craft_elements`;


--
-- Schema for table `craft_elements`
--
CREATE TABLE `craft_elements` (
  `id` int(11) NOT NULL AUTO_INCREMENT,
  `type` varchar(150) COLLATE utf8_unicode_ci NOT NULL,
  `enabled` tinyint(1) unsigned NOT NULL DEFAULT '1',
  `archived` tinyint(1) unsigned NOT NULL DEFAULT '0',
  `dateCreated` datetime NOT NULL,
  `dateUpdated` datetime NOT NULL,
  `uid` char(36) COLLATE utf8_unicode_ci NOT NULL DEFAULT '0',
  PRIMARY KEY (`id`),
  KEY `craft_elements_type_idx` (`type`),
  KEY `craft_elements_enabled_idx` (`enabled`),
  KEY `craft_elements_archived_dateCreated_idx` (`archived`,`dateCreated`)
) ENGINE=InnoDB AUTO_INCREMENT=65 DEFAULT CHARSET=utf8 COLLATE=utf8_unicode_ci;

--
-- Data for table `craft_elements`
--

INSERT INTO `craft_elements` (`id`, `type`, `enabled`, `archived`, `dateCreated`, `dateUpdated`, `uid`) VALUES
 ('1', 'User', '1', '0', '2017-01-13 15:45:30', '2017-01-23 16:47:02', '791ead85-95b1-4658-bdfb-e2d550226c8a'),
 ('2', 'Entry', '1', '0', '2017-01-13 15:45:33', '2017-01-20 18:34:29', 'fef0d960-2c90-446c-9eb6-8aaef6a95450'),
 ('6', 'Entry', '1', '0', '2017-01-19 16:36:20', '2017-01-20 18:55:20', '48381d95-b9e6-42fa-afbf-aea2569c9caa'),
 ('7', 'MatrixBlock', '1', '0', '2017-01-19 16:36:20', '2017-01-19 16:36:20', 'a2cda8c0-2c7d-4a98-863f-33f7baf7fb07'),
 ('17', 'Entry', '1', '0', '2017-01-20 09:52:56', '2017-01-23 14:02:43', 'ed47cdba-686b-41d5-ad5c-31dfc3002232'),
 ('20', 'MatrixBlock', '1', '0', '2017-01-20 09:59:32', '2017-01-23 14:02:43', 'a40b0ce0-45e8-4ce5-80b5-854440547086'),
 ('22', 'MatrixBlock', '1', '0', '2017-01-20 10:10:46', '2017-01-23 14:02:43', '3c70e3cf-b716-4342-8b73-a24274bd93a3'),
 ('23', 'MatrixBlock', '1', '0', '2017-01-20 10:10:46', '2017-01-23 14:02:43', '05a9b68e-a8f2-4dc7-8c32-f6f7c67e669f'),
 ('24', 'Entry', '1', '0', '2017-01-20 10:12:54', '2017-01-23 14:05:33', '189f1a54-5b0d-4156-ae45-35a297cdfbe5'),
 ('28', 'Entry', '1', '0', '2017-01-20 10:21:43', '2017-01-20 18:34:18', 'bb165a12-d6f7-486f-a896-1dc04192f68a'),
 ('29', 'MatrixBlock', '1', '0', '2017-01-20 10:23:01', '2017-01-20 10:27:24', '3303d7aa-dbfa-4236-a068-b3c49d7976c4'),
 ('30', 'MatrixBlock', '1', '0', '2017-01-20 10:23:01', '2017-01-20 10:27:24', 'a521fd6a-b418-4776-a9a6-f4aa0a5919f9'),
 ('31', 'MatrixBlock', '1', '0', '2017-01-20 10:23:01', '2017-01-20 10:27:24', 'a91ef35f-fdb7-4885-a57b-a5e81ff12130'),
 ('32', 'MatrixBlock', '1', '0', '2017-01-20 10:33:18', '2017-01-20 18:55:21', '83fe304f-f520-4cb8-88e2-5247df02c547'),
 ('33', 'MatrixBlock', '1', '0', '2017-01-20 10:33:18', '2017-01-20 18:55:21', '416b7fe8-6061-4de1-b924-f533320adfb7'),
 ('34', 'MatrixBlock', '1', '0', '2017-01-20 10:33:18', '2017-01-20 18:55:21', '8c473656-7271-44a9-a8fe-9b93bb663163'),
 ('35', 'MatrixBlock', '1', '0', '2017-01-20 10:33:18', '2017-01-20 18:55:21', '9997e019-629c-4486-8b8c-c270cb784aed'),
 ('37', 'Entry', '1', '0', '2017-01-20 11:57:51', '2017-05-09 12:58:08', '2d81d281-0ff1-4eea-a236-a7c301015050'),
 ('38', 'GlobalSet', '1', '0', '2017-01-20 12:02:09', '2017-02-13 10:40:27', '7b3ac3c4-7189-40b4-9ad8-2add1f3172af'),
 ('43', 'MatrixBlock', '1', '0', '2017-01-20 17:15:27', '2017-01-20 17:15:27', 'ed19dd8c-4026-41ec-9d76-a750ec286285'),
 ('44', 'MatrixBlock', '1', '0', '2017-01-20 17:15:27', '2017-01-20 17:15:27', '5db33faf-bc0a-4c1c-a4a9-71c785790214'),
 ('45', 'MatrixBlock', '1', '0', '2017-01-20 17:15:28', '2017-01-20 17:15:28', '3674b0f5-c709-4ad2-b999-c10171294778'),
 ('46', 'MatrixBlock', '1', '0', '2017-01-20 18:11:56', '2017-01-20 18:11:56', '7a6292d0-c952-458a-9a0b-f4aa68a6b38f'),
 ('47', 'MatrixBlock', '1', '0', '2017-01-20 18:11:56', '2017-01-20 18:11:56', '74c75da4-16d9-434c-886c-a62ec1c14153'),
 ('48', 'MatrixBlock', '1', '0', '2017-01-20 18:11:56', '2017-01-20 18:11:56', '41c3b5cd-9a18-441d-a995-0b4e1f266144'),
 ('49', 'MatrixBlock', '1', '0', '2017-01-20 18:11:56', '2017-01-20 18:11:56', '733887fc-f9c8-4ff8-a053-700f33ada37c'),
 ('50', 'GlobalSet', '1', '0', '2017-01-23 10:03:15', '2017-01-24 08:56:56', 'ebf35e58-8d25-4889-8412-137cce952a45'),
 ('51', 'MatrixBlock', '1', '0', '2017-01-23 10:22:17', '2017-01-23 14:02:28', '0093f174-8a02-4056-8960-0865b65ae609'),
 ('52', 'MatrixBlock', '1', '0', '2017-01-23 10:22:17', '2017-01-23 14:02:28', 'db228dd3-5c28-4ccc-a4b0-32c013833a4a'),
 ('53', 'MatrixBlock', '1', '0', '2017-01-23 10:22:17', '2017-01-23 14:02:28', '5fa36c8d-4db6-4bc1-b0a8-0f3400904fcb'),
 ('54', 'GlobalSet', '1', '0', '2017-01-23 10:27:54', '2017-01-23 16:53:36', '1a485aa4-ddb2-4328-a67c-9051d1336871'),
 ('55', 'GlobalSet', '1', '0', '2017-01-23 11:57:11', '2017-01-23 14:41:48', '805ade6e-795e-4c00-97c8-c0c948cf13d2'),
 ('56', 'GlobalSet', '1', '0', '2017-01-23 11:59:19', '2017-01-23 14:01:14', 'e3b0f896-e924-4045-ad77-5f08cf2358b9'),
 ('57', 'MatrixBlock', '1', '0', '2017-01-23 14:05:09', '2017-01-23 14:05:09', '59a8fe83-905f-4ccd-9cc7-a2b538c33d14'),
 ('58', 'MatrixBlock', '1', '0', '2017-01-23 14:05:09', '2017-01-23 14:05:09', '72adf258-8dff-42ed-a72f-7213dd447bfc'),
 ('59', 'MatrixBlock', '1', '0', '2017-01-23 14:05:09', '2017-01-23 14:05:09', 'a242fe6f-09f3-46c5-95dd-36208eb18bcc'),
 ('60', 'MatrixBlock', '1', '0', '2017-01-23 14:05:33', '2017-01-23 14:05:33', '53d7daff-368e-4107-b127-e2b2c4f98533'),
 ('61', 'MatrixBlock', '1', '0', '2017-01-23 14:05:33', '2017-01-23 14:05:33', '83993d67-97de-4131-b37f-2b01c66ef9ad'),
 ('62', 'MatrixBlock', '1', '0', '2017-01-23 14:05:33', '2017-01-23 14:05:33', 'ee9ec991-b62e-41b0-9805-1f8580bf8280'),
 ('64', 'Asset', '1', '0', '2017-01-31 10:52:12', '2017-01-31 10:52:12', 'a2c50761-7c72-4a70-8907-b293f9b89e39');



DROP TABLE IF EXISTS `craft_elements_i18n`;


--
-- Schema for table `craft_elements_i18n`
--
CREATE TABLE `craft_elements_i18n` (
  `id` int(11) NOT NULL AUTO_INCREMENT,
  `elementId` int(11) NOT NULL,
  `locale` char(12) COLLATE utf8_unicode_ci NOT NULL,
  `slug` varchar(255) COLLATE utf8_unicode_ci DEFAULT NULL,
  `uri` varchar(255) COLLATE utf8_unicode_ci DEFAULT NULL,
  `enabled` tinyint(1) unsigned NOT NULL DEFAULT '1',
  `dateCreated` datetime NOT NULL,
  `dateUpdated` datetime NOT NULL,
  `uid` char(36) COLLATE utf8_unicode_ci NOT NULL DEFAULT '0',
  PRIMARY KEY (`id`),
  UNIQUE KEY `craft_elements_i18n_elementId_locale_unq_idx` (`elementId`,`locale`),
  UNIQUE KEY `craft_elements_i18n_uri_locale_unq_idx` (`uri`,`locale`),
  KEY `craft_elements_i18n_slug_locale_idx` (`slug`,`locale`),
  KEY `craft_elements_i18n_enabled_idx` (`enabled`),
  KEY `craft_elements_i18n_locale_fk` (`locale`)
) ENGINE=InnoDB AUTO_INCREMENT=89 DEFAULT CHARSET=utf8 COLLATE=utf8_unicode_ci;

--
-- Data for table `craft_elements_i18n`
--

INSERT INTO `craft_elements_i18n` (`id`, `elementId`, `locale`, `slug`, `uri`, `enabled`, `dateCreated`, `dateUpdated`, `uid`) VALUES
 ('1', '1', 'it', '', NULL, '1', '2017-01-13 15:45:30', '2017-01-23 16:47:02', 'd6e6595b-d6cc-40e7-bb27-fc44b9e412bd'),
 ('2', '2', 'it', 'homepage', '__home__', '1', '2017-01-13 15:45:33', '2017-01-20 18:34:29', 'e091bcd8-6536-4dad-ac50-71ce4dbe5c4f'),
 ('4', '2', 'en', 'homepage', '__home__', '1', '2017-01-19 10:43:31', '2017-01-20 18:34:29', 'f9d3cf67-8747-4dd3-932f-8cadf2feda8e'),
 ('9', '6', 'it', 'first', 'about', '1', '2017-01-19 16:36:20', '2017-01-20 18:55:21', '9fa48e95-92c8-4311-91bb-e954ad307ded'),
 ('10', '6', 'en', 'first', 'about', '1', '2017-01-19 16:36:20', '2017-01-20 18:55:21', '43e493bd-bd19-4388-aedf-57b8097845b0'),
 ('11', '7', 'it', '', NULL, '1', '2017-01-19 16:36:21', '2017-01-19 16:36:21', '09f896a3-8984-4dc2-bdb7-ab73c0d755ab'),
 ('22', '17', 'it', 'esterno', 'hygenic-pad', '1', '2017-01-20 09:52:56', '2017-01-23 14:02:43', 'aa765f1f-9163-4e44-b61d-2819f8e4a8b5'),
 ('23', '17', 'en', 'esterno', 'hygenic-pad', '1', '2017-01-20 09:52:56', '2017-01-23 14:02:43', 'c639b624-2168-4d0c-892a-72278c19f25e'),
 ('26', '20', 'it', '', NULL, '1', '2017-01-20 09:59:32', '2017-01-23 14:02:43', 'beacd0c9-6391-4ed4-89d6-c47610044f3e'),
 ('28', '22', 'it', '', NULL, '1', '2017-01-20 10:10:46', '2017-01-23 14:02:43', 'f42866f1-123a-4d5f-a8cb-3e5cb7582cd1'),
 ('29', '23', 'it', '', NULL, '1', '2017-01-20 10:10:46', '2017-01-23 14:02:43', 'b43f9460-4432-4192-b706-c9140823433c'),
 ('30', '24', 'it', 'panty-liner', 'panty-liner', '1', '2017-01-20 10:12:54', '2017-01-23 14:05:33', 'd34abd4e-301b-4169-87f7-fc89bc70a07a'),
 ('31', '24', 'en', 'panty-liner', 'panty-liner', '1', '2017-01-20 10:12:54', '2017-01-23 14:05:33', '038539b6-3277-4a8a-8b97-36fb8dc3ac58'),
 ('35', '28', 'it', 'applicator-tampon', 'applicator-tampons', '1', '2017-01-20 10:21:43', '2017-01-20 18:34:18', '8a89578b-666b-4e21-ac2d-bc6c708bd445'),
 ('36', '28', 'en', 'applicator-tampon', 'applicator-tampons', '1', '2017-01-20 10:21:43', '2017-01-20 18:34:18', '663e8378-cb5f-4c3b-b1d9-4ec9d8c67105'),
 ('37', '29', 'it', '', NULL, '1', '2017-01-20 10:23:01', '2017-01-20 10:27:24', '30e20238-c370-4a48-a578-d42ab2c36b2a'),
 ('38', '30', 'it', '', NULL, '1', '2017-01-20 10:23:01', '2017-01-20 10:27:24', '41320ec3-c061-4a49-b095-d03d3c08eb46'),
 ('39', '31', 'it', '', NULL, '1', '2017-01-20 10:23:01', '2017-01-20 10:27:24', '5e561f69-053e-4e4d-bab4-75b202c19e67'),
 ('46', '37', 'it', 'contact', 'contact', '1', '2017-01-20 11:57:51', '2017-05-09 12:58:08', '5fb0e896-3d28-41a7-8edc-9a809a4d5abc'),
 ('47', '37', 'en', 'contact', 'contact', '1', '2017-01-20 11:57:51', '2017-05-09 12:58:08', '396f39ed-6bb6-45e7-a038-9fdd6862dcee'),
 ('48', '38', 'it', '', NULL, '1', '2017-01-20 12:02:09', '2017-02-13 10:40:27', 'ba686740-f096-476e-a101-dd2c91dd89af'),
 ('49', '38', 'en', '', NULL, '1', '2017-01-20 12:02:09', '2017-02-13 10:40:27', '7fc78af5-e8b4-4d1a-9982-315e619a1c6e'),
 ('54', '43', 'en', '', NULL, '1', '2017-01-20 17:15:27', '2017-01-20 17:15:27', 'b435e1e0-d320-460d-8e5c-94663a1f492e'),
 ('55', '44', 'en', '', NULL, '1', '2017-01-20 17:15:28', '2017-01-20 17:15:28', 'a2f39253-613f-40b6-b82c-e5a7778fbb3a'),
 ('56', '45', 'en', '', NULL, '1', '2017-01-20 17:15:28', '2017-01-20 17:15:28', '76f754cc-7398-410f-a39c-2f42fbc0abee'),
 ('57', '32', 'en', '', NULL, '1', '2017-01-20 17:59:56', '2017-01-20 18:55:21', '59ca0e80-530e-4068-b257-9e35bf24b3a1'),
 ('58', '33', 'en', '', NULL, '1', '2017-01-20 17:59:56', '2017-01-20 18:55:21', 'c718ab65-1c63-4b6a-a346-bccaa65cf490'),
 ('59', '34', 'en', '', NULL, '1', '2017-01-20 17:59:56', '2017-01-20 18:55:21', 'b513aaa3-d142-4ef1-b1d4-cc9c45c8563d'),
 ('60', '35', 'en', '', NULL, '1', '2017-01-20 17:59:56', '2017-01-20 18:55:21', '40a84940-09de-4a5b-bd08-44dbc7a34ea2'),
 ('64', '46', 'it', '', NULL, '1', '2017-01-20 18:11:56', '2017-01-20 18:11:56', '5a91046c-3aa2-4eba-aeda-2ca246c61bc7'),
 ('65', '47', 'it', '', NULL, '1', '2017-01-20 18:11:56', '2017-01-20 18:11:56', '4cce5634-201b-4fd8-ae47-e24f3446932e'),
 ('66', '48', 'it', '', NULL, '1', '2017-01-20 18:11:56', '2017-01-20 18:11:56', '1f6aec73-f966-48db-8a99-1d8ff096bb0d'),
 ('67', '49', 'it', '', NULL, '1', '2017-01-20 18:11:56', '2017-01-20 18:11:56', 'd0e78271-ec04-463e-8f97-c06484bd3c3f'),
 ('68', '50', 'it', '', NULL, '1', '2017-01-23 10:03:15', '2017-01-24 08:56:56', 'b8317d95-1079-4860-8b3b-f1df658d00f4'),
 ('69', '50', 'en', '', NULL, '1', '2017-01-23 10:03:15', '2017-01-24 08:56:56', '8728baae-34e7-4fb2-95b8-9c83f20787ff'),
 ('70', '51', 'en', '', NULL, '1', '2017-01-23 10:22:17', '2017-01-23 14:02:28', 'c9244481-a6dd-4cf8-b205-12655ad2917a'),
 ('71', '52', 'en', '', NULL, '1', '2017-01-23 10:22:17', '2017-01-23 14:02:28', '851b71e7-7a61-4c9b-9716-87ab7f411577'),
 ('72', '53', 'en', '', NULL, '1', '2017-01-23 10:22:17', '2017-01-23 14:02:28', '6e1ef799-7c1a-47f5-b79e-8fbf58148b1a'),
 ('73', '54', 'it', '', NULL, '1', '2017-01-23 10:27:54', '2017-01-23 16:53:36', 'f3b9dd86-2c1a-4524-9867-053d66fd0535'),
 ('74', '54', 'en', '', NULL, '1', '2017-01-23 10:27:54', '2017-01-23 16:53:36', 'f53c8ce5-6cd0-4792-8c85-69cf22e7682a'),
 ('75', '55', 'it', '', NULL, '1', '2017-01-23 11:57:11', '2017-01-23 14:41:48', '9c3ecef9-04bb-49f0-b9e0-8b4c4f750fa9'),
 ('76', '55', 'en', '', NULL, '1', '2017-01-23 11:57:11', '2017-01-23 14:41:48', '32a54cc3-6e29-4194-9bac-4baa2c747296'),
 ('77', '56', 'it', '', NULL, '1', '2017-01-23 11:59:19', '2017-01-23 14:01:14', '77e89b91-be0e-416e-ae30-0a9ac56ee4d0'),
 ('78', '56', 'en', '', NULL, '1', '2017-01-23 11:59:19', '2017-01-23 14:01:14', 'cb299a2a-1fcd-4733-9889-4faaccc35526'),
 ('79', '57', 'it', '', NULL, '1', '2017-01-23 14:05:09', '2017-01-23 14:05:09', 'cc88caec-0b5d-4d64-8f51-aa27c7ffb2b9'),
 ('80', '58', 'it', '', NULL, '1', '2017-01-23 14:05:09', '2017-01-23 14:05:09', '86378b29-dd36-46db-b827-d0ccb50ada66'),
 ('81', '59', 'it', '', NULL, '1', '2017-01-23 14:05:09', '2017-01-23 14:05:09', '2cc47fc8-1a3f-4444-8941-2aa50580e975'),
 ('82', '60', 'en', '', NULL, '1', '2017-01-23 14:05:33', '2017-01-23 14:05:33', '7c99739c-0aba-43cc-99f8-3e671bdc2af1'),
 ('83', '61', 'en', '', NULL, '1', '2017-01-23 14:05:33', '2017-01-23 14:05:33', '1ff1c414-8b7b-4529-a931-9102542e7711'),
 ('84', '62', 'en', '', NULL, '1', '2017-01-23 14:05:33', '2017-01-23 14:05:33', '90988c68-1237-4d56-aa03-b5a8ccdf83a9'),
 ('87', '64', 'it', 'socialcard', NULL, '1', '2017-01-31 10:52:12', '2017-01-31 10:52:12', '9cf4076e-d5a7-47bb-a31f-dcbc77d5468e'),
 ('88', '64', 'en', 'socialcard', NULL, '1', '2017-01-31 10:52:12', '2017-01-31 10:52:12', '8e898666-ad8c-4729-9bea-cd5f750313ae');



DROP TABLE IF EXISTS `craft_emailmessages`;


--
-- Schema for table `craft_emailmessages`
--
CREATE TABLE `craft_emailmessages` (
  `id` int(11) NOT NULL AUTO_INCREMENT,
  `key` char(150) COLLATE utf8_unicode_ci NOT NULL,
  `locale` char(12) COLLATE utf8_unicode_ci NOT NULL,
  `subject` varchar(1000) COLLATE utf8_unicode_ci NOT NULL,
  `body` text COLLATE utf8_unicode_ci NOT NULL,
  `dateCreated` datetime NOT NULL,
  `dateUpdated` datetime NOT NULL,
  `uid` char(36) COLLATE utf8_unicode_ci NOT NULL DEFAULT '0',
  PRIMARY KEY (`id`),
  UNIQUE KEY `craft_emailmessages_key_locale_unq_idx` (`key`,`locale`),
  KEY `craft_emailmessages_locale_fk` (`locale`)
) ENGINE=InnoDB DEFAULT CHARSET=utf8 COLLATE=utf8_unicode_ci;

DROP TABLE IF EXISTS `craft_entries`;


--
-- Schema for table `craft_entries`
--
CREATE TABLE `craft_entries` (
  `id` int(11) NOT NULL,
  `sectionId` int(11) NOT NULL,
  `typeId` int(11) DEFAULT NULL,
  `authorId` int(11) DEFAULT NULL,
  `postDate` datetime DEFAULT NULL,
  `expiryDate` datetime DEFAULT NULL,
  `dateCreated` datetime NOT NULL,
  `dateUpdated` datetime NOT NULL,
  `uid` char(36) COLLATE utf8_unicode_ci NOT NULL DEFAULT '0',
  PRIMARY KEY (`id`),
  KEY `craft_entries_sectionId_idx` (`sectionId`),
  KEY `craft_entries_typeId_idx` (`typeId`),
  KEY `craft_entries_postDate_idx` (`postDate`),
  KEY `craft_entries_expiryDate_idx` (`expiryDate`),
  KEY `craft_entries_authorId_fk` (`authorId`)
) ENGINE=InnoDB DEFAULT CHARSET=utf8 COLLATE=utf8_unicode_ci;

--
-- Data for table `craft_entries`
--

INSERT INTO `craft_entries` (`id`, `sectionId`, `typeId`, `authorId`, `postDate`, `expiryDate`, `dateCreated`, `dateUpdated`, `uid`) VALUES
 ('2', '1', '1', NULL, '2017-01-20 18:34:29', NULL, '2017-01-13 15:45:33', '2017-01-20 18:34:29', '3002f94d-9876-4b35-95ac-aef911465317'),
 ('6', '5', '5', NULL, '2017-01-20 18:09:06', NULL, '2017-01-19 16:36:21', '2017-01-20 18:55:21', 'bbf60412-06c3-4ab6-a913-774d566eda2a'),
 ('17', '7', '7', NULL, '2017-01-20 18:34:34', NULL, '2017-01-20 09:52:56', '2017-01-23 14:02:43', '4986c228-c58b-40d6-8cd6-b5f0a84860ad'),
 ('24', '8', '8', NULL, '2017-01-20 18:34:39', NULL, '2017-01-20 10:12:55', '2017-01-23 14:05:33', 'a1caabf7-a3a4-4b38-bdad-c9a6eea20f1c'),
 ('28', '9', '9', NULL, '2017-01-20 18:34:17', NULL, '2017-01-20 10:21:43', '2017-01-20 18:34:17', 'ef19f55c-634b-4bf3-8b72-730d847647f0'),
 ('37', '11', '11', NULL, '2017-01-23 14:06:45', NULL, '2017-01-20 11:57:51', '2017-05-09 12:58:08', 'fa6e0118-9675-4876-bc46-27497f595fbe');



DROP TABLE IF EXISTS `craft_entrydrafts`;


--
-- Schema for table `craft_entrydrafts`
--
CREATE TABLE `craft_entrydrafts` (
  `id` int(11) NOT NULL AUTO_INCREMENT,
  `entryId` int(11) NOT NULL,
  `sectionId` int(11) NOT NULL,
  `creatorId` int(11) NOT NULL,
  `locale` char(12) COLLATE utf8_unicode_ci NOT NULL,
  `name` varchar(255) COLLATE utf8_unicode_ci NOT NULL,
  `notes` tinytext COLLATE utf8_unicode_ci,
  `data` mediumtext COLLATE utf8_unicode_ci NOT NULL,
  `dateCreated` datetime NOT NULL,
  `dateUpdated` datetime NOT NULL,
  `uid` char(36) COLLATE utf8_unicode_ci NOT NULL DEFAULT '0',
  PRIMARY KEY (`id`),
  KEY `craft_entrydrafts_entryId_locale_idx` (`entryId`,`locale`),
  KEY `craft_entrydrafts_sectionId_fk` (`sectionId`),
  KEY `craft_entrydrafts_creatorId_fk` (`creatorId`),
  KEY `craft_entrydrafts_locale_fk` (`locale`)
) ENGINE=InnoDB DEFAULT CHARSET=utf8 COLLATE=utf8_unicode_ci;

DROP TABLE IF EXISTS `craft_entrytypes`;


--
-- Schema for table `craft_entrytypes`
--
CREATE TABLE `craft_entrytypes` (
  `id` int(11) NOT NULL AUTO_INCREMENT,
  `sectionId` int(11) NOT NULL,
  `fieldLayoutId` int(11) DEFAULT NULL,
  `name` varchar(255) COLLATE utf8_unicode_ci NOT NULL,
  `handle` varchar(255) COLLATE utf8_unicode_ci NOT NULL,
  `hasTitleField` tinyint(1) unsigned NOT NULL DEFAULT '1',
  `titleLabel` varchar(255) COLLATE utf8_unicode_ci DEFAULT 'Title',
  `titleFormat` varchar(255) COLLATE utf8_unicode_ci DEFAULT NULL,
  `sortOrder` smallint(6) unsigned DEFAULT NULL,
  `dateCreated` datetime NOT NULL,
  `dateUpdated` datetime NOT NULL,
  `uid` char(36) COLLATE utf8_unicode_ci NOT NULL DEFAULT '0',
  PRIMARY KEY (`id`),
  UNIQUE KEY `craft_entrytypes_name_sectionId_unq_idx` (`name`,`sectionId`),
  UNIQUE KEY `craft_entrytypes_handle_sectionId_unq_idx` (`handle`,`sectionId`),
  KEY `craft_entrytypes_sectionId_fk` (`sectionId`),
  KEY `craft_entrytypes_fieldLayoutId_fk` (`fieldLayoutId`)
) ENGINE=InnoDB AUTO_INCREMENT=12 DEFAULT CHARSET=utf8 COLLATE=utf8_unicode_ci;

--
-- Data for table `craft_entrytypes`
--

INSERT INTO `craft_entrytypes` (`id`, `sectionId`, `fieldLayoutId`, `name`, `handle`, `hasTitleField`, `titleLabel`, `titleFormat`, `sortOrder`, `dateCreated`, `dateUpdated`, `uid`) VALUES
 ('1', '1', '6', 'Homepage', 'homepage', '1', 'Title', NULL, '1', '2017-01-13 15:45:33', '2017-01-19 10:41:19', 'd9c3f7da-0c7b-4e27-9912-1c29a87416b5'),
 ('5', '5', '49', 'About', 'aboutSlide', '1', 'Titolo', NULL, '1', '2017-01-19 16:32:52', '2017-01-20 17:59:34', '059ef1c2-3438-4393-a6ca-1b4f53dcb2cd'),
 ('7', '7', '50', 'Hygenic Pad', 'esterno', '0', NULL, '{section.name|raw}', '1', '2017-01-20 09:52:56', '2017-01-20 18:05:08', '40e639ec-56f5-409d-b6d2-30a8d512c1cf'),
 ('8', '8', '37', 'Panty Liner', 'pantyLiner', '0', NULL, '{section.name|raw}', '1', '2017-01-20 10:12:54', '2017-01-20 10:13:32', '10420100-48ee-4a25-8838-9e47fa7fe674'),
 ('9', '9', '40', 'Applicator Tampons', 'applicatorTampon', '0', NULL, '{section.name|raw}', '1', '2017-01-20 10:21:43', '2017-01-20 10:28:10', '8d49cef4-3853-4e65-8421-42ec8b303d7b'),
 ('11', '11', '66', 'Contact', 'contact', '1', 'title', NULL, '1', '2017-01-20 11:57:51', '2017-01-23 14:23:12', 'd9c33f2d-b6b7-4ca0-ac7a-96cbbaadde7f');



DROP TABLE IF EXISTS `craft_entryversions`;


--
-- Schema for table `craft_entryversions`
--
CREATE TABLE `craft_entryversions` (
  `id` int(11) NOT NULL AUTO_INCREMENT,
  `entryId` int(11) NOT NULL,
  `sectionId` int(11) NOT NULL,
  `creatorId` int(11) DEFAULT NULL,
  `locale` char(12) COLLATE utf8_unicode_ci NOT NULL,
  `num` smallint(6) unsigned NOT NULL,
  `notes` tinytext COLLATE utf8_unicode_ci,
  `data` mediumtext COLLATE utf8_unicode_ci NOT NULL,
  `dateCreated` datetime NOT NULL,
  `dateUpdated` datetime NOT NULL,
  `uid` char(36) COLLATE utf8_unicode_ci NOT NULL DEFAULT '0',
  PRIMARY KEY (`id`),
  KEY `craft_entryversions_entryId_locale_idx` (`entryId`,`locale`),
  KEY `craft_entryversions_sectionId_fk` (`sectionId`),
  KEY `craft_entryversions_creatorId_fk` (`creatorId`),
  KEY `craft_entryversions_locale_fk` (`locale`)
) ENGINE=InnoDB AUTO_INCREMENT=97 DEFAULT CHARSET=utf8 COLLATE=utf8_unicode_ci;

--
-- Data for table `craft_entryversions`
--

INSERT INTO `craft_entryversions` (`id`, `entryId`, `sectionId`, `creatorId`, `locale`, `num`, `notes`, `data`, `dateCreated`, `dateUpdated`, `uid`) VALUES
 ('1', '2', '1', '1', 'it', '1', NULL, '{\"typeId\":\"1\",\"authorId\":null,\"title\":\"Homepage\",\"slug\":\"homepage\",\"postDate\":1484322333,\"expiryDate\":null,\"enabled\":1,\"parentId\":null,\"fields\":[]}', '2017-01-13 15:45:33', '2017-01-13 15:45:33', '3b146136-52b1-4d31-9ca0-7cf36447f81c'),
 ('2', '2', '1', '1', 'it', '2', NULL, '{\"typeId\":null,\"authorId\":null,\"title\":\"Welcome to Dot!\",\"slug\":\"homepage\",\"postDate\":1484322333,\"expiryDate\":null,\"enabled\":\"1\",\"parentId\":null,\"fields\":{\"1\":\"<p>It\\u2019s true, this site doesn\\u2019t have a whole lot of content yet, but don\\u2019t worry. Our web developers have just installed the CMS, and they\\u2019re setting things up for the content editors this very moment. Soon Dot will be an oasis of fresh perspectives, sharp analyses, and astute opinions that will keep you coming back again and again.<\\/p>\"}}', '2017-01-13 15:45:33', '2017-01-13 15:45:33', '47715520-b0e2-4007-aac0-d77935380802'),
 ('3', '2', '1', '1', 'it', '3', '', '{\"typeId\":\"1\",\"authorId\":null,\"title\":\"Home\",\"slug\":\"homepage\",\"postDate\":1484823294,\"expiryDate\":null,\"enabled\":1,\"parentId\":null,\"fields\":{\"1\":\"<p>It\\u2019s true, this site doesn\\u2019t have a whole lot of content yet, but don\\u2019t worry. Our web developers have just installed the CMS, and they\\u2019re setting things up for the content editors this very moment. Soon Dot will be an oasis of fresh perspectives, sharp analyses, and astute opinions that will keep you coming back again and again.<\\/p>\"}}', '2017-01-19 10:57:45', '2017-01-19 10:57:45', '5e897c0d-82bd-4c0e-9849-db431ee930c5'),
 ('4', '2', '1', '1', 'it', '4', '', '{\"typeId\":\"1\",\"authorId\":null,\"title\":\"Home\",\"slug\":\"homepage\",\"postDate\":1484823294,\"expiryDate\":null,\"enabled\":1,\"parentId\":null,\"fields\":{\"1\":\"It\\u2019s true, this site doesn\\u2019t have a whole lot of content yet, but don\\u2019t worry. Our web developers have just installed the CMS, and they\\u2019re setting things up for the content editors this very moment. Soon Dot will be an oasis of fresh perspectives, sharp analyses, and astute opinions that will keep you coming back again and again.\"}}', '2017-01-19 11:31:11', '2017-01-19 11:31:11', 'bf584460-3dfe-4be3-861c-b0ee9a8b4cc1'),
 ('5', '2', '1', '1', 'it', '5', '', '{\"typeId\":\"1\",\"authorId\":null,\"title\":\"Home\",\"slug\":\"homepage\",\"postDate\":1484823294,\"expiryDate\":null,\"enabled\":1,\"parentId\":null,\"fields\":{\"1\":\"<p>Questo \\u00e8 in italiano<\\/p>\"}}', '2017-01-19 11:31:31', '2017-01-19 11:31:31', '9b0f01d4-10a4-4de2-9413-adedbd31a546'),
 ('6', '2', '1', '1', 'en', '1', '', '{\"typeId\":\"1\",\"authorId\":null,\"title\":\"Welcome to Dot!\",\"slug\":\"homepage\",\"postDate\":1484823294,\"expiryDate\":null,\"enabled\":1,\"parentId\":null,\"fields\":{\"1\":\"<p>This is in english.<\\/p>\"}}', '2017-01-19 11:31:48', '2017-01-19 11:31:48', '4050bca5-dfde-4c67-a214-68521878bffe'),
 ('8', '6', '5', '1', 'it', '1', '', '{\"typeId\":null,\"authorId\":\"1\",\"title\":\"first\",\"slug\":\"first\",\"postDate\":1484843760,\"expiryDate\":null,\"enabled\":1,\"parentId\":\"\",\"fields\":{\"6\":{\"new1\":{\"type\":\"first\",\"enabled\":\"1\",\"fields\":{\"first\":\"yes\",\"second\":\"yeah\"}}}}}', '2017-01-19 16:36:21', '2017-01-19 16:36:21', 'edf078c4-50ac-4ff6-9dc4-21a1f11d5ef9'),
 ('9', '6', '5', '1', 'it', '2', '', '{\"typeId\":\"5\",\"authorId\":\"1\",\"title\":\"first\",\"slug\":\"first\",\"postDate\":1484843760,\"expiryDate\":null,\"enabled\":1,\"parentId\":\"\",\"fields\":{\"6\":\"primo\",\"9\":\"secondo\"}}', '2017-01-19 17:04:40', '2017-01-19 17:04:40', '05d56b43-1f0a-4333-8dd3-4bce202c97f3'),
 ('12', '6', '5', '1', 'en', '1', '', '{\"typeId\":\"5\",\"authorId\":\"1\",\"title\":\"first\",\"slug\":\"first\",\"postDate\":1484843760,\"expiryDate\":null,\"enabled\":1,\"parentId\":\"\",\"fields\":{\"6\":\"english\",\"9\":\"english\"}}', '2017-01-19 17:15:52', '2017-01-19 17:15:52', 'ccbb3566-4863-4f1c-a68b-a6afdbd1442f'),
 ('13', '6', '5', '1', 'it', '3', '', '{\"typeId\":\"5\",\"authorId\":\"1\",\"title\":\"first\",\"slug\":\"first\",\"postDate\":1484843760,\"expiryDate\":null,\"enabled\":1,\"parentId\":\"\",\"fields\":{\"6\":\"primo\",\"9\":\"secondo\"}}', '2017-01-20 08:54:42', '2017-01-20 08:54:42', '5e8cfeeb-3938-40bb-9fef-b103c6f6e968'),
 ('14', '6', '5', '1', 'en', '2', '', '{\"typeId\":\"5\",\"authorId\":\"1\",\"title\":\"first\",\"slug\":\"first\",\"postDate\":1484843760,\"expiryDate\":null,\"enabled\":1,\"parentId\":\"\",\"fields\":{\"6\":\"first\",\"9\":\"second\"}}', '2017-01-20 08:54:56', '2017-01-20 08:54:56', '3ed2a20c-3aa2-44e1-b037-154dbc1ec28a'),
 ('16', '6', '5', '1', 'it', '4', '', '{\"typeId\":\"5\",\"authorId\":\"1\",\"title\":\"first\",\"slug\":\"first\",\"postDate\":1484843760,\"expiryDate\":null,\"enabled\":1,\"parentId\":\"\",\"fields\":{\"6\":\"\\\"<b>DOT<\\/b> \\u00e8 una linea di <b>prodotti innovativi<\\/b>, dedicati al mondo dell\\u2019<b>igiene femminile<\\/b>, nel periodo del ciclo mestruale.<br \\/> Grazie alla loro formulazione in <b>100% cotone<\\/b> ed ad uno speciale <b>brevetto Combimedica<\\/b>, non solo sono <b>anallergici,<\\/b> ma anche <b>naturalmente antibatterici<\\/b>.\\\"\",\"9\":\"second\"}}', '2017-01-20 08:56:03', '2017-01-20 08:56:03', 'fe9f0b18-491b-4bce-a86d-d08b96855e47'),
 ('17', '6', '5', '1', 'it', '5', '', '{\"typeId\":\"5\",\"authorId\":\"1\",\"title\":\"first\",\"slug\":\"first\",\"postDate\":1484843760,\"expiryDate\":null,\"enabled\":1,\"parentId\":\"\",\"fields\":{\"6\":\"<b>DOT<\\/b> \\u00e8 una linea di <b>prodotti innovativi<\\/b>, dedicati al mondo dell\\u2019<b>igiene femminile<\\/b>, nel periodo del ciclo mestruale.<br \\/> Grazie alla loro formulazione in <b>100% cotone<\\/b> ed ad uno speciale <b>brevetto Combimedica<\\/b>, non solo sono <b>anallergici,<\\/b> ma anche <b>naturalmente antibatterici<\\/b>.\",\"9\":\"second\"}}', '2017-01-20 08:56:11', '2017-01-20 08:56:11', '1c351fa1-1295-48cc-ba7a-1ba8a246ec54'),
 ('18', '6', '5', '1', 'it', '6', '', '{\"typeId\":\"5\",\"authorId\":\"1\",\"title\":\"prima slide\",\"slug\":\"first\",\"postDate\":1484843760,\"expiryDate\":null,\"enabled\":1,\"parentId\":\"\",\"fields\":{\"6\":\"<b>DOT<\\/b> \\u00e8 una linea di <b>prodotti innovativi<\\/b>, dedicati al mondo dell\\u2019<b>igiene femminile<\\/b>, nel periodo del ciclo mestruale.<br \\/> Grazie alla loro formulazione in <b>100% cotone<\\/b> ed ad uno speciale <b>brevetto Combimedica<\\/b>, non solo sono <b>anallergici,<\\/b> ma anche <b>naturalmente antibatterici<\\/b>.\",\"9\":\"second\"}}', '2017-01-20 08:56:30', '2017-01-20 08:56:30', '4f24f9cb-6809-45e3-b298-2ee86f7f9daa'),
 ('19', '6', '5', '1', 'en', '3', '', '{\"typeId\":\"5\",\"authorId\":\"1\",\"title\":\"seconda slide\",\"slug\":\"first\",\"postDate\":1484843760,\"expiryDate\":null,\"enabled\":1,\"parentId\":\"\",\"fields\":{\"6\":\"first\",\"9\":\"second\"}}', '2017-01-20 08:56:37', '2017-01-20 08:56:37', 'cc24eb74-9ef1-4935-ae7e-ecab54352289'),
 ('20', '6', '5', '1', 'it', '7', '', '{\"typeId\":\"5\",\"authorId\":\"1\",\"title\":\"prima slide\",\"slug\":\"first\",\"postDate\":1484843760,\"expiryDate\":null,\"enabled\":1,\"parentId\":\"\",\"fields\":{\"6\":\"<b>DOT<\\/b> \\u00e8 una linea di <b>prodotti innovativi<\\/b>, dedicati al mondo dell\\u2019<b>igiene femminile<\\/b>, nel periodo del ciclo mestruale.<br \\/> Grazie alla loro formulazione in <b>100% cotone<\\/b> ed ad uno speciale <b>brevetto Combimedica<\\/b>, non solo sono <b>anallergici,<\\/b> ma anche <b>naturalmente antibatterici<\\/b>.\",\"9\":\"<b>DOT<\\/b> \\u00e8 disponibile nei pi\\u00f9 comuni formati: <b>Assorbenti con ali giorno e notte<\\/b>, <b>Salvaslip<\\/b> e <b>Tamponi interni<\\/b>.<br \\/>Diverse varianti, pensate in base <b>grado di assorbenza desiderato<\\/b>; perch\\u00e9 il nostro obiettivo \\u00e8 quello di farti sentire a tuo agio e protetta in modo sicuro e naturale.\"}}', '2017-01-20 08:56:56', '2017-01-20 08:56:56', '535a6387-e4c0-47d6-afe1-e44590b4fba5'),
 ('21', '6', '5', '1', 'it', '8', '', '{\"typeId\":\"5\",\"authorId\":\"1\",\"title\":\"prima slide\",\"slug\":\"first\",\"postDate\":1484843760,\"expiryDate\":null,\"enabled\":1,\"parentId\":\"\",\"fields\":{\"6\":\"<b>DOT<\\/b> \\u00e8 una linea di <b>prodotti innovativi<\\/b>, dedicati al mondo dell\\u2019<b>igiene femminile<\\/b>, nel periodo del ciclo mestruale.<br \\/> Grazie alla loro formulazione in <b>100% cotone<\\/b> ed ad uno speciale <b>brevetto Combimedica<\\/b>, non solo sono <b>anallergici,<\\/b> ma anche <b>naturalmente antibatterici<\\/b>.\",\"9\":\"<b>DOT<\\/b> \\u00e8 disponibile nei pi\\u00f9 comuni formati: <b>Assorbenti con ali giorno e notte<\\/b>, <b>Salvaslip<\\/b> e <b>Tamponi interni<\\/b>.<br \\/>Diverse varianti, pensate in base <b>grado di assorbenza desiderato<\\/b>; perch\\u00e9 il nostro obiettivo \\u00e8 quello di farti sentire a tuo agio e protetta in modo sicuro e naturale.\"}}', '2017-01-20 08:57:41', '2017-01-20 08:57:41', '9018f262-8bd5-487a-bf32-8587926c79e5'),
 ('22', '6', '5', '1', 'it', '9', '', '{\"typeId\":\"5\",\"authorId\":\"1\",\"title\":\"prima slide\",\"slug\":\"first\",\"postDate\":1484843760,\"expiryDate\":null,\"enabled\":1,\"parentId\":\"\",\"fields\":{\"6\":\"<p><strong>DOT<\\/strong> \\u00e8 una linea di <strong>prodotti innovativi<\\/strong>, dedicati al mondo dell\\u2019<strong>igiene femminile<\\/strong>, nel periodo del ciclo mestruale.<br> Grazie alla loro formulazione in <strong>100% cotone<\\/strong> ed ad uno speciale <strong>brevetto Combimedica<\\/strong>, non solo sono <strong>anallergici,<\\/strong> ma anche <strong>naturalmente antibatterici<\\/strong>.<\\/p>\",\"9\":\"<p><strong>DOT<\\/strong> \\u00e8 disponibile nei pi\\u00f9 comuni formati: <strong>Assorbenti con ali giorno e notte<\\/strong>, <strong>Salvaslip<\\/strong> e <strong>Tamponi interni<\\/strong>.<br>Diverse varianti, pensate in base <strong>grado di assorbenza desiderato<\\/strong>; perch\\u00e9 il nostro obiettivo \\u00e8 quello di farti sentire a tuo agio e protetta in modo sicuro e naturale.<\\/p>\"}}', '2017-01-20 08:59:52', '2017-01-20 08:59:52', '82710857-7b2a-4747-8eae-0a134df114c3'),
 ('28', '6', '5', '1', 'it', '10', '', '{\"typeId\":\"5\",\"authorId\":\"1\",\"title\":\"prima slide\",\"slug\":\"first\",\"postDate\":1484843760,\"expiryDate\":null,\"enabled\":1,\"parentId\":\"\",\"fields\":{\"6\":\"<b>DOT<\\/b> \\u00e8 una linea di <b>prodotti innovativi<\\/b>, dedicati al mondo dell\\u2019<b>igiene femminile<\\/b>, nel periodo del ciclo mestruale.<br \\/> Grazie alla loro formulazione in <b>100% cotone<\\/b> ed ad uno speciale <b>brevetto Combimedica<\\/b>, non solo sono <b>anallergici,<\\/b> ma anche <b>naturalmente antibatterici<\\/b>.\",\"9\":\"<p><strong>DOT<\\/strong> \\u00e8 disponibile nei pi\\u00f9 comuni formati: <strong>Assorbenti con ali giorno e notte<\\/strong>, <strong>Salvaslip<\\/strong> e <strong>Tamponi interni<\\/strong>.<br>Diverse varianti, pensate in base <strong>grado di assorbenza desiderato<\\/strong>; perch\\u00e9 il nostro obiettivo \\u00e8 quello di farti sentire a tuo agio e protetta in modo sicuro e naturale.<\\/p>\"}}', '2017-01-20 09:06:45', '2017-01-20 09:06:45', 'e639e2bf-bed6-4497-82d9-e40462024f83'),
 ('29', '6', '5', '1', 'it', '11', '', '{\"typeId\":\"5\",\"authorId\":\"1\",\"title\":\"prima slide\",\"slug\":\"first\",\"postDate\":1484843760,\"expiryDate\":null,\"enabled\":1,\"parentId\":\"\",\"fields\":{\"6\":\"<b>DOT<\\/b> \\u00e8 una linea di <b>prodotti innovativi<\\/b>, dedicati al mondo dell\\u2019<b>igiene femminile<\\/b>, nel periodo del ciclo mestruale.<br \\/> Grazie alla loro formulazione in <b>100% cotone<\\/b> ed ad uno speciale <b>brevetto Combimedica<\\/b>, non solo sono <b>anallergici,<\\/b> ma anche <b>naturalmente antibatterici<\\/b>.\",\"9\":\"<b>DOT<\\/b> \\u00e8 disponibile nei pi\\u00f9 comuni formati: <b>Assorbenti con ali giorno e notte<\\/b>, <b>Salvaslip<\\/b> e <b>Tamponi interni<\\/b>.<br \\/>Diverse varianti, pensate in base <b>grado di assorbenza desiderato<\\/b>; perch\\u00e9 il nostro obiettivo \\u00e8 quello di farti sentire a tuo agio e protetta in modo sicuro e naturale.\"}}', '2017-01-20 09:07:56', '2017-01-20 09:07:56', '1d8dddc5-317a-4f5d-8aac-2156040e598a'),
 ('38', '17', '7', '1', 'it', '1', NULL, '{\"typeId\":\"7\",\"authorId\":null,\"title\":\"Esterno\",\"slug\":\"esterno\",\"postDate\":1484905976,\"expiryDate\":null,\"enabled\":1,\"parentId\":null,\"fields\":[]}', '2017-01-20 09:52:56', '2017-01-20 09:52:56', '6fe83190-7bb4-4de9-8f9c-7089cf05dc02'),
 ('39', '17', '7', '1', 'it', '2', '', '{\"typeId\":null,\"authorId\":null,\"title\":\"Esterno\",\"slug\":\"esterno\",\"postDate\":1484905976,\"expiryDate\":null,\"enabled\":1,\"parentId\":null,\"fields\":{\"18\":{\"new1\":{\"type\":\"prima\",\"enabled\":\"1\",\"fields\":{\"uno\":\"ciao\",\"due\":\"pollo\"}},\"new2\":{\"type\":\"prima\",\"enabled\":\"1\",\"fields\":{\"uno\":\"\",\"due\":\"\"}}}}}', '2017-01-20 09:53:39', '2017-01-20 09:53:39', '88185942-722b-4b5e-a055-acda93197da1'),
 ('40', '17', '7', '1', 'it', '3', '', '{\"typeId\":null,\"authorId\":null,\"title\":\"Esterno\",\"slug\":\"esterno\",\"postDate\":1484905976,\"expiryDate\":null,\"enabled\":1,\"parentId\":null,\"fields\":{\"18\":{\"new1\":{\"type\":\"prima\",\"enabled\":\"1\",\"fields\":{\"uno\":\"ciao\",\"due\":\"pollo\"}},\"new2\":{\"type\":\"seconda\",\"enabled\":\"1\",\"fields\":{\"uno\":\"ciao\",\"due\":\"prosciutto\"}}}}}', '2017-01-20 09:59:32', '2017-01-20 09:59:32', '7bb8e440-7da7-4a5c-8094-43d7b485d463'),
 ('41', '17', '7', '1', 'it', '4', '', '{\"typeId\":null,\"authorId\":null,\"title\":\"Esterno\",\"slug\":\"esterno\",\"postDate\":1484905976,\"expiryDate\":null,\"enabled\":1,\"parentId\":null,\"fields\":{\"18\":{\"20\":{\"type\":\"prima\",\"enabled\":\"1\",\"fields\":{\"uno\":\"ciao\",\"due\":\"pollo\"}},\"21\":{\"type\":\"seconda\",\"enabled\":\"1\",\"fields\":{\"uno\":\"ciao\",\"due\":\"prosciutto\"}}}}}', '2017-01-20 10:02:38', '2017-01-20 10:02:38', '36885605-be80-4cca-8bdd-d67e42e6ae3e'),
 ('42', '17', '7', '1', 'it', '5', '', '{\"typeId\":\"7\",\"authorId\":null,\"title\":\"Hygenic Pad\",\"slug\":\"esterno\",\"postDate\":1484906709,\"expiryDate\":null,\"enabled\":1,\"parentId\":null,\"fields\":{\"18\":{\"20\":{\"type\":\"prima\",\"enabled\":\"1\",\"fields\":{\"uno\":\"ciao\",\"due\":\"pollo\"}},\"21\":{\"type\":\"seconda\",\"enabled\":\"1\",\"fields\":{\"uno\":\"due\",\"due\":\"prosciutto\"}}}}}', '2017-01-20 10:07:38', '2017-01-20 10:07:38', '2c0e30a4-28e6-47e6-baed-7a15e2ce64ab'),
 ('43', '17', '7', '1', 'it', '6', '', '{\"typeId\":\"7\",\"authorId\":null,\"title\":\"Hygenic Pad\",\"slug\":\"esterno\",\"postDate\":1484906709,\"expiryDate\":null,\"enabled\":1,\"parentId\":null,\"fields\":{\"18\":{\"20\":{\"type\":\"prima\",\"enabled\":\"1\",\"fields\":{\"uno\":\"ciao\",\"due\":\"\"}},\"21\":{\"type\":\"seconda\",\"enabled\":\"1\",\"fields\":{\"uno\":\"due\",\"due\":\"\"}}}}}', '2017-01-20 10:07:48', '2017-01-20 10:07:48', 'ddafb4d4-fa0b-4fc1-abc7-de60a39df416'),
 ('44', '17', '7', '1', 'it', '7', '', '{\"typeId\":\"7\",\"authorId\":null,\"title\":\"Hygenic Pad\",\"slug\":\"esterno\",\"postDate\":1484906709,\"expiryDate\":null,\"enabled\":1,\"parentId\":null,\"fields\":{\"18\":{\"20\":{\"type\":\"singola\",\"enabled\":\"1\",\"fields\":{\"uno\":\"Una linea unica di <b>assorbenti esterni con ali<\\/b> in <b>100% cotone organico<\\/b>, che garantisce comfort e protezione.<br \\/>                             I modelli <b>DOT<\\/b> con ali sia per il <b>giorno<\\/b> che per la <b>notte<\\/b>, si adattano alle diverse esigenze di flusso rispettando il tuo corpo naturalmente.\"}},\"new1\":{\"type\":\"singola\",\"enabled\":\"1\",\"fields\":{\"uno\":\"<b>DOT<\\/b> esterno con ali ergonomico, \\u00e8 dotato di barriera Odour-block e di un esclusivo <b>Top-sheet antibatterico brevettato<\\/b>; previene l\\u2019insorgenza delle pi\\u00f9 comuni infezioni batteriche grazie alla composizione <b>naturale e brevettata<\\/b>.\"}},\"new2\":{\"type\":\"singola\",\"enabled\":\"1\",\"fields\":{\"uno\":\"Disponibile nelle varianti <b>Regular<\\/b> e <b>Super<\\/b>, rispettivamente per flussi normali e flussi intensi come quelli della notte.<br \\/> Il design con ali garantisce una maggiore protezione per tutto il giorno, cos\\u00ec potrai <b>sentirti pi\\u00f9 sicura e a tuo agio<\\/b> sempre.\"}}}}}', '2017-01-20 10:10:46', '2017-01-20 10:10:46', 'e7fb8fd1-9d91-49d9-9da1-8ea0fb481426'),
 ('45', '24', '8', '1', 'it', '1', NULL, '{\"typeId\":\"8\",\"authorId\":null,\"title\":\"Panty Liner\",\"slug\":\"panty-liner\",\"postDate\":1484907174,\"expiryDate\":null,\"enabled\":1,\"parentId\":null,\"fields\":[]}', '2017-01-20 10:12:55', '2017-01-20 10:12:55', 'c24eab99-5437-499a-ba85-d6ef8afe5e78'),
 ('46', '24', '8', '1', 'it', '2', '', '{\"typeId\":null,\"authorId\":null,\"title\":\"Panty Liner\",\"slug\":\"panty-liner\",\"postDate\":1484907174,\"expiryDate\":null,\"enabled\":1,\"parentId\":null,\"fields\":{\"18\":{\"new1\":{\"type\":\"singola\",\"enabled\":\"1\",\"fields\":{\"uno\":\"<b>DOT<\\/b> proteggi slip in <b>100% cotone<\\/b> ti offre tutta la protezione e il comfort che cerchi.<br \\/>La sua <b>formula traspirante<\\/b> si prende cura delicatamente della tua pelle, facendoti sentire al meglio tutto il giorno, ogni giorno.\"}},\"new2\":{\"type\":\"singola\",\"enabled\":\"1\",\"fields\":{\"uno\":\"Il salvaslip <b>DOT<\\/b> sono traspiranti e donano una sensazione di <b>freschezza<\\/b> e <b>asciutto<\\/b> garantendo un <b>elevato comfort<\\/b> anche dopo un lungo periodo.<br \\/>\"}},\"new3\":{\"type\":\"singola\",\"enabled\":\"1\",\"fields\":{\"uno\":\"Un\\u2019innovativa linea di prodotti per l\\u2019igiene femminile, disponibile nella variante <b>Soft<\\/b>.<br \\/>Un\\u2019 <b>extra-protezione<\\/b> per sentirti pi\\u00f9 <b>sicura<\\/b> con te stessa ed in mezzo agli altri.\"}}}}}', '2017-01-20 10:19:16', '2017-01-20 10:19:16', '11cba3a1-2726-4385-832d-67c8a30b4ff8'),
 ('47', '28', '9', '1', 'it', '1', NULL, '{\"typeId\":\"9\",\"authorId\":null,\"title\":\"Applicator Tampon\",\"slug\":\"applicator-tampon\",\"postDate\":1484907703,\"expiryDate\":null,\"enabled\":1,\"parentId\":null,\"fields\":[]}', '2017-01-20 10:21:43', '2017-01-20 10:21:43', '52e3c0b6-9e53-4045-9b6b-759462d8d6a9'),
 ('48', '6', '5', '1', 'it', '12', '', '{\"typeId\":\"5\",\"authorId\":null,\"title\":\"About\",\"slug\":\"first\",\"postDate\":1484907638,\"expiryDate\":null,\"enabled\":1,\"parentId\":null,\"fields\":{\"18\":\"\"}}', '2017-01-20 10:22:11', '2017-01-20 10:22:11', '6826c395-1039-458f-b885-373b532d9f22'),
 ('49', '28', '9', '1', 'it', '2', '', '{\"typeId\":null,\"authorId\":null,\"title\":\"Applicator Tampon\",\"slug\":\"applicator-tampon\",\"postDate\":1484907703,\"expiryDate\":null,\"enabled\":1,\"parentId\":null,\"fields\":{\"18\":{\"new1\":{\"type\":\"singola\",\"enabled\":\"1\",\"fields\":{\"uno\":\"<b>DOT assorbenti interni<\\/b> in <b>100% cotone organico<\\/b> offre una protezione pratica e totale grazie all\\u2019esclusivo applicatore igienico ed ergonomico che ne facilita l\\u2019introduzione.\"}},\"new2\":{\"type\":\"singola\",\"enabled\":\"1\",\"fields\":{\"uno\":\"I tamponi <b>DOT<\\/b> contribuiscono al benessere del tuo corpo: <b>non irritano, rispettano il tuo ph naturale e la flora vaginale<\\/b>.<br \\/>Il design degli assorbenti interni DOT permette un <b>inserimento e una rimozione facili<\\/b> ed \\u00e8 studiato per offrirti tutta la <b>protezione e praticit\\u00e0 di cui hai bisogno<\\/b>.\"}},\"new3\":{\"type\":\"singola\",\"enabled\":\"1\",\"fields\":{\"uno\":\"Un\\u2019innovativa linea di prodotti per l\\u2019igiene femminile, disponibile nelle varianti <b>Soft, Regular<\\/b> e <b>Super<\\/b>, rispettivamente per flussi da leggeri a medi fino a quelli per i giorni pi\\u00f9 intensi.<br \\/>L\\u2019utilizzo del cotone 100% organico <b>riduce l\\u2019insorgenza della sindrome della TSS allo 0%<\\/b>.\"}}}}}', '2017-01-20 10:23:01', '2017-01-20 10:23:01', '589c72f0-38ea-4187-988d-64526a7d6a95'),
 ('50', '28', '9', '1', 'it', '3', '', '{\"typeId\":null,\"authorId\":null,\"title\":\"Applicator Tampon\",\"slug\":\"applicator-tampon\",\"postDate\":1484907703,\"expiryDate\":null,\"enabled\":1,\"parentId\":null,\"fields\":{\"18\":{\"29\":{\"type\":\"singola\",\"enabled\":\"1\",\"fields\":{\"uno\":\"<b>DOT assorbenti interni<\\/b> in <b>100% cotone organico<\\/b> offre una protezione pratica e totale grazie all\\u2019esclusivo applicatore igienico ed ergonomico che ne facilita l\\u2019introduzione.\"}},\"30\":{\"type\":\"singola\",\"enabled\":\"1\",\"fields\":{\"uno\":\"I tamponi <b>DOT<\\/b> contribuiscono al benessere del tuo corpo: <b>non irritano, rispettano il tuo ph naturale e la flora vaginale<\\/b>.<br \\/>Il design degli assorbenti interni DOT permette un <b>inserimento e una rimozione facili<\\/b> ed \\u00e8 studiato per offrirti tutta la <b>protezione e praticit\\u00e0 di cui hai bisogno<\\/b>.\"}},\"31\":{\"type\":\"singola\",\"enabled\":\"1\",\"fields\":{\"uno\":\"Un\\u2019innovativa linea di prodotti per l\\u2019igiene femminile, disponibile nelle varianti <b>Soft, Regular<\\/b> e <b>Super<\\/b>, rispettivamente per flussi da leggeri a medi fino a quelli per i giorni pi\\u00f9 intensi.<br \\/>L\\u2019utilizzo del cotone 100% organico <b>riduce l\\u2019insorgenza della sindrome della TSS allo 0%<\\/b>.\"}}}}}', '2017-01-20 10:27:24', '2017-01-20 10:27:24', '808116e0-9343-4cc4-9781-2ff2d205b566'),
 ('51', '6', '5', '1', 'it', '13', '', '{\"typeId\":\"5\",\"authorId\":null,\"title\":\"About\",\"slug\":\"first\",\"postDate\":1484907638,\"expiryDate\":null,\"enabled\":1,\"parentId\":null,\"fields\":{\"18\":{\"new1\":{\"type\":\"doppia\",\"enabled\":\"1\",\"fields\":{\"uno\":\"<b>DOT<\\/b> \\u00e8 una linea di <b>prodotti innovativi<\\/b>, dedicati al mondo dell\\u2019<b>igiene femminile<\\/b>, nel periodo del ciclo mestruale.<br \\/> Grazie alla loro formulazione in <b>100% cotone<\\/b> ed ad uno speciale <b>brevetto Combimedica<\\/b>, non solo sono <b>anallergici,<\\/b> ma anche <b>naturalmente antibatterici<\\/b>.\",\"due\":\"<b>DOT<\\/b> \\u00e8 disponibile nei pi\\u00f9 comuni formati: <b>Assorbenti con ali giorno e notte<\\/b>, <b>Salvaslip<\\/b> e <b>Tamponi interni<\\/b>.<br \\/>Diverse varianti, pensate in base <b>grado di assorbenza desiderato<\\/b>; perch\\u00e9 il nostro obiettivo \\u00e8 quello di farti sentire a tuo agio e protetta in modo sicuro e naturale.\"}},\"new2\":{\"type\":\"doppia\",\"enabled\":\"1\",\"fields\":{\"uno\":\"Vogliamo rendere un periodo complicato del mese, un po\\u2019 meno pesante:<\\/br>in media una donna passa <b>10 anni<\\/b> della sua vita in compagnia del ciclo mestruale;\",\"due\":\"Si calcola che in un\\u2019intera vita, una donna, possa arrivare ad utilizzare all\\u2019incirca <b>11.000 tamponi<\\/b> e che <br>il numero di cicli che una donna sperimenta mediamente durante la vita ammonta a <b>450<\\/b>.\"}},\"new3\":{\"type\":\"doppia\",\"enabled\":\"1\",\"fields\":{\"uno\":\"Lo sapevi che l\\u2019utilizzo di assorbenti interni in 100% cotone organico, <b>riduce l\\u2019insorgenza della TSS<\\/b> (Sindrome da shock tossico) <b>allo 0%<\\/b>?\",\"due\":\"Producendo i nostri prodotti con <b>filiera controllata e in 100% cotone<\\/b>, vogliamo differenziarci: informandoti facendoti per\\u00f2 sentire <b>protetta<\\/b> ed in <b>totale comfort<\\/b>.\"}},\"new4\":{\"type\":\"doppia\",\"enabled\":\"1\",\"fields\":{\"uno\":\"La <b>sindrome da shock tossico<\\/b>, anche conosciuta come TSS, \\u00e8 una <b>malattia rara<\\/b> che si pu\\u00f2 verificare <b>utilizzando assorbenti interni di scarsa qualit\\u00e0<\\/b> o con additivi dannosi per le mucose interne.\",\"due\":\"Ricordati di <b>alternare<\\/b>, durante il ciclo, <b>l\\u2019utilizzo di assorbenti interni ed esterni<\\/b> e di <b>cambiare spesso il tuo assorbente interno<\\/b> e <b>utilizza tamponi in 100% cotone organico<\\/b> come i nostri.<br \\/>\"}}}}}', '2017-01-20 10:33:18', '2017-01-20 10:33:18', '0a17f1c0-5bec-4a72-8a7c-1944e9b36db2'),
 ('53', '37', '11', '1', 'it', '1', NULL, '{\"typeId\":\"11\",\"authorId\":null,\"title\":\"Contact\",\"slug\":\"contact\",\"postDate\":1484913471,\"expiryDate\":null,\"enabled\":1,\"parentId\":null,\"fields\":[]}', '2017-01-20 11:57:51', '2017-01-20 11:57:51', '724e605e-5ca8-4002-8203-89ce38c6a19d'),
 ('54', '6', '5', '1', 'en', '4', '', '{\"typeId\":\"5\",\"authorId\":null,\"title\":\"about\",\"slug\":\"first\",\"postDate\":1484927872,\"expiryDate\":null,\"enabled\":1,\"parentId\":null,\"fields\":{\"18\":\"\"}}', '2017-01-20 15:58:08', '2017-01-20 15:58:08', 'da1eb33b-bfe7-4d26-ab1c-8a49159efeee'),
 ('55', '6', '5', '1', 'it', '14', '', '{\"typeId\":\"5\",\"authorId\":null,\"title\":\"about\",\"slug\":\"first\",\"postDate\":1484927872,\"expiryDate\":null,\"enabled\":1,\"parentId\":null,\"fields\":{\"18\":{\"32\":{\"type\":\"doppia\",\"enabled\":\"1\",\"fields\":{\"uno\":\"<b>DOT<\\/b> \\u00e8 una linea di <b>prodotti innovativi<\\/b>, dedicati al mondo dell\\u2019<b>igiene femminile<\\/b>, nel periodo del ciclo mestruale.<br \\/> Grazie alla loro formulazione in <b>100% cotone<\\/b> ed ad uno speciale <b>brevetto Combimedica<\\/b>, non solo sono <b>anallergici,<\\/b> ma anche <b>naturalmente antibatterici<\\/b>.\",\"due\":\"<b>DOT<\\/b> \\u00e8 disponibile nei pi\\u00f9 comuni formati: <b>Assorbenti con ali giorno e notte<\\/b>, <b>Salvaslip<\\/b> e <b>Tamponi interni<\\/b>.<br \\/>Diverse varianti, pensate in base <b>grado di assorbenza desiderato<\\/b>; perch\\u00e9 il nostro obiettivo \\u00e8 quello di farti sentire a tuo agio e protetta in modo sicuro e naturale.\"}},\"33\":{\"type\":\"doppia\",\"enabled\":\"1\",\"fields\":{\"uno\":\"Vogliamo rendere un periodo complicato del mese, un po\\u2019 meno pesante:<\\/br>in media una donna passa <b>10 anni<\\/b> della sua vita in compagnia del ciclo mestruale;\",\"due\":\"Si calcola che in un\\u2019intera vita, una donna, possa arrivare ad utilizzare all\\u2019incirca <b>11.000 tamponi<\\/b> e che <br>il numero di cicli che una donna sperimenta mediamente durante la vita ammonta a <b>450<\\/b>.\"}},\"34\":{\"type\":\"doppia\",\"enabled\":\"1\",\"fields\":{\"uno\":\"Lo sapevi che l\\u2019utilizzo di assorbenti interni in 100% cotone organico, <b>riduce l\\u2019insorgenza della TSS<\\/b> (Sindrome da shock tossico) <b>allo 0%<\\/b>?\",\"due\":\"Producendo i nostri prodotti con <b>filiera controllata e in 100% cotone<\\/b>, vogliamo differenziarci: informandoti facendoti per\\u00f2 sentire <b>protetta<\\/b> ed in <b>totale comfort<\\/b>.\"}},\"35\":{\"type\":\"doppia\",\"enabled\":\"1\",\"fields\":{\"uno\":\"La <b>sindrome da shock tossico<\\/b>, anche conosciuta come TSS, \\u00e8 una <b>malattia rara<\\/b> che si pu\\u00f2 verificare <b>utilizzando assorbenti interni di scarsa qualit\\u00e0<\\/b> o con additivi dannosi per le mucose interne.\",\"due\":\"Ricordati di <b>alternare<\\/b>, durante il ciclo, <b>l\\u2019utilizzo di assorbenti interni ed esterni<\\/b> e di <b>cambiare spesso il tuo assorbente interno<\\/b> e <b>utilizza tamponi in 100% cotone organico<\\/b> come i nostri.<br \\/>\"}}}}}', '2017-01-20 15:58:16', '2017-01-20 15:58:16', '1a42670f-a987-474c-b77d-f18b1853fe7f'),
 ('56', '6', '5', '1', 'it', '15', '', '{\"typeId\":\"5\",\"authorId\":null,\"title\":\"About\",\"slug\":\"first\",\"postDate\":1484927872,\"expiryDate\":null,\"enabled\":1,\"parentId\":null,\"fields\":{\"18\":{\"32\":{\"type\":\"doppia\",\"enabled\":\"1\",\"fields\":{\"uno\":\"<b>DOT<\\/b> \\u00e8 una linea di <b>prodotti innovativi<\\/b>, dedicati al mondo dell\\u2019<b>igiene femminile<\\/b>, nel periodo del ciclo mestruale.<br \\/> Grazie alla loro formulazione in <b>100% cotone<\\/b> ed ad uno speciale <b>brevetto Combimedica<\\/b>, non solo sono <b>anallergici,<\\/b> ma anche <b>naturalmente antibatterici<\\/b>.\",\"due\":\"<b>DOT<\\/b> \\u00e8 disponibile nei pi\\u00f9 comuni formati: <b>Assorbenti con ali giorno e notte<\\/b>, <b>Salvaslip<\\/b> e <b>Tamponi interni<\\/b>.<br \\/>Diverse varianti, pensate in base <b>grado di assorbenza desiderato<\\/b>; perch\\u00e9 il nostro obiettivo \\u00e8 quello di farti sentire a tuo agio e protetta in modo sicuro e naturale.\"}},\"33\":{\"type\":\"doppia\",\"enabled\":\"1\",\"fields\":{\"uno\":\"Vogliamo rendere un periodo complicato del mese, un po\\u2019 meno pesante:<\\/br>in media una donna passa <b>10 anni<\\/b> della sua vita in compagnia del ciclo mestruale;\",\"due\":\"Si calcola che in un\\u2019intera vita, una donna, possa arrivare ad utilizzare all\\u2019incirca <b>11.000 tamponi<\\/b> e che <br>il numero di cicli che una donna sperimenta mediamente durante la vita ammonta a <b>450<\\/b>.\"}},\"34\":{\"type\":\"doppia\",\"enabled\":\"1\",\"fields\":{\"uno\":\"Lo sapevi che l\\u2019utilizzo di assorbenti interni in 100% cotone organico, <b>riduce l\\u2019insorgenza della TSS<\\/b> (Sindrome da shock tossico) <b>allo 0%<\\/b>?\",\"due\":\"Producendo i nostri prodotti con <b>filiera controllata e in 100% cotone<\\/b>, vogliamo differenziarci: informandoti facendoti per\\u00f2 sentire <b>protetta<\\/b> ed in <b>totale comfort<\\/b>.\"}},\"35\":{\"type\":\"doppia\",\"enabled\":\"1\",\"fields\":{\"uno\":\"La <b>sindrome da shock tossico<\\/b>, anche conosciuta come TSS, \\u00e8 una <b>malattia rara<\\/b> che si pu\\u00f2 verificare <b>utilizzando assorbenti interni di scarsa qualit\\u00e0<\\/b> o con additivi dannosi per le mucose interne.\",\"due\":\"Ricordati di <b>alternare<\\/b>, durante il ciclo, <b>l\\u2019utilizzo di assorbenti interni ed esterni<\\/b> e di <b>cambiare spesso il tuo assorbente interno<\\/b> e <b>utilizza tamponi in 100% cotone organico<\\/b> come i nostri.<br \\/>\"}}}}}', '2017-01-20 15:58:26', '2017-01-20 15:58:26', 'dd7bbba8-8e6c-4148-a327-3cf1722d0366'),
 ('57', '6', '5', '1', 'en', '5', '', '{\"typeId\":\"5\",\"authorId\":null,\"title\":\"About\",\"slug\":\"first\",\"postDate\":1484927872,\"expiryDate\":null,\"enabled\":1,\"parentId\":null,\"fields\":{\"18\":\"\"}}', '2017-01-20 15:58:36', '2017-01-20 15:58:36', '8407fe15-0a92-4bb5-8f79-9461b6bcac84'),
 ('58', '6', '5', '1', 'en', '6', '', '{\"typeId\":\"5\",\"authorId\":null,\"title\":\"About\",\"slug\":\"first\",\"postDate\":1484927872,\"expiryDate\":null,\"enabled\":1,\"parentId\":null,\"fields\":{\"18\":{\"new2\":{\"type\":\"doppia\",\"enabled\":\"1\",\"fields\":{\"uno\":\"<b>DOT<\\/b> is a line of innovative products, dedicated to feminine and hygienic world during the menstrual cycle. Thanks to their <b>100% Cotton<\\/b> formulation and to its special <b>Combimedica patent<\\/b>, they are not only <b>hypoallergenic<\\/b> but also <b>naturally antibacterial<\\/b>.\",\"due\":\"<b>DOT is available in the most common formats, these include<\\/b>: Pads with wings for the day, Pads with wings for the night, Pantyliners and Tampons. Every <b>DOT<\\/b> is available in different variants, depending to the desired absorbency degree. That\\u2019s because the aim of every product is to make you feel comfortable and safely protected.\"}},\"new3\":{\"type\":\"doppia\",\"enabled\":\"1\",\"fields\":{\"uno\":\"\",\"due\":\"\"}},\"new4\":{\"type\":\"doppia\",\"enabled\":\"1\",\"fields\":{\"uno\":\"\",\"due\":\"\"}},\"new5\":{\"type\":\"doppia\",\"enabled\":\"1\",\"fields\":{\"uno\":\"\",\"due\":\"\"}}}}}', '2017-01-20 17:01:41', '2017-01-20 17:01:41', '21581afa-31f7-4588-98d2-dd7514d207a3'),
 ('59', '6', '5', '1', 'en', '7', '', '{\"typeId\":\"5\",\"authorId\":null,\"title\":\"About\",\"slug\":\"first\",\"postDate\":1484927872,\"expiryDate\":null,\"enabled\":1,\"parentId\":null,\"fields\":{\"18\":{\"39\":{\"type\":\"doppia\",\"enabled\":\"1\",\"fields\":{\"uno\":\"<b>DOT<\\/b> is a line of innovative products, dedicated to feminine and hygienic world during the menstrual cycle. Thanks to their <b>100% Cotton<\\/b> formulation and to its special <b>Combimedica patent<\\/b>, they are not only <b>hypoallergenic<\\/b> but also <b>naturally antibacterial<\\/b>.\",\"due\":\"<b>DOT is available in the most common formats, these include<\\/b>: Pads with wings for the day, Pads with wings for the night, Pantyliners and Tampons. Every <b>DOT<\\/b> is available in different variants, depending to the desired absorbency degree. That\\u2019s because the aim of every product is to make you feel comfortable and safely protected.\"}},\"40\":{\"type\":\"doppia\",\"enabled\":\"1\",\"fields\":{\"uno\":\"We are trying to turn a complicated period of the month into something <b>less heavy<\\/b>. On average, Women spend <b>10 years<\\/b> having periods in their lifetime;\",\"due\":\"The average woman will use nearly <b>11\\u2019000 tampons<\\/b> over her lifetime; Women will experience about <b>450 periods<\\/b> over their lifetime. \"}},\"41\":{\"type\":\"doppia\",\"enabled\":\"1\",\"fields\":{\"uno\":\"\",\"due\":\"\"}},\"42\":{\"type\":\"doppia\",\"enabled\":\"1\",\"fields\":{\"uno\":\"\",\"due\":\"\"}}}}}', '2017-01-20 17:02:30', '2017-01-20 17:02:30', '4709bdd2-9471-42d9-9447-6bfb1044a739'),
 ('60', '6', '5', '1', 'en', '8', '', '{\"typeId\":\"5\",\"authorId\":null,\"title\":\"About\",\"slug\":\"first\",\"postDate\":1484927872,\"expiryDate\":null,\"enabled\":1,\"parentId\":null,\"fields\":{\"18\":{\"39\":{\"type\":\"doppia\",\"enabled\":\"1\",\"fields\":{\"uno\":\"<b>DOT<\\/b> is a line of innovative products, dedicated to feminine and hygienic world during the menstrual cycle. Thanks to their <b>100% Cotton<\\/b> formulation and to its special <b>Combimedica patent<\\/b>, they are not only <b>hypoallergenic<\\/b> but also <b>naturally antibacterial<\\/b>.\",\"due\":\"<b>DOT is available in the most common formats, these include<\\/b>: Pads with wings for the day, Pads with wings for the night, Pantyliners and Tampons. Every <b>DOT<\\/b> is available in different variants, depending to the desired absorbency degree. That\\u2019s because the aim of every product is to make you feel comfortable and safely protected.\"}},\"40\":{\"type\":\"doppia\",\"enabled\":\"1\",\"fields\":{\"uno\":\"We are trying to turn a complicated period of the month into something <b>less heavy<\\/b>. On average, Women spend <b>10 years<\\/b> having periods in their lifetime;\",\"due\":\"The average woman will use nearly <b>11\\u2019000 tampons<\\/b> over her lifetime; Women will experience about <b>450 periods<\\/b> over their lifetime. \"}},\"41\":{\"type\":\"doppia\",\"enabled\":\"1\",\"fields\":{\"uno\":\"Did you know that the use of <b>100% Organic Cotton Tampons <\\/b>, reduces the occurrence of TSS (Toxic Shock Syndrome) to <b>0%<\\/b>? \",\"due\":\"Producing our products with channelled system and in <b>100%<\\/b> cotton, we want to differentiate ourselves informing you and making you feel protected, in complete comfort.\"}},\"42\":{\"type\":\"doppia\",\"enabled\":\"1\",\"fields\":{\"uno\":\"The occurrence of the <b>Menstrual TSS Syndrome<\\/b> may occurr while using poor quality Tampons or Tampons with harmful additives for the internal mucous. \",\"due\":\"Remember preferably to alternate, during the Menstrual cycle, the use of Internal and external Pads and to frequently change your Tampons using <b>100% Organic Cotton Tampons<\\/b> like our <b>DOT<\\/b>.\"}}}}}', '2017-01-20 17:03:50', '2017-01-20 17:03:50', '347e3e66-fbae-469e-bf8a-d6727c2c2d3f'),
 ('61', '6', '5', '1', 'it', '16', '', '{\"typeId\":\"5\",\"authorId\":null,\"title\":\"About\",\"slug\":\"first\",\"postDate\":1484927872,\"expiryDate\":null,\"enabled\":1,\"parentId\":null,\"fields\":{\"18\":{\"32\":{\"type\":\"doppia\",\"enabled\":\"1\",\"fields\":{\"uno\":\"<b>DOT<\\/b> \\u00e8 una linea di <b>prodotti innovativi<\\/b>, dedicati al mondo dell\\u2019<b>igiene femminile<\\/b>, nel periodo del ciclo mestruale.<br \\/> Grazie alla loro formulazione in <b>100% cotone<\\/b> ed ad uno speciale <b>brevetto Combimedica<\\/b>, non solo sono <b>anallergici,<\\/b> ma anche <b>naturalmente antibatterici<\\/b>.\",\"due\":\"<b>DOT<\\/b> \\u00e8 disponibile nei pi\\u00f9 comuni formati: <b>Assorbenti con ali giorno e notte<\\/b>, <b>Salvaslip<\\/b> e <b>Tamponi interni<\\/b>.<br \\/>Diverse varianti, pensate in base <b>grado di assorbenza desiderato<\\/b>; perch\\u00e9 il nostro obiettivo \\u00e8 quello di farti sentire a tuo agio e protetta in modo sicuro e naturale.\"}},\"33\":{\"type\":\"doppia\",\"enabled\":\"1\",\"fields\":{\"uno\":\"Vogliamo rendere un periodo complicato del mese, un po\\u2019 meno pesante:<\\/br>in media una donna passa <b>10 anni<\\/b> della sua vita in compagnia del ciclo mestruale;\",\"due\":\"Si calcola che in un\\u2019intera vita, una donna, possa arrivare ad utilizzare all\\u2019incirca <b>11.000 tamponi<\\/b> e che <br>il numero di cicli che una donna sperimenta mediamente durante la vita ammonta a <b>450<\\/b>.\"}},\"34\":{\"type\":\"doppia\",\"enabled\":\"1\",\"fields\":{\"uno\":\"Lo sapevi che l\\u2019utilizzo di assorbenti interni in 100% cotone organico, <b>riduce l\\u2019insorgenza della TSS<\\/b> (Sindrome da shock tossico) <b>allo 0%<\\/b>?\",\"due\":\"Producendo i nostri prodotti con <b>filiera controllata e in 100% cotone<\\/b>, vogliamo differenziarci: informandoti facendoti per\\u00f2 sentire <b>protetta<\\/b> ed in <b>totale comfort<\\/b>.\"}},\"35\":{\"type\":\"doppia\",\"enabled\":\"1\",\"fields\":{\"uno\":\"La <b>sindrome da shock tossico<\\/b>, anche conosciuta come TSS, \\u00e8 una <b>malattia rara<\\/b> che si pu\\u00f2 verificare <b>utilizzando assorbenti interni di scarsa qualit\\u00e0<\\/b> o con additivi dannosi per le mucose interne.\",\"due\":\"Ricordati di <b>alternare<\\/b>, durante il ciclo, <b>l\\u2019utilizzo di assorbenti interni ed esterni<\\/b> e di <b>cambiare spesso il tuo assorbente interno<\\/b> e <b>utilizza tamponi in 100% cotone organico<\\/b> come i nostri.<br \\/>\"}}}}}', '2017-01-20 17:13:11', '2017-01-20 17:13:11', 'b5055746-aac0-45ef-b191-980999c32cc6'),
 ('62', '28', '9', '1', 'en', '1', '', '{\"typeId\":\"9\",\"authorId\":null,\"title\":\"Applicator Tampons\",\"slug\":\"applicator-tampon\",\"postDate\":1484918650,\"expiryDate\":null,\"enabled\":1,\"parentId\":null,\"fields\":{\"18\":{\"new1\":{\"type\":\"singola\",\"enabled\":\"1\",\"fields\":{\"uno\":\"<b>DOT Tampons<\\/b> in <b>100% organic cotton<\\/b> offer to you an handy and total protection thanks to the exclusive <b>hygienic and ergonomic applicator<\\/b> that allows an easy insertion.\"}},\"new2\":{\"type\":\"singola\",\"enabled\":\"1\",\"fields\":{\"uno\":\"<b>DOT Tampons<\\/b> contribute to your body wellness: it does not irritate, it respects your natural Ph and Vaginal flora. The <b>innovative small sized design<\\/b>, guarantees greater insertion simplicity, to offer you all the protection and that you <b>need<\\/b>.\"}},\"new3\":{\"type\":\"singola\",\"enabled\":\"1\",\"fields\":{\"uno\":\"An innovative line of products for the feminine hygiene, available in the <b>Soft, Regular<\\/b> and <b>Ultra<\\/b> variants, respectively for flows from light to medium, till those for more intense days. The use of the 100% Organic Cotton <b>reduces the occurence of the TSS* syndrome to 0%<\\/ b>.\"}}}}}', '2017-01-20 17:15:28', '2017-01-20 17:15:28', '96726bdc-d82e-4d07-bb2a-478cb65eb837'),
 ('63', '6', '5', '1', 'it', '17', '', '{\"typeId\":\"5\",\"authorId\":null,\"title\":\"About\",\"slug\":\"first\",\"postDate\":1484927872,\"expiryDate\":null,\"enabled\":1,\"parentId\":null,\"fields\":{\"18\":{\"32\":{\"type\":\"doppia\",\"enabled\":\"1\",\"fields\":{\"uno\":\"<b>DOT<\\/b> \\u00e8 una linea di <b>prodotti innovativi<\\/b>, dedicati al mondo dell\\u2019<b>igiene femminile<\\/b>, nel periodo del ciclo mestruale.<br \\/> Grazie alla loro formulazione in <b>100% cotone<\\/b> ed ad uno speciale <b>brevetto Combimedica<\\/b>, non solo sono <b>anallergici,<\\/b> ma anche <b>naturalmente antibatterici<\\/b>. \",\"due\":\"<b>DOT<\\/b> \\u00e8 disponibile nei pi\\u00f9 comuni formati: <b>Assorbenti con ali giorno e notte<\\/b>, <b>Salvaslip<\\/b> e <b>Tamponi interni<\\/b>.<br \\/>Diverse varianti, pensate in base <b>grado di assorbenza desiderato<\\/b>; perch\\u00e9 il nostro obiettivo \\u00e8 quello di farti sentire a tuo agio e protetta in modo sicuro e naturale.\"}},\"33\":{\"type\":\"doppia\",\"enabled\":\"1\",\"fields\":{\"uno\":\"Vogliamo rendere un periodo complicato del mese, un po\\u2019 meno pesante:<\\/br>in media una donna passa <b>10 anni<\\/b> della sua vita in compagnia del ciclo mestruale;\",\"due\":\"Si calcola che in un\\u2019intera vita, una donna, possa arrivare ad utilizzare all\\u2019incirca <b>11.000 tamponi<\\/b> e che <br>il numero di cicli che una donna sperimenta mediamente durante la vita ammonta a <b>450<\\/b>.\"}},\"34\":{\"type\":\"doppia\",\"enabled\":\"1\",\"fields\":{\"uno\":\"Lo sapevi che l\\u2019utilizzo di assorbenti interni in 100% cotone organico, <b>riduce l\\u2019insorgenza della TSS<\\/b> (Sindrome da shock tossico) <b>allo 0%<\\/b>?\",\"due\":\"Producendo i nostri prodotti con <b>filiera controllata e in 100% cotone<\\/b>, vogliamo differenziarci: informandoti facendoti per\\u00f2 sentire <b>protetta<\\/b> ed in <b>totale comfort<\\/b>.\"}},\"35\":{\"type\":\"doppia\",\"enabled\":\"1\",\"fields\":{\"uno\":\"La <b>sindrome da shock tossico<\\/b>, anche conosciuta come TSS, \\u00e8 una <b>malattia rara<\\/b> che si pu\\u00f2 verificare <b>utilizzando assorbenti interni di scarsa qualit\\u00e0<\\/b> o con additivi dannosi per le mucose interne.\",\"due\":\"Ricordati di <b>alternare<\\/b>, durante il ciclo, <b>l\\u2019utilizzo di assorbenti interni ed esterni<\\/b> e di <b>cambiare spesso il tuo assorbente interno<\\/b> e <b>utilizza tamponi in 100% cotone organico<\\/b> come i nostri.<br \\/>\"}}}}}', '2017-01-20 17:51:45', '2017-01-20 17:51:45', '4c53b9db-4fd2-4007-a6cc-f30d0e925865'),
 ('64', '6', '5', '1', 'it', '18', '', '{\"typeId\":\"5\",\"authorId\":null,\"title\":\"About\",\"slug\":\"first\",\"postDate\":1484927872,\"expiryDate\":null,\"enabled\":1,\"parentId\":null,\"fields\":{\"18\":{\"32\":{\"type\":\"doppia\",\"enabled\":\"1\",\"fields\":{\"uno\":\"<b>DOT<\\/b> \\u00e8 una linea di <b>prodotti innovativi<\\/b>, dedicati al mondo dell\\u2019<b>igiene femminile<\\/b>, nel periodo del ciclo mestruale.<br \\/> Grazie alla loro formulazione in <b>100% cotone<\\/b> ed ad uno speciale <b>brevetto Combimedica<\\/b>, non solo sono <b>anallergici,<\\/b> ma anche <b>naturalmente antibatterici<\\/b>.\",\"due\":\"<b>DOT<\\/b> \\u00e8 disponibile nei pi\\u00f9 comuni formati: <b>Assorbenti con ali giorno e notte<\\/b>, <b>Salvaslip<\\/b> e <b>Tamponi interni<\\/b>.<br \\/>Diverse varianti, pensate in base <b>grado di assorbenza desiderato<\\/b>; perch\\u00e9 il nostro obiettivo \\u00e8 quello di farti sentire a tuo agio e protetta in modo sicuro e naturale.\"}},\"33\":{\"type\":\"doppia\",\"enabled\":\"1\",\"fields\":{\"uno\":\"Vogliamo rendere un periodo complicato del mese, un po\\u2019 meno pesante:<\\/br>in media una donna passa <b>10 anni<\\/b> della sua vita in compagnia del ciclo mestruale;\",\"due\":\"Si calcola che in un\\u2019intera vita, una donna, possa arrivare ad utilizzare all\\u2019incirca <b>11.000 tamponi<\\/b> e che <br>il numero di cicli che una donna sperimenta mediamente durante la vita ammonta a <b>450<\\/b>.\"}},\"34\":{\"type\":\"doppia\",\"enabled\":\"1\",\"fields\":{\"uno\":\"Lo sapevi che l\\u2019utilizzo di assorbenti interni in 100% cotone organico, <b>riduce l\\u2019insorgenza della TSS<\\/b> (Sindrome da shock tossico) <b>allo 0%<\\/b>?\",\"due\":\"Producendo i nostri prodotti con <b>filiera controllata e in 100% cotone<\\/b>, vogliamo differenziarci: informandoti facendoti per\\u00f2 sentire <b>protetta<\\/b> ed in <b>totale comfort<\\/b>.\"}},\"35\":{\"type\":\"doppia\",\"enabled\":\"1\",\"fields\":{\"uno\":\"La <b>sindrome da shock tossico<\\/b>, anche conosciuta come TSS, \\u00e8 una <b>malattia rara<\\/b> che si pu\\u00f2 verificare <b>utilizzando assorbenti interni di scarsa qualit\\u00e0<\\/b> o con additivi dannosi per le mucose interne.\",\"due\":\"Ricordati di <b>alternare<\\/b>, durante il ciclo, <b>l\\u2019utilizzo di assorbenti interni ed esterni<\\/b> e di <b>cambiare spesso il tuo assorbente interno<\\/b> e <b>utilizza tamponi in 100% cotone organico<\\/b> come i nostri.<br \\/>\"}}}}}', '2017-01-20 17:51:46', '2017-01-20 17:51:46', 'eb0ee12d-689b-4aa2-b7b0-2aba8569d29c'),
 ('65', '6', '5', '1', 'it', '19', '', '{\"typeId\":\"5\",\"authorId\":null,\"title\":\"About\",\"slug\":\"first\",\"postDate\":1484927872,\"expiryDate\":null,\"enabled\":1,\"parentId\":null,\"fields\":{\"18\":{\"32\":{\"type\":\"doppia\",\"enabled\":\"1\",\"fields\":{\"uno\":\"<b>DOT<\\/b> \\u00e8 una linea di <b>prodotti innovativi<\\/b>, dedicati al mondo dell\\u2019<b>igiene femminile<\\/b>, nel periodo del ciclo mestruale.<br \\/> Grazie alla loro formulazione in <b>100% cotone<\\/b> ed ad uno speciale <b>brevetto Combimedica<\\/b>, non solo sono <b>anallergici,<\\/b> ma anche <b>naturalmente antibatterici<\\/b>.\",\"due\":\"<b>DOT<\\/b> \\u00e8 disponibile nei pi\\u00f9 comuni formati: <b>Assorbenti con ali giorno e notte<\\/b>, <b>Salvaslip<\\/b> e <b>Tamponi interni<\\/b>.<br \\/>Diverse varianti, pensate in base <b>grado di assorbenza desiderato<\\/b>; perch\\u00e9 il nostro obiettivo \\u00e8 quello di farti sentire a tuo agio e protetta in modo sicuro e naturale. \"}},\"33\":{\"type\":\"doppia\",\"enabled\":\"1\",\"fields\":{\"uno\":\"Vogliamo rendere un periodo complicato del mese, un po\\u2019 meno pesante:<\\/br>in media una donna passa <b>10 anni<\\/b> della sua vita in compagnia del ciclo mestruale;\",\"due\":\"Si calcola che in un\\u2019intera vita, una donna, possa arrivare ad utilizzare all\\u2019incirca <b>11.000 tamponi<\\/b> e che <br>il numero di cicli che una donna sperimenta mediamente durante la vita ammonta a <b>450<\\/b>.\"}},\"34\":{\"type\":\"doppia\",\"enabled\":\"1\",\"fields\":{\"uno\":\"Lo sapevi che l\\u2019utilizzo di assorbenti interni in 100% cotone organico, <b>riduce l\\u2019insorgenza della TSS<\\/b> (Sindrome da shock tossico) <b>allo 0%<\\/b>?\",\"due\":\"Producendo i nostri prodotti con <b>filiera controllata e in 100% cotone<\\/b>, vogliamo differenziarci: informandoti facendoti per\\u00f2 sentire <b>protetta<\\/b> ed in <b>totale comfort<\\/b>.\"}},\"35\":{\"type\":\"doppia\",\"enabled\":\"1\",\"fields\":{\"uno\":\"La <b>sindrome da shock tossico<\\/b>, anche conosciuta come TSS, \\u00e8 una <b>malattia rara<\\/b> che si pu\\u00f2 verificare <b>utilizzando assorbenti interni di scarsa qualit\\u00e0<\\/b> o con additivi dannosi per le mucose interne.\",\"due\":\"Ricordati di <b>alternare<\\/b>, durante il ciclo, <b>l\\u2019utilizzo di assorbenti interni ed esterni<\\/b> e di <b>cambiare spesso il tuo assorbente interno<\\/b> e <b>utilizza tamponi in 100% cotone organico<\\/b> come i nostri.<br \\/>\"}}}}}', '2017-01-20 17:52:05', '2017-01-20 17:52:05', '5e9f2584-6586-4943-bc60-8a6673abde20'),
 ('66', '6', '5', '1', 'it', '20', '', '{\"typeId\":\"5\",\"authorId\":null,\"title\":\"About\",\"slug\":\"first\",\"postDate\":1484927872,\"expiryDate\":null,\"enabled\":1,\"parentId\":null,\"fields\":{\"18\":{\"32\":{\"type\":\"doppia\",\"enabled\":\"1\",\"fields\":{\"uno\":\"<b>DOT<\\/b> \\u00e8 una linea di <b>prodotti innovativi<\\/b>, dedicati al mondo dell\\u2019<b>igiene femminile<\\/b>, nel periodo del ciclo mestruale.<br \\/> Grazie alla loro formulazione in <b>100% cotone<\\/b> ed ad uno speciale <b>brevetto Combimedica<\\/b>, non solo sono <b>anallergici,<\\/b> ma anche <b>naturalmente antibatterici<\\/b>.\",\"due\":\"<b>DOT<\\/b> \\u00e8 disponibile nei pi\\u00f9 comuni formati: <b>Assorbenti con ali giorno e notte<\\/b>, <b>Salvaslip<\\/b> e <b>Tamponi interni<\\/b>.<br \\/>Diverse varianti, pensate in base <b>grado di assorbenza desiderato<\\/b>; perch\\u00e9 il nostro obiettivo \\u00e8 quello di farti sentire a tuo agio e protetta in modo sicuro e naturale.\"}},\"33\":{\"type\":\"doppia\",\"enabled\":\"1\",\"fields\":{\"uno\":\"Vogliamo rendere un periodo complicato del mese, un po\\u2019 meno pesante:<\\/br>in media una donna passa <b>10 anni<\\/b> della sua vita in compagnia del ciclo mestruale;\",\"due\":\"Si calcola che in un\\u2019intera vita, una donna, possa arrivare ad utilizzare all\\u2019incirca <b>11.000 tamponi<\\/b> e che <br>il numero di cicli che una donna sperimenta mediamente durante la vita ammonta a <b>450<\\/b>.\"}},\"34\":{\"type\":\"doppia\",\"enabled\":\"1\",\"fields\":{\"uno\":\"Lo sapevi che l\\u2019utilizzo di assorbenti interni in 100% cotone organico, <b>riduce l\\u2019insorgenza della TSS<\\/b> (Sindrome da shock tossico) <b>allo 0%<\\/b>?\",\"due\":\"Producendo i nostri prodotti con <b>filiera controllata e in 100% cotone<\\/b>, vogliamo differenziarci: informandoti facendoti per\\u00f2 sentire <b>protetta<\\/b> ed in <b>totale comfort<\\/b>.\"}},\"35\":{\"type\":\"doppia\",\"enabled\":\"1\",\"fields\":{\"uno\":\"La <b>sindrome da shock tossico<\\/b>, anche conosciuta come TSS, \\u00e8 una <b>malattia rara<\\/b> che si pu\\u00f2 verificare <b>utilizzando assorbenti interni di scarsa qualit\\u00e0<\\/b> o con additivi dannosi per le mucose interne.\",\"due\":\"Ricordati di <b>alternare<\\/b>, durante il ciclo, <b>l\\u2019utilizzo di assorbenti interni ed esterni<\\/b> e di <b>cambiare spesso il tuo assorbente interno<\\/b> e <b>utilizza tamponi in 100% cotone organico<\\/b> come i nostri.<br \\/>\"}}}}}', '2017-01-20 17:52:25', '2017-01-20 17:52:25', '58e71700-e5c4-4f1d-9839-ae8daf75773b'),
 ('67', '6', '5', '1', 'it', '21', '', '{\"typeId\":\"5\",\"authorId\":null,\"title\":\"About\",\"slug\":\"first\",\"postDate\":1484927872,\"expiryDate\":null,\"enabled\":1,\"parentId\":null,\"fields\":{\"18\":{\"32\":{\"type\":\"doppia\",\"enabled\":\"1\",\"fields\":{\"uno\":\"<b>DOT<\\/b> \\u00e8 una linea di <b>prodotti innovativi<\\/b>, dedicati al mondo dell\\u2019<b>igiene femminile<\\/b>, nel periodo del ciclo mestruale.<br \\/> Grazie alla loro formulazione in <b>100% cotone<\\/b> ed ad uno speciale <b>brevetto Combimedica<\\/b>, non solo sono <b>anallergici,<\\/b> ma anche <b>naturalmente antibatterici<\\/b>.\",\"due\":\"<b>DOT<\\/b> \\u00e8 disponibile nei pi\\u00f9 comuni formati: <b>Assorbenti con ali giorno e notte<\\/b>, <b>Salvaslip<\\/b> e <b>Tamponi interni<\\/b>.<br \\/>Diverse varianti, pensate in base <b>grado di assorbenza desiderato<\\/b>; perch\\u00e9 il nostro obiettivo \\u00e8 quello di farti sentire a tuo agio e protetta in modo sicuro e naturale.\"}},\"33\":{\"type\":\"doppia\",\"enabled\":\"1\",\"fields\":{\"uno\":\"Vogliamo rendere un periodo complicato del mese, un po\\u2019 meno pesante:<\\/br>in media una donna passa <b>10 anni<\\/b> della sua vita in compagnia del ciclo mestruale;\",\"due\":\"Si calcola che in un\\u2019intera vita, una donna, possa arrivare ad utilizzare all\\u2019incirca <b>11.000 tamponi<\\/b> e che <br>il numero di cicli che una donna sperimenta mediamente durante la vita ammonta a <b>450<\\/b>.\"}},\"34\":{\"type\":\"doppia\",\"enabled\":\"1\",\"fields\":{\"uno\":\"Lo sapevi che l\\u2019utilizzo di assorbenti interni in 100% cotone organico, <b>riduce l\\u2019insorgenza della TSS<\\/b> (Sindrome da shock tossico) <b>allo 0%<\\/b>?\",\"due\":\"Producendo i nostri prodotti con <b>filiera controllata e in 100% cotone<\\/b>, vogliamo differenziarci: informandoti facendoti per\\u00f2 sentire <b>protetta<\\/b> ed in <b>totale comfort<\\/b>.\"}},\"35\":{\"type\":\"doppia\",\"enabled\":\"1\",\"fields\":{\"uno\":\"La <b>sindrome da shock tossico<\\/b>, anche conosciuta come TSS, \\u00e8 una <b>malattia rara<\\/b> che si pu\\u00f2 verificare <b>utilizzando assorbenti interni di scarsa qualit\\u00e0<\\/b> o con additivi dannosi per le mucose interne.\",\"due\":\"Ricordati di <b>alternare<\\/b>, durante il ciclo, <b>l\\u2019utilizzo di assorbenti interni ed esterni<\\/b> e di <b>cambiare spesso il tuo assorbente interno<\\/b> e <b>utilizza tamponi in 100% cotone organico<\\/b> come i nostri.<br \\/>\"}}},\"26\":\"yesss\"}}', '2017-01-20 17:59:56', '2017-01-20 17:59:56', '3e43dcf4-d815-4bdd-802e-461e5380ccde'),
 ('68', '6', '5', '1', 'en', '9', '', '{\"typeId\":\"5\",\"authorId\":null,\"title\":\"About\",\"slug\":\"first\",\"postDate\":1484927872,\"expiryDate\":null,\"enabled\":1,\"parentId\":null,\"fields\":{\"18\":{\"32\":{\"type\":\"doppia\",\"enabled\":\"1\",\"fields\":{\"uno\":\"<b>DOT<\\/b> \\u00e8 una linea di <b>prodotti innovativi<\\/b>, dedicati al mondo dell\\u2019<b>igiene femminile<\\/b>, nel periodo del ciclo mestruale.<br \\/> Grazie alla loro formulazione in <b>100% cotone<\\/b> ed ad uno speciale <b>brevetto Combimedica<\\/b>, non solo sono <b>anallergici,<\\/b> ma anche <b>naturalmente antibatterici<\\/b>.\",\"due\":\"<b>DOT<\\/b> \\u00e8 disponibile nei pi\\u00f9 comuni formati: <b>Assorbenti con ali giorno e notte<\\/b>, <b>Salvaslip<\\/b> e <b>Tamponi interni<\\/b>.<br \\/>Diverse varianti, pensate in base <b>grado di assorbenza desiderato<\\/b>; perch\\u00e9 il nostro obiettivo \\u00e8 quello di farti sentire a tuo agio e protetta in modo sicuro e naturale.\"}},\"33\":{\"type\":\"doppia\",\"enabled\":\"1\",\"fields\":{\"uno\":\"Vogliamo rendere un periodo complicato del mese, un po\\u2019 meno pesante:<\\/br>in media una donna passa <b>10 anni<\\/b> della sua vita in compagnia del ciclo mestruale;\",\"due\":\"Si calcola che in un\\u2019intera vita, una donna, possa arrivare ad utilizzare all\\u2019incirca <b>11.000 tamponi<\\/b> e che <br>il numero di cicli che una donna sperimenta mediamente durante la vita ammonta a <b>450<\\/b>.\"}},\"34\":{\"type\":\"doppia\",\"enabled\":\"1\",\"fields\":{\"uno\":\"Lo sapevi che l\\u2019utilizzo di assorbenti interni in 100% cotone organico, <b>riduce l\\u2019insorgenza della TSS<\\/b> (Sindrome da shock tossico) <b>allo 0%<\\/b>?\",\"due\":\"Producendo i nostri prodotti con <b>filiera controllata e in 100% cotone<\\/b>, vogliamo differenziarci: informandoti facendoti per\\u00f2 sentire <b>protetta<\\/b> ed in <b>totale comfort<\\/b>.\"}},\"35\":{\"type\":\"doppia\",\"enabled\":\"1\",\"fields\":{\"uno\":\"La <b>sindrome da shock tossico<\\/b>, anche conosciuta come TSS, \\u00e8 una <b>malattia rara<\\/b> che si pu\\u00f2 verificare <b>utilizzando assorbenti interni di scarsa qualit\\u00e0<\\/b> o con additivi dannosi per le mucose interne.\",\"due\":\"Ricordati di <b>alternare<\\/b>, durante il ciclo, <b>l\\u2019utilizzo di assorbenti interni ed esterni<\\/b> e di <b>cambiare spesso il tuo assorbente interno<\\/b> e <b>utilizza tamponi in 100% cotone organico<\\/b> come i nostri.<br \\/>\"}}},\"26\":\"inglese\"}}', '2017-01-20 18:00:07', '2017-01-20 18:00:07', '819eea98-956e-457e-9ac1-5e5c8e59b0f1'),
 ('69', '17', '7', '1', 'it', '8', '', '{\"typeId\":\"7\",\"authorId\":null,\"title\":\"Hygenic Pad\",\"slug\":\"esterno\",\"postDate\":1484906709,\"expiryDate\":null,\"enabled\":1,\"parentId\":null,\"fields\":{\"18\":{\"20\":{\"type\":\"singola\",\"enabled\":\"1\",\"fields\":{\"uno\":\"Una linea unica di <b>assorbenti esterni con ali<\\/b> in <b>100% cotone organico<\\/b>, che garantisce comfort e protezione.<br \\/>                             I modelli <b>DOT<\\/b> con ali sia per il <b>giorno<\\/b> che per la <b>notte<\\/b>, si adattano alle diverse esigenze di flusso rispettando il tuo corpo naturalmente.\"}},\"22\":{\"type\":\"singola\",\"enabled\":\"1\",\"fields\":{\"uno\":\"<b>DOT<\\/b> esterno con ali ergonomico, \\u00e8 dotato di barriera Odour-block e di un esclusivo <b>Top-sheet antibatterico brevettato<\\/b>; previene l\\u2019insorgenza delle pi\\u00f9 comuni infezioni batteriche grazie alla composizione <b>naturale e brevettata<\\/b>.\"}},\"23\":{\"type\":\"singola\",\"enabled\":\"1\",\"fields\":{\"uno\":\"Disponibile nelle varianti <b>Regular<\\/b> e <b>Super<\\/b>, rispettivamente per flussi normali e flussi intensi come quelli della notte.<br \\/> Il design con ali garantisce una maggiore protezione per tutto il giorno, cos\\u00ec potrai <b>sentirti pi\\u00f9 sicura e a tuo agio<\\/b> sempre.\"}}},\"26\":\"prova\"}}', '2017-01-20 18:05:27', '2017-01-20 18:05:27', 'f641a15c-55bf-44b8-858c-66c3f024f98f'),
 ('70', '17', '7', '1', 'en', '1', '', '{\"typeId\":\"7\",\"authorId\":null,\"title\":\"Hygenic Pad\",\"slug\":\"esterno\",\"postDate\":1484906709,\"expiryDate\":null,\"enabled\":1,\"parentId\":null,\"fields\":{\"18\":{\"20\":{\"type\":\"singola\",\"enabled\":\"1\",\"fields\":{\"uno\":\"Una linea unica di <b>assorbenti esterni con ali<\\/b> in <b>100% cotone organico<\\/b>, che garantisce comfort e protezione.<br \\/>                             I modelli <b>DOT<\\/b> con ali sia per il <b>giorno<\\/b> che per la <b>notte<\\/b>, si adattano alle diverse esigenze di flusso rispettando il tuo corpo naturalmente.\"}},\"22\":{\"type\":\"singola\",\"enabled\":\"1\",\"fields\":{\"uno\":\"<b>DOT<\\/b> esterno con ali ergonomico, \\u00e8 dotato di barriera Odour-block e di un esclusivo <b>Top-sheet antibatterico brevettato<\\/b>; previene l\\u2019insorgenza delle pi\\u00f9 comuni infezioni batteriche grazie alla composizione <b>naturale e brevettata<\\/b>.\"}},\"23\":{\"type\":\"singola\",\"enabled\":\"1\",\"fields\":{\"uno\":\"Disponibile nelle varianti <b>Regular<\\/b> e <b>Super<\\/b>, rispettivamente per flussi normali e flussi intensi come quelli della notte.<br \\/> Il design con ali garantisce una maggiore protezione per tutto il giorno, cos\\u00ec potrai <b>sentirti pi\\u00f9 sicura e a tuo agio<\\/b> sempre.\"}}},\"26\":\"test\"}}', '2017-01-20 18:06:55', '2017-01-20 18:06:55', 'bdf255b6-8037-4450-a576-d7483d8c8120'),
 ('71', '6', '5', '1', 'en', '10', '', '{\"typeId\":\"5\",\"authorId\":null,\"title\":\"About\",\"slug\":\"first\",\"postDate\":1484935746,\"expiryDate\":null,\"enabled\":1,\"parentId\":null,\"fields\":{\"18\":{\"32\":{\"type\":\"doppia\",\"enabled\":\"1\",\"fields\":{\"uno\":\"<b>DOT<\\/b> is a line of innovative products, dedicated to feminine and hygienic world during the menstrual cycle. Thanks to their <b>100% Cotton<\\/b> formulation and to its special <b>Combimedica patent<\\/b>, they are not only <b>hypoallergenic<\\/b> but also <b>naturally antibacterial<\\/b>\",\"due\":\"<b>DOT is available in the most common formats, these include<\\/b>: Pads with wings for the day, Pads with wings for the night, Pantyliners and Tampons. Every <b>DOT<\\/b> is available in different variants, depending to the desired absorbency degree. That\\u2019s because the aim of every product is to make you feel comfortable and safely protected.\"}},\"33\":{\"type\":\"doppia\",\"enabled\":\"1\",\"fields\":{\"uno\":\"Vogliamo rendere un periodo complicato del mese, un po\\u2019 meno pesante:<\\/br>in media una donna passa <b>10 anni<\\/b> della sua vita in compagnia del ciclo mestruale;\",\"due\":\"Si calcola che in un\\u2019intera vita, una donna, possa arrivare ad utilizzare all\\u2019incirca <b>11.000 tamponi<\\/b> e che <br>il numero di cicli che una donna sperimenta mediamente durante la vita ammonta a <b>450<\\/b>.\"}},\"34\":{\"type\":\"doppia\",\"enabled\":\"1\",\"fields\":{\"uno\":\"Lo sapevi che l\\u2019utilizzo di assorbenti interni in 100% cotone organico, <b>riduce l\\u2019insorgenza della TSS<\\/b> (Sindrome da shock tossico) <b>allo 0%<\\/b>?\",\"due\":\"Producendo i nostri prodotti con <b>filiera controllata e in 100% cotone<\\/b>, vogliamo differenziarci: informandoti facendoti per\\u00f2 sentire <b>protetta<\\/b> ed in <b>totale comfort<\\/b>.\"}},\"35\":{\"type\":\"doppia\",\"enabled\":\"1\",\"fields\":{\"uno\":\"La <b>sindrome da shock tossico<\\/b>, anche conosciuta come TSS, \\u00e8 una <b>malattia rara<\\/b> che si pu\\u00f2 verificare <b>utilizzando assorbenti interni di scarsa qualit\\u00e0<\\/b> o con additivi dannosi per le mucose interne.\",\"due\":\"Ricordati di <b>alternare<\\/b>, durante il ciclo, <b>l\\u2019utilizzo di assorbenti interni ed esterni<\\/b> e di <b>cambiare spesso il tuo assorbente interno<\\/b> e <b>utilizza tamponi in 100% cotone organico<\\/b> come i nostri.<br \\/>\"}}}}}', '2017-01-20 18:11:56', '2017-01-20 18:11:56', 'fd5558a2-dffe-45fe-ace5-dcdef7f2a1ad'),
 ('72', '6', '5', '1', 'en', '11', '', '{\"typeId\":\"5\",\"authorId\":null,\"title\":\"About\",\"slug\":\"first\",\"postDate\":1484935746,\"expiryDate\":null,\"enabled\":1,\"parentId\":null,\"fields\":{\"18\":{\"32\":{\"type\":\"doppia\",\"enabled\":\"1\",\"fields\":{\"uno\":\"<b>DOT<\\/b> is a line of innovative products, dedicated to feminine and hygienic world during the menstrual cycle. Thanks to their <b>100% Cotton<\\/b> formulation and to its special <b>Combimedica patent<\\/b>, they are not only <b>hypoallergenic<\\/b> but also <b>naturally antibacterial<\\/b>\",\"due\":\"<b>DOT is available in the most common formats, these include<\\/b>: Pads with wings for the day, Pads with wings for the night, Pantyliners and Tampons. Every <b>DOT<\\/b> is available in different variants, depending to the desired absorbency degree. That\\u2019s because the aim of every product is to make you feel comfortable and safely protected.\"}},\"33\":{\"type\":\"doppia\",\"enabled\":\"1\",\"fields\":{\"uno\":\"We are trying to turn a complicated period of the month into something <b>less heavy<\\/b>. On average, Women spend <b>10 years<\\/b> having periods in their lifetime;\",\"due\":\"The average woman will use nearly <b>11\\u2019000 tampons<\\/b> over her lifetime; Women will experience about <b>450 periods<\\/b> over their lifetime. \"}},\"34\":{\"type\":\"doppia\",\"enabled\":\"1\",\"fields\":{\"uno\":\"Did you know that the use of <b>100% Organic Cotton Tampons <\\/b>, reduces the occurrence of TSS (Toxic Shock Syndrome) to <b>0%<\\/b>? \",\"due\":\"Producing our products with channelled system and in <b>100%<\\/b> cotton, we want to differentiate ourselves informing you and making you feel protected, in complete comfort.\"}},\"35\":{\"type\":\"doppia\",\"enabled\":\"1\",\"fields\":{\"uno\":\"The occurrence of the <b>Menstrual TSS Syndrome<\\/b> may occurr while using poor quality Tampons or Tampons with harmful additives for the internal mucous. \",\"due\":\"Remember preferably to alternate, during the Menstrual cycle, the use of Internal and external Pads and to frequently change your Tampons using <b>100% Organic Cotton Tampons<\\/b> like our <b>DOT<\\/b>.\"}}}}}', '2017-01-20 18:38:46', '2017-01-20 18:38:46', '2d08befd-ee02-44c3-97af-0db006929ff2'),
 ('73', '6', '5', '1', 'en', '12', '', '{\"typeId\":\"5\",\"authorId\":null,\"title\":\"About\",\"slug\":\"first\",\"postDate\":1484935746,\"expiryDate\":null,\"enabled\":1,\"parentId\":null,\"fields\":{\"18\":{\"32\":{\"type\":\"doppia\",\"enabled\":\"1\",\"fields\":{\"uno\":\"<b>DOT<\\/b> is a line of innovative products, dedicated to feminine and hygienic world during the menstrual cycle. Thanks to their <b>100% Cotton<\\/b> formulation and to its special <b>Combimedica patent<\\/b>, they are not only <b>hypoallergenic<\\/b> but also <b>naturally antibacterial<\\/b>\",\"due\":\"<b>DOT is available in the most common formats, these include<\\/b>: Pads with wings for the day, Pads with wings for the night, Pantyliners and Tampons. Every <b>DOT<\\/b> is available in different variants, depending to the desired absorbency degree. That\\u2019s because the aim of every product is to make you feel comfortable and safely protected.\"}},\"33\":{\"type\":\"doppia\",\"enabled\":\"1\",\"fields\":{\"uno\":\"We are trying to turn a complicated period of the month into something <b>less heavy<\\/b>. On average, Women spend <b>10 years<\\/b> having periods in their lifetime;\",\"due\":\"The average woman will use nearly <b>11\\u2019000 tampons<\\/b> over her lifetime; Women will experience about <b>450 periods<\\/b> over their lifetime. \"}},\"34\":{\"type\":\"doppia\",\"enabled\":\"1\",\"fields\":{\"uno\":\"Did you know that the use of <b>100% Organic Cotton Tampons <\\/b>, reduces the occurrence of TSS (Toxic Shock Syndrome) to <b>0%<\\/b>? \",\"due\":\"Producing our products with channelled system and in <b>100%<\\/b> cotton, we want to differentiate ourselves informing you and making you feel protected, in complete comfort.\"}},\"35\":{\"type\":\"doppia\",\"enabled\":\"1\",\"fields\":{\"uno\":\"The occurrence of the <b>Menstrual TSS Syndrome<\\/b> may occurr while using poor quality Tampons or Tampons with harmful additives for the internal mucous. \",\"due\":\"Remember preferably to alternate, during the Menstrual cycle, the use of Internal and external Pads and to frequently change your Tampons using <b>100% Organic Cotton Tampons<\\/b> like our <b>DOT<\\/b>.\"}}}}}', '2017-01-20 18:55:21', '2017-01-20 18:55:21', '12f3f28d-18ba-4f0c-96d3-ba2001ee15fe'),
 ('74', '17', '7', '1', 'it', '9', '', '{\"typeId\":\"7\",\"authorId\":null,\"title\":\"Hygenic Pad\",\"slug\":\"esterno\",\"postDate\":1484937274,\"expiryDate\":null,\"enabled\":1,\"parentId\":null,\"fields\":{\"18\":{\"20\":{\"type\":\"singola\",\"enabled\":\"1\",\"fields\":{\"uno\":\"Una linea unica di <b>assorbenti esterni con ali<\\/b> in <b>100% cotone<\\/b>, che garantisce comfort e protezione.<br \\/>                             I modelli <b>DOT<\\/b> con ali sia per il <b>giorno<\\/b> che per la <b>notte<\\/b>, si adattano alle diverse esigenze di flusso rispettando il tuo corpo naturalmente.\"}},\"22\":{\"type\":\"singola\",\"enabled\":\"1\",\"fields\":{\"uno\":\"<b>DOT<\\/b> esterno con ali ergonomico, \\u00e8 dotato di barriera Odour-block e di un esclusivo <b>Top-sheet antibatterico brevettato<\\/b>; previene l\\u2019insorgenza delle pi\\u00f9 comuni infezioni batteriche grazie alla composizione <b>naturale e brevettata<\\/b>.\"}},\"23\":{\"type\":\"singola\",\"enabled\":\"1\",\"fields\":{\"uno\":\"Disponibile nelle varianti <b>Regular<\\/b> e <b>Super<\\/b>, rispettivamente per flussi normali e flussi intensi come quelli della notte.<br \\/> Il design con ali garantisce una maggiore protezione per tutto il giorno, cos\\u00ec potrai <b>sentirti pi\\u00f9 sicura e a tuo agio<\\/b> sempre.\"}}}}}', '2017-01-23 10:22:17', '2017-01-23 10:22:17', 'dd9fa97e-cb6a-4aac-a796-5d50f0c4ee08'),
 ('75', '17', '7', '1', 'en', '2', '', '{\"typeId\":\"7\",\"authorId\":null,\"title\":\"Hygenic Pad\",\"slug\":\"esterno\",\"postDate\":1484937274,\"expiryDate\":null,\"enabled\":1,\"parentId\":null,\"fields\":{\"18\":{\"51\":{\"type\":\"singola\",\"enabled\":\"1\",\"fields\":{\"uno\":\"A unique line of Pads with wings made in <b>100% cotton<\\/b> that guarantees comfort and protection. <b>DOT\\u2019s<\\/b> models with wings whether for the day or the night, are adaptable to different flows needs, taking care of your body <b>naturally<\\/b>.\"}},\"52\":{\"type\":\"singola\",\"enabled\":\"1\",\"fields\":{\"uno\":\"<b>DOT<\\/b> is an unique pad of its kind. <b>Ergonomically<\\/b> designed with the <b>Odour-block barrier<\\/b> and the exclusive patented <b>antibacterial Top-sheet<\\/b>, it prevents the occurrence of the most common bacterial infections thanks to the natural and patented composition. \"}},\"53\":{\"type\":\"singola\",\"enabled\":\"1\",\"fields\":{\"uno\":\"An innovative line of products for the <b>feminine hygiene<\\/b>, available in the <b>Regular<\\/b> and <b>Ultra<\\/b> variants, respectively for a normal and intense flows like those at night. The <b>revolutionary design<\\/b> with wings guarantees greater protection, so you can stay confident at any time.\"}}}}}', '2017-01-23 14:02:28', '2017-01-23 14:02:28', 'd4fae9a1-19ec-4312-a706-98fff6da8f73'),
 ('76', '17', '7', '1', 'it', '10', '', '{\"typeId\":\"7\",\"authorId\":null,\"title\":\"Hygenic Pad\",\"slug\":\"esterno\",\"postDate\":1484937274,\"expiryDate\":null,\"enabled\":1,\"parentId\":null,\"fields\":{\"18\":{\"20\":{\"type\":\"singola\",\"enabled\":\"1\",\"fields\":{\"uno\":\"Una linea unica di <b>assorbenti esterni con ali<\\/b> in <b>100% cotone<\\/b>, che garantisce comfort e protezione.<br \\/>I modelli <b>DOT<\\/b> con ali sia per il <b>giorno<\\/b> che per la <b>notte<\\/b>, si adattano alle diverse esigenze di flusso rispettando il tuo corpo naturalmente.\"}},\"22\":{\"type\":\"singola\",\"enabled\":\"1\",\"fields\":{\"uno\":\"<b>DOT<\\/b> esterno con ali ergonomico, \\u00e8 dotato di barriera Odour-block e di un esclusivo <b>Top-sheet antibatterico brevettato<\\/b>; previene l\\u2019insorgenza delle pi\\u00f9 comuni infezioni batteriche grazie alla composizione <b>naturale e brevettata<\\/b>.\"}},\"23\":{\"type\":\"singola\",\"enabled\":\"1\",\"fields\":{\"uno\":\"Disponibile nelle varianti <b>Regular<\\/b> e <b>Super<\\/b>, rispettivamente per flussi normali e flussi intensi come quelli della notte.<br \\/> Il design con ali garantisce una maggiore protezione per tutto il giorno, cos\\u00ec potrai <b>sentirti pi\\u00f9 sicura e a tuo agio<\\/b> sempre.\"}}}}}', '2017-01-23 14:02:43', '2017-01-23 14:02:43', 'bcebeca2-0b5d-4a59-9a79-c2a57b145fc1'),
 ('77', '24', '8', '1', 'it', '3', '', '{\"typeId\":\"8\",\"authorId\":null,\"title\":\"Panty Liner\",\"slug\":\"panty-liner\",\"postDate\":1484937279,\"expiryDate\":null,\"enabled\":1,\"parentId\":null,\"fields\":{\"18\":{\"25\":{\"type\":\"singola\",\"enabled\":\"1\",\"fields\":{\"uno\":\"<b>DOT Pantyliners in 100% cotton<\\/b> offer you all the protection and the comfort that you need. Their <b>transpiring formula<\\/b> gently takes care of your skin, making you feel better everyday, all day long.\"}},\"26\":{\"type\":\"singola\",\"enabled\":\"1\",\"fields\":{\"uno\":\"<b>DOT<\\/b> Pantyliners are <b>totally transpirant<\\/b>; they\\u2019re able to give you a pleasant sense of dry skin and freshness guaranteeing an <b>high comfort<\\/b> even after a long period.\"}},\"27\":{\"type\":\"singola\",\"enabled\":\"1\",\"fields\":{\"uno\":\"An innovative line of products for the feminine hygiene, available in the <b>Soft<\\/b> variant. An <b>extra-protection<\\/b> to feel more comfortable with yourself and with anyone else.\"}}}}}', '2017-01-23 14:04:56', '2017-01-23 14:04:56', '75dccde4-4de8-493f-b545-da491640ea1d'),
 ('78', '24', '8', '1', 'it', '4', 'Versione ripristinata 2.', '{\"typeId\":null,\"authorId\":null,\"title\":\"Panty Liner\",\"slug\":\"panty-liner\",\"postDate\":1484907174,\"expiryDate\":null,\"enabled\":1,\"parentId\":null,\"fields\":{\"18\":{\"new1\":{\"type\":\"singola\",\"enabled\":\"1\",\"fields\":{\"uno\":\"<b>DOT<\\/b> proteggi slip in <b>100% cotone<\\/b> ti offre tutta la protezione e il comfort che cerchi.<br \\/>La sua <b>formula traspirante<\\/b> si prende cura delicatamente della tua pelle, facendoti sentire al meglio tutto il giorno, ogni giorno.\"}},\"new2\":{\"type\":\"singola\",\"enabled\":\"1\",\"fields\":{\"uno\":\"Il salvaslip <b>DOT<\\/b> sono traspiranti e donano una sensazione di <b>freschezza<\\/b> e <b>asciutto<\\/b> garantendo un <b>elevato comfort<\\/b> anche dopo un lungo periodo.<br \\/>\"}},\"new3\":{\"type\":\"singola\",\"enabled\":\"1\",\"fields\":{\"uno\":\"Un\\u2019innovativa linea di prodotti per l\\u2019igiene femminile, disponibile nella variante <b>Soft<\\/b>.<br \\/>Un\\u2019 <b>extra-protezione<\\/b> per sentirti pi\\u00f9 <b>sicura<\\/b> con te stessa ed in mezzo agli altri.\"}}}}}', '2017-01-23 14:05:10', '2017-01-23 14:05:10', '45f7361a-bb68-470e-b6c4-f67ccbf0a439'),
 ('79', '24', '8', '1', 'en', '1', '', '{\"typeId\":\"8\",\"authorId\":null,\"title\":\"Panty Liner\",\"slug\":\"panty-liner\",\"postDate\":1484937279,\"expiryDate\":null,\"enabled\":1,\"parentId\":null,\"fields\":{\"18\":{\"new1\":{\"type\":\"singola\",\"enabled\":\"1\",\"fields\":{\"uno\":\"<b>DOT Pantyliners in 100% cotton<\\/b> offer you all the protection and the comfort that you need. Their <b>transpiring formula<\\/b> gently takes care of your skin, making you feel better everyday, all day long.\"}},\"new2\":{\"type\":\"singola\",\"enabled\":\"1\",\"fields\":{\"uno\":\"<b>DOT<\\/b> Pantyliners are <b>totally transpirant<\\/b>; they\\u2019re able to give you a pleasant sense of dry skin and freshness guaranteeing an <b>high comfort<\\/b> even after a long period.\"}},\"new3\":{\"type\":\"singola\",\"enabled\":\"1\",\"fields\":{\"uno\":\"An innovative line of products for the feminine hygiene, available in the <b>Soft<\\/b> variant. An <b>extra-protection<\\/b> to feel more comfortable with yourself and with anyone else.\"}}}}}', '2017-01-23 14:05:33', '2017-01-23 14:05:33', '4cb671ac-b224-4bd1-b452-23f94697607f'),
 ('80', '37', '11', '1', 'en', '1', '', '{\"typeId\":\"11\",\"authorId\":null,\"title\":\"Contact\",\"slug\":\"contact\",\"postDate\":1485180405,\"expiryDate\":null,\"enabled\":1,\"parentId\":null,\"fields\":{\"45\":\"Contact us to have more informations about our products and to receive a home visit from one of our special retailers. <b>Dot<\\/b>, by choice, is not available retail in GDO or in pharmacies: it is <b>distributed only by us<\\/b> and with our <b>subscription formula<\\/b>.\"}}', '2017-01-23 14:07:41', '2017-01-23 14:07:41', '1fdbfa19-7c83-47f5-a4b3-e468a3dec3d3'),
 ('81', '37', '11', '1', 'it', '2', '', '{\"typeId\":\"11\",\"authorId\":null,\"title\":\"Contact\",\"slug\":\"contact\",\"postDate\":1485180405,\"expiryDate\":null,\"enabled\":1,\"parentId\":null,\"fields\":{\"45\":\"Contattaci per <b>ulteriori informazioni<\\/b> sui i nostri prodotti e ricevere una visita a casa da parte di uno dei <b>nostri venditori<\\/b>. DOT, per scelta, non si trova in commercio in GDO o nelle farmacie: viene distribuito solo da noi ed in formula abbonamento.\"}}', '2017-01-23 14:09:41', '2017-01-23 14:09:41', '77059999-6a7b-4313-963f-a2a8f5512383'),
 ('82', '37', '11', '1', 'it', '3', '', '{\"typeId\":\"11\",\"authorId\":null,\"title\":\"Contatta dot\",\"slug\":\"contact\",\"postDate\":1485180405,\"expiryDate\":null,\"enabled\":1,\"parentId\":null,\"fields\":{\"45\":\"Contattaci per <b>ulteriori informazioni<\\/b> sui i nostri prodotti e ricevere una visita a casa da parte di uno dei <b>nostri venditori<\\/b>. DOT, per scelta, non si trova in commercio in GDO o nelle farmacie: viene distribuito solo da noi ed in formula abbonamento.\"}}', '2017-01-23 14:23:55', '2017-01-23 14:23:55', '78725204-4cf7-4104-8f08-dc2feebc246b'),
 ('83', '37', '11', '1', 'en', '2', '', '{\"typeId\":\"11\",\"authorId\":null,\"title\":\"Contact dot\",\"slug\":\"contact\",\"postDate\":1485180405,\"expiryDate\":null,\"enabled\":1,\"parentId\":null,\"fields\":{\"45\":\"Contattaci per <b>ulteriori informazioni<\\/b> sui i nostri prodotti e ricevere una visita a casa da parte di uno dei <b>nostri venditori<\\/b>. DOT, per scelta, non si trova in commercio in GDO o nelle farmacie: viene distribuito solo da noi ed in formula abbonamento.\"}}', '2017-01-23 14:24:03', '2017-01-23 14:24:03', '47bc1d8c-9eba-4e06-9159-1b2db7b59f8d'),
 ('84', '37', '11', '1', 'en', '3', '', '{\"typeId\":\"11\",\"authorId\":null,\"title\":\"Contact <b>dot<\\/b>\",\"slug\":\"contact\",\"postDate\":1485180405,\"expiryDate\":null,\"enabled\":1,\"parentId\":null,\"fields\":{\"45\":\"Contattaci per <b>ulteriori informazioni<\\/b> sui i nostri prodotti e ricevere una visita a casa da parte di uno dei <b>nostri venditori<\\/b>. DOT, per scelta, non si trova in commercio in GDO o nelle farmacie: viene distribuito solo da noi ed in formula abbonamento.\"}}', '2017-01-23 14:25:02', '2017-01-23 14:25:02', 'd10407c7-f678-43fe-ba2a-0157408ba66c'),
 ('85', '37', '11', '1', 'it', '4', '', '{\"typeId\":\"11\",\"authorId\":null,\"title\":\"Contatta <b>dot<\\/b>\",\"slug\":\"contact\",\"postDate\":1485180405,\"expiryDate\":null,\"enabled\":1,\"parentId\":null,\"fields\":{\"45\":\"Contattaci per <b>ulteriori informazioni<\\/b> sui i nostri prodotti e ricevere una visita a casa da parte di uno dei <b>nostri venditori<\\/b>. DOT, per scelta, non si trova in commercio in GDO o nelle farmacie: viene distribuito solo da noi ed in formula abbonamento.\"}}', '2017-01-23 14:25:13', '2017-01-23 14:25:13', '0dc039ca-05e4-444c-957e-8ce730c3b962'),
 ('86', '37', '11', '1', 'en', '4', '', '{\"typeId\":\"11\",\"authorId\":null,\"title\":\"Contact <b>dot<\\/b>\",\"slug\":\"contact\",\"postDate\":1485180405,\"expiryDate\":null,\"enabled\":1,\"parentId\":null,\"fields\":{\"45\":\"Contact us to have more informations about our products and to receive a home visit from one of our special retailers. <b>Dot<\\/b>, by choice, is not available retail in GDO or in pharmacies: it is <b>distributed only by us<\\/b> and with our <b>subscription formula<\\/b>.\"}}', '2017-01-23 14:34:42', '2017-01-23 14:34:42', '31aeadee-8498-46af-8745-e9db21b66f02'),
 ('87', '37', '11', '1', 'it', '5', '', '{\"typeId\":\"11\",\"authorId\":null,\"title\":\"Contatta <b>dot<\\/b>\",\"slug\":\"contact\",\"postDate\":1485180405,\"expiryDate\":null,\"enabled\":1,\"parentId\":null,\"fields\":{\"45\":\"Contattaci per <b>ulteriori informazioni<\\/b> sui i nostri prodotti e ricevere una visita a casa da parte di uno dei nostri venditori. DOT, per scelta, non si trova in commercio in GDO o nelle farmacie: viene distribuito solo da noi ed in formula abbonamento.\"}}', '2017-01-23 14:38:43', '2017-01-23 14:38:43', '37f07d09-55e5-4b95-9cff-dac2f97ea4ce'),
 ('88', '37', '11', '1', 'it', '6', '', '{\"typeId\":\"11\",\"authorId\":null,\"title\":\"Contatta <b>dot<\\/b>\",\"slug\":\"contact\",\"postDate\":1485180405,\"expiryDate\":null,\"enabled\":1,\"parentId\":null,\"fields\":{\"45\":\"Contattaci per <b>ulteriori informazioni<\\/b> sui i nostri prodotti e ricevere una visita a casa da parte di uno dei <b>nostri venditori<\\/b>. DOT, per scelta, non si trova in commercio in GDO o nelle farmacie: viene distribuito solo da noi ed in formula abbonamento.\"}}', '2017-01-23 14:38:59', '2017-01-23 14:38:59', 'db79325b-1107-412e-bc36-971cfdd2a4ef'),
 ('89', '37', '11', '1', 'en', '5', '', '{\"typeId\":\"11\",\"authorId\":null,\"title\":\"Contact <b>dot<\\/b>\",\"slug\":\"contact\",\"postDate\":1485180405,\"expiryDate\":null,\"enabled\":1,\"parentId\":null,\"fields\":{\"45\":\"Contact us to have more informations about our products and to receive a home visit from one of our special retailers. <b>Dot<\\/b>, by choice, is not available retail in GDO or in pharmacies: it is <b>distributed only by us<\\/b> and with our <b>subscription formula<\\/b>.\"}}', '2017-01-23 14:39:52', '2017-01-23 14:39:52', 'f01add99-79f9-4078-8af4-1deb5d6bb459'),
 ('90', '37', '11', '1', 'it', '7', '', '{\"typeId\":\"11\",\"authorId\":null,\"title\":\"Contatta <b>dot<\\/b>\",\"slug\":\"contact\",\"postDate\":1485180405,\"expiryDate\":null,\"enabled\":1,\"parentId\":null,\"fields\":{\"45\":\" Siamo qui proprio per ogni cosa. Chiamaci oppure compila e invia qualsiasi tuo dubbio, domanda e curiosit\\u00e0. Promettiamo di rispondere al pi\\u00f9 presto! <br> <a target=\\\"_blank\\\" href=\\\"http:\\/\\/shop.stopthedot.com\\/contatti\\\">Contattaci<\\/a>\"}}', '2017-05-09 10:59:46', '2017-05-09 10:59:46', '915e305a-b6e6-466d-8355-5c28bad95d13'),
 ('91', '37', '11', '1', 'it', '8', '', '{\"typeId\":\"11\",\"authorId\":null,\"title\":\"Contatta <b>dot<\\/b>\",\"slug\":\"contact\",\"postDate\":1485180405,\"expiryDate\":null,\"enabled\":1,\"parentId\":null,\"fields\":{\"45\":\" Siamo qui proprio per ogni cosa. Chiamaci oppure compila e invia qualsiasi tuo dubbio, domanda e curiosit\\u00e0. Promettiamo di rispondere al pi\\u00f9 presto!\"}}', '2017-05-09 11:10:51', '2017-05-09 11:10:51', '5dd144d3-7a22-421c-8371-a63ce7c48356'),
 ('92', '37', '11', '1', 'it', '9', '', '{\"typeId\":\"11\",\"authorId\":null,\"title\":\"Contatta <b>dot<\\/b>\",\"slug\":\"contact\",\"postDate\":1485180405,\"expiryDate\":null,\"enabled\":1,\"parentId\":null,\"fields\":{\"45\":\" Siamo qui proprio per ogni cosa.<\\/br> Chiamaci oppure contattaci                       <a target=\\\"_blank\\\" href=\\\"http:\\/\\/shop.stopthedot.com\\/contatti\\\">qui<\\/a> per qualsiasi tuo dubbio, domanda e curiosit\\u00e0.<\\/br> Promettiamo di rispondere al pi\\u00f9 presto!\"}}', '2017-05-09 12:45:35', '2017-05-09 12:45:35', 'f4a10639-7a9f-4e93-b78c-45b9225c2fba'),
 ('93', '37', '11', '1', 'it', '10', '', '{\"typeId\":\"11\",\"authorId\":null,\"title\":\"Contatta <b>dot<\\/b>\",\"slug\":\"contact\",\"postDate\":1485180405,\"expiryDate\":null,\"enabled\":1,\"parentId\":null,\"fields\":{\"45\":\" Siamo qui proprio per ogni cosa.<\\/br> Chiamaci oppure contattaci <a target=\\\"_blank\\\" href=\\\"http:\\/\\/shop.stopthedot.com\\/contatti\\\">qui<\\/a> per qualsiasi tuo dubbio, domanda e curiosit\\u00e0.<\\/br> Promettiamo di rispondere al pi\\u00f9 presto!\"}}', '2017-05-09 12:45:44', '2017-05-09 12:45:44', '7ba71cdf-e79c-4e6c-ba7d-ee55b085c363'),
 ('94', '37', '11', '1', 'it', '11', '', '{\"typeId\":\"11\",\"authorId\":null,\"title\":\"Contatta <b>dot<\\/b>\",\"slug\":\"contact\",\"postDate\":1485180405,\"expiryDate\":null,\"enabled\":1,\"parentId\":null,\"fields\":{\"45\":\" Siamo qui proprio per ogni cosa.<\\/br> Chiamaci oppure contattaci <a target=\\\"_blank\\\" href=\\\"http:\\/\\/shop.stopthedot.com\\/contatti\\\">qui<\\/a> per qualsiasi tuo dubbio, domanda e curiosit\\u00e0.<\\/br> Promettiamo di rispondere al pi\\u00f9 presto!\"}}', '2017-05-09 12:45:48', '2017-05-09 12:45:48', '09eb0706-25d2-4658-be08-5bace3790622'),
 ('95', '37', '11', '1', 'it', '12', '', '{\"typeId\":\"11\",\"authorId\":null,\"title\":\"Contatta <b>dot<\\/b>\",\"slug\":\"contact\",\"postDate\":1485180405,\"expiryDate\":null,\"enabled\":1,\"parentId\":null,\"fields\":{\"45\":\" Siamo qui proprio per ogni cosa.<\\/br> Chiamaci oppure contattaci <a target=\\\"_blank\\\" href=\\\"http:\\/\\/shop.stopthedot.com\\/contatti\\\">qui<\\/a> per qualsiasi tuo dubbio,<\\/br> domanda e curiosit\\u00e0.<\\/br> Promettiamo di rispondere al pi\\u00f9 presto!\"}}', '2017-05-09 12:56:21', '2017-05-09 12:56:21', '5c950df0-ded5-4051-9e86-49b34396927f'),
 ('96', '37', '11', '1', 'it', '13', '', '{\"typeId\":\"11\",\"authorId\":null,\"title\":\"Contatta <b>dot<\\/b>\",\"slug\":\"contact\",\"postDate\":1485180405,\"expiryDate\":null,\"enabled\":1,\"parentId\":null,\"fields\":{\"45\":\" Siamo qui proprio per ogni cosa.<\\/br> Chiamaci oppure contattaci <a target=\\\"_blank\\\" href=\\\"http:\\/\\/shop.stopthedot.com\\/contatti\\\">qui<\\/a><\\/br> per qualsiasi tuo dubbio, domanda e curiosit\\u00e0.<\\/br> Promettiamo di rispondere al pi\\u00f9 presto!\"}}', '2017-05-09 12:58:08', '2017-05-09 12:58:08', 'e3e90da6-1081-479f-ab86-5399a8bda6a0');



DROP TABLE IF EXISTS `craft_fieldgroups`;


--
-- Schema for table `craft_fieldgroups`
--
CREATE TABLE `craft_fieldgroups` (
  `id` int(11) NOT NULL AUTO_INCREMENT,
  `name` varchar(255) COLLATE utf8_unicode_ci NOT NULL,
  `dateCreated` datetime NOT NULL,
  `dateUpdated` datetime NOT NULL,
  `uid` char(36) COLLATE utf8_unicode_ci NOT NULL DEFAULT '0',
  PRIMARY KEY (`id`),
  UNIQUE KEY `craft_fieldgroups_name_unq_idx` (`name`)
) ENGINE=InnoDB AUTO_INCREMENT=6 DEFAULT CHARSET=utf8 COLLATE=utf8_unicode_ci;

--
-- Data for table `craft_fieldgroups`
--

INSERT INTO `craft_fieldgroups` (`id`, `name`, `dateCreated`, `dateUpdated`, `uid`) VALUES
 ('1', 'Default', '2017-01-13 15:45:33', '2017-01-13 15:45:33', '9c24b719-b4c8-4830-aaf3-82cd2bf79d38'),
 ('2', 'Generic', '2017-01-23 10:14:28', '2017-01-23 10:14:28', '1fd1cc2f-1b2c-4aba-b3e2-801009abe03e'),
 ('3', 'Menu', '2017-01-23 10:25:41', '2017-01-23 10:25:41', '7491fe2d-366a-4458-a398-8afedd542e26'),
 ('4', 'Request', '2017-01-23 11:52:17', '2017-01-23 11:52:17', '04a263dc-d8cc-4344-a8e4-9b40bda1d5bf'),
 ('5', 'Form', '2017-01-23 11:59:30', '2017-01-23 11:59:30', 'bc1a928f-6fc1-4b06-b31f-e98dfc1f9b9a');



DROP TABLE IF EXISTS `craft_fieldlayoutfields`;


--
-- Schema for table `craft_fieldlayoutfields`
--
CREATE TABLE `craft_fieldlayoutfields` (
  `id` int(11) NOT NULL AUTO_INCREMENT,
  `layoutId` int(11) NOT NULL,
  `tabId` int(11) NOT NULL,
  `fieldId` int(11) NOT NULL,
  `required` tinyint(1) unsigned NOT NULL DEFAULT '0',
  `sortOrder` smallint(6) unsigned DEFAULT NULL,
  `dateCreated` datetime NOT NULL,
  `dateUpdated` datetime NOT NULL,
  `uid` char(36) COLLATE utf8_unicode_ci NOT NULL DEFAULT '0',
  PRIMARY KEY (`id`),
  UNIQUE KEY `craft_fieldlayoutfields_layoutId_fieldId_unq_idx` (`layoutId`,`fieldId`),
  KEY `craft_fieldlayoutfields_sortOrder_idx` (`sortOrder`),
  KEY `craft_fieldlayoutfields_tabId_fk` (`tabId`),
  KEY `craft_fieldlayoutfields_fieldId_fk` (`fieldId`)
) ENGINE=InnoDB AUTO_INCREMENT=129 DEFAULT CHARSET=utf8 COLLATE=utf8_unicode_ci;

--
-- Data for table `craft_fieldlayoutfields`
--

INSERT INTO `craft_fieldlayoutfields` (`id`, `layoutId`, `tabId`, `fieldId`, `required`, `sortOrder`, `dateCreated`, `dateUpdated`, `uid`) VALUES
 ('5', '8', '4', '7', '0', '1', '2017-01-19 15:47:25', '2017-01-19 15:47:25', 'd1d869b2-14cb-4f7e-bc17-7817191c1af4'),
 ('6', '8', '4', '8', '0', '2', '2017-01-19 15:47:25', '2017-01-19 15:47:25', 'a7b081a5-b70f-4dec-9709-55e523c8e317'),
 ('60', '37', '27', '18', '0', '1', '2017-01-20 10:13:32', '2017-01-20 10:13:32', 'c652155f-e240-46e6-b652-47d1274feb1b'),
 ('62', '40', '29', '18', '0', '1', '2017-01-20 10:21:52', '2017-01-20 10:21:52', '97ebd13a-b533-4858-a86d-934ddddc848d'),
 ('75', '49', '36', '18', '0', '1', '2017-01-20 17:59:34', '2017-01-20 17:59:34', '6585d73c-ab75-45df-b9eb-70ed2339ac45'),
 ('78', '50', '37', '18', '0', '2', '2017-01-20 18:05:08', '2017-01-20 18:05:08', 'ce4d2e52-9d77-4aeb-a654-1cee6ebcff1b'),
 ('79', '51', '38', '19', '0', '1', '2017-01-20 18:10:24', '2017-01-20 18:10:24', '7dcf0d02-9b81-4300-a933-5ecc2e5ad8c6'),
 ('80', '52', '39', '21', '0', '1', '2017-01-20 18:10:25', '2017-01-20 18:10:25', 'a6defa60-2eb1-479c-8276-3acfd6236349'),
 ('81', '52', '39', '22', '0', '2', '2017-01-20 18:10:25', '2017-01-20 18:10:25', 'f9d2b7ef-7a13-4062-a6da-a8ccc50d58cf'),
 ('93', '59', '44', '30', '0', '1', '2017-01-23 10:27:54', '2017-01-23 10:27:54', '0897337a-0874-4410-87f7-4a21dedbc3f9'),
 ('94', '59', '44', '31', '0', '2', '2017-01-23 10:27:54', '2017-01-23 10:27:54', '76c1a9c3-8c9e-4127-a8e2-661b80adef9e'),
 ('95', '59', '44', '32', '0', '3', '2017-01-23 10:27:54', '2017-01-23 10:27:54', 'ae25588c-bb58-41d9-8c94-c381996f40b0'),
 ('96', '59', '44', '33', '0', '4', '2017-01-23 10:27:54', '2017-01-23 10:27:54', 'ae3bb232-e97b-4ad0-a864-e935ff523b33'),
 ('97', '59', '44', '34', '0', '5', '2017-01-23 10:27:54', '2017-01-23 10:27:54', 'b63756ac-3ebe-41c2-ac2b-8cea2386ab0f'),
 ('98', '59', '44', '35', '0', '6', '2017-01-23 10:27:54', '2017-01-23 10:27:54', '4060d2bf-b230-40c4-a7bc-d7ac2ef75352'),
 ('99', '60', '45', '36', '0', '1', '2017-01-23 11:57:11', '2017-01-23 11:57:11', '3caf7d16-5817-4075-9d37-0b442a9b544f'),
 ('100', '60', '45', '37', '0', '2', '2017-01-23 11:57:11', '2017-01-23 11:57:11', '23c44f69-436a-449a-9dce-4e905162131e'),
 ('109', '64', '48', '38', '0', '1', '2017-01-23 13:58:52', '2017-01-23 13:58:52', '49596803-5187-4b14-af5c-e40cb6dba645'),
 ('110', '64', '48', '39', '0', '2', '2017-01-23 13:58:52', '2017-01-23 13:58:52', '5ecb520a-c217-4f9b-b4e0-41230076ef32'),
 ('111', '64', '48', '40', '0', '3', '2017-01-23 13:58:52', '2017-01-23 13:58:52', '50ed7472-6913-4f49-8539-05879ba2adbb'),
 ('112', '64', '48', '41', '0', '4', '2017-01-23 13:58:52', '2017-01-23 13:58:52', '1f2b1460-bdbc-478d-9d69-4bd010300af7'),
 ('113', '64', '48', '43', '0', '5', '2017-01-23 13:58:52', '2017-01-23 13:58:52', 'fbd050af-6ac5-4463-81a9-c3ff412fdfe0'),
 ('114', '64', '48', '42', '0', '6', '2017-01-23 13:58:52', '2017-01-23 13:58:52', '64222632-1c6b-476c-b4c1-77cab3018103'),
 ('115', '64', '48', '44', '0', '7', '2017-01-23 13:58:52', '2017-01-23 13:58:52', '63ab5000-1bd6-48a8-ab45-402074f94129'),
 ('117', '66', '50', '45', '0', '1', '2017-01-23 14:23:12', '2017-01-23 14:23:12', 'b9d5d6b7-0aba-4b72-9a49-fa7859723e06'),
 ('118', '67', '51', '27', '0', '1', '2017-01-24 08:56:34', '2017-01-24 08:56:34', '3c4d7fbf-2497-4dd3-bd55-47ce1031c63d'),
 ('119', '67', '51', '26', '0', '2', '2017-01-24 08:56:34', '2017-01-24 08:56:34', '33a62ea6-3628-4a82-bd9f-f1ca3399286a'),
 ('120', '67', '51', '28', '0', '3', '2017-01-24 08:56:34', '2017-01-24 08:56:34', '374f5948-5c6b-4cbf-9661-0636a030b028'),
 ('121', '67', '51', '29', '0', '4', '2017-01-24 08:56:34', '2017-01-24 08:56:34', '9b046452-a487-4e94-b286-044d2bcd47b7'),
 ('122', '67', '51', '46', '0', '5', '2017-01-24 08:56:34', '2017-01-24 08:56:34', '1db0dc17-4f75-4f40-b2ae-93a1c2e23c79'),
 ('123', '72', '52', '23', '0', '1', '2017-02-13 10:35:13', '2017-02-13 10:35:13', '8405cffe-5684-45c0-b9a7-72c6c4df7fed'),
 ('124', '72', '52', '48', '0', '2', '2017-02-13 10:35:13', '2017-02-13 10:35:13', 'c126c8f8-9e56-4d2f-bd37-f542d6f28de7'),
 ('125', '72', '52', '24', '0', '3', '2017-02-13 10:35:13', '2017-02-13 10:35:13', '216f3805-2e08-45ae-ac51-71a4086bafde'),
 ('126', '72', '52', '47', '0', '4', '2017-02-13 10:35:13', '2017-02-13 10:35:13', '042851ce-1ab1-4bbc-92d5-b3d22ba7659b'),
 ('127', '72', '52', '25', '0', '5', '2017-02-13 10:35:13', '2017-02-13 10:35:13', 'a5693305-cfdf-4fcf-bad1-f1bb3c80d6d4'),
 ('128', '72', '52', '49', '0', '6', '2017-02-13 10:35:13', '2017-02-13 10:35:13', 'c3b196c5-7ab0-402e-9d8c-577ff249fc8b');



DROP TABLE IF EXISTS `craft_fieldlayouts`;


--
-- Schema for table `craft_fieldlayouts`
--
CREATE TABLE `craft_fieldlayouts` (
  `id` int(11) NOT NULL AUTO_INCREMENT,
  `type` varchar(150) COLLATE utf8_unicode_ci NOT NULL,
  `dateCreated` datetime NOT NULL,
  `dateUpdated` datetime NOT NULL,
  `uid` char(36) COLLATE utf8_unicode_ci NOT NULL DEFAULT '0',
  PRIMARY KEY (`id`),
  KEY `craft_fieldlayouts_type_idx` (`type`)
) ENGINE=InnoDB AUTO_INCREMENT=73 DEFAULT CHARSET=utf8 COLLATE=utf8_unicode_ci;

--
-- Data for table `craft_fieldlayouts`
--

INSERT INTO `craft_fieldlayouts` (`id`, `type`, `dateCreated`, `dateUpdated`, `uid`) VALUES
 ('1', 'Tag', '2017-01-13 15:45:33', '2017-01-13 15:45:33', '00c8534e-1045-4dbc-b167-65207b6a4ed1'),
 ('6', 'Entry', '2017-01-19 10:41:19', '2017-01-19 10:41:19', '5b6a8425-6a0e-4ff9-a4c4-c9a25a1b0ba1'),
 ('8', 'MatrixBlock', '2017-01-19 15:47:25', '2017-01-19 15:47:25', 'afa9d839-e874-42d2-8357-42d79c9a50b1'),
 ('37', 'Entry', '2017-01-20 10:13:32', '2017-01-20 10:13:32', '9ad880aa-3f96-4310-b021-7cbbb5fa7330'),
 ('40', 'Entry', '2017-01-20 10:21:52', '2017-01-20 10:21:52', 'e6340021-4ae8-4eaf-9aea-268093cb6e2b'),
 ('49', 'Entry', '2017-01-20 17:59:34', '2017-01-20 17:59:34', 'b98e52e9-11c8-4eff-bf80-8feace1c6201'),
 ('50', 'Entry', '2017-01-20 18:05:08', '2017-01-20 18:05:08', 'dfe7a553-bb46-4b94-8f22-19ec8110475f'),
 ('51', 'MatrixBlock', '2017-01-20 18:10:24', '2017-01-20 18:10:24', 'c546aa0f-a87c-40bd-99a5-2fac04b55734'),
 ('52', 'MatrixBlock', '2017-01-20 18:10:25', '2017-01-20 18:10:25', '5750bcd8-3b33-455e-900f-b4681190f59a'),
 ('59', 'GlobalSet', '2017-01-23 10:27:54', '2017-01-23 10:27:54', '84043f3c-4134-4d5e-b657-fd76733b60c5'),
 ('60', 'GlobalSet', '2017-01-23 11:57:11', '2017-01-23 11:57:11', '361c8023-0561-49c5-8e5e-7d16af1d3191'),
 ('64', 'GlobalSet', '2017-01-23 13:58:52', '2017-01-23 13:58:52', 'ff824fdf-da30-40c9-b5dc-a629fbb353e9'),
 ('66', 'Entry', '2017-01-23 14:23:12', '2017-01-23 14:23:12', 'beb5c639-1462-42dd-893b-6f1d86d7d491'),
 ('67', 'GlobalSet', '2017-01-24 08:56:34', '2017-01-24 08:56:34', '8a799bb8-b2e6-4210-8a4e-e94b39bfbec3'),
 ('71', 'Asset', '2017-01-31 10:51:58', '2017-01-31 10:51:58', '1e0f4273-bdbf-4a6a-92b5-6260af72e10a'),
 ('72', 'GlobalSet', '2017-02-13 10:35:13', '2017-02-13 10:35:13', '06aebf18-4734-4b7c-9b9e-427ed2ffd70b');



DROP TABLE IF EXISTS `craft_fieldlayouttabs`;


--
-- Schema for table `craft_fieldlayouttabs`
--
CREATE TABLE `craft_fieldlayouttabs` (
  `id` int(11) NOT NULL AUTO_INCREMENT,
  `layoutId` int(11) NOT NULL,
  `name` varchar(255) COLLATE utf8_unicode_ci NOT NULL,
  `sortOrder` smallint(6) unsigned DEFAULT NULL,
  `dateCreated` datetime NOT NULL,
  `dateUpdated` datetime NOT NULL,
  `uid` char(36) COLLATE utf8_unicode_ci NOT NULL DEFAULT '0',
  PRIMARY KEY (`id`),
  KEY `craft_fieldlayouttabs_sortOrder_idx` (`sortOrder`),
  KEY `craft_fieldlayouttabs_layoutId_fk` (`layoutId`)
) ENGINE=InnoDB AUTO_INCREMENT=53 DEFAULT CHARSET=utf8 COLLATE=utf8_unicode_ci;

--
-- Data for table `craft_fieldlayouttabs`
--

INSERT INTO `craft_fieldlayouttabs` (`id`, `layoutId`, `name`, `sortOrder`, `dateCreated`, `dateUpdated`, `uid`) VALUES
 ('3', '6', 'Content', '1', '2017-01-19 10:41:19', '2017-01-19 10:41:19', 'bf691a47-7494-4316-be69-246bd36d04cc'),
 ('4', '8', 'Content', '1', '2017-01-19 15:47:25', '2017-01-19 15:47:25', '90855233-a944-47d4-a7ab-1649221e0948'),
 ('27', '37', 'Default', '1', '2017-01-20 10:13:32', '2017-01-20 10:13:32', 'ddcdb108-d583-42a1-9cf9-a9cfe483e8d0'),
 ('29', '40', 'Default', '1', '2017-01-20 10:21:52', '2017-01-20 10:21:52', '9267071e-dac3-4674-923c-8fbf550fa5f7'),
 ('36', '49', 'Default', '1', '2017-01-20 17:59:34', '2017-01-20 17:59:34', 'bed06739-2d75-41af-8c94-dcd291ad9510'),
 ('37', '50', 'Default', '1', '2017-01-20 18:05:08', '2017-01-20 18:05:08', 'db129f9c-c8b8-462b-bcaa-e520b4073e41'),
 ('38', '51', 'Content', '1', '2017-01-20 18:10:24', '2017-01-20 18:10:24', '415a57cf-a6b8-4bba-a35c-cf13764b7c14'),
 ('39', '52', 'Content', '1', '2017-01-20 18:10:25', '2017-01-20 18:10:25', '81505676-bebf-4087-a939-c7169fa95385'),
 ('44', '59', 'Contenuto', '1', '2017-01-23 10:27:54', '2017-01-23 10:27:54', '8ad4dede-863a-4f32-af21-1a123085fef9'),
 ('45', '60', 'Contenuto', '1', '2017-01-23 11:57:11', '2017-01-23 11:57:11', '5003757e-f5e5-4c3e-b844-686f0ce46cc6'),
 ('48', '64', 'Contenuto', '1', '2017-01-23 13:58:52', '2017-01-23 13:58:52', '48321e0d-75ff-4596-86cf-9fdf444055f7'),
 ('50', '66', 'Tab 1', '1', '2017-01-23 14:23:12', '2017-01-23 14:23:12', '83da5bb2-d70a-4b1d-82df-19a581265801'),
 ('51', '67', 'Contenuto', '1', '2017-01-24 08:56:34', '2017-01-24 08:56:34', '2eb8a800-e5d9-41d1-9f99-8d220a801f10'),
 ('52', '72', 'Contenuto', '1', '2017-02-13 10:35:13', '2017-02-13 10:35:13', 'e1fb0080-4d3f-43d6-a796-bc4f2e18051e');



DROP TABLE IF EXISTS `craft_fields`;


--
-- Schema for table `craft_fields`
--
CREATE TABLE `craft_fields` (
  `id` int(11) NOT NULL AUTO_INCREMENT,
  `groupId` int(11) DEFAULT NULL,
  `name` varchar(255) COLLATE utf8_unicode_ci NOT NULL,
  `handle` varchar(58) COLLATE utf8_unicode_ci NOT NULL,
  `context` varchar(255) COLLATE utf8_unicode_ci NOT NULL DEFAULT 'global',
  `instructions` text COLLATE utf8_unicode_ci,
  `translatable` tinyint(1) unsigned NOT NULL DEFAULT '0',
  `type` varchar(150) COLLATE utf8_unicode_ci NOT NULL,
  `settings` text COLLATE utf8_unicode_ci,
  `dateCreated` datetime NOT NULL,
  `dateUpdated` datetime NOT NULL,
  `uid` char(36) COLLATE utf8_unicode_ci NOT NULL DEFAULT '0',
  PRIMARY KEY (`id`),
  UNIQUE KEY `craft_fields_handle_context_unq_idx` (`handle`,`context`),
  KEY `craft_fields_context_idx` (`context`),
  KEY `craft_fields_groupId_fk` (`groupId`)
) ENGINE=InnoDB AUTO_INCREMENT=50 DEFAULT CHARSET=utf8 COLLATE=utf8_unicode_ci;

--
-- Data for table `craft_fields`
--

INSERT INTO `craft_fields` (`id`, `groupId`, `name`, `handle`, `context`, `instructions`, `translatable`, `type`, `settings`, `dateCreated`, `dateUpdated`, `uid`) VALUES
 ('7', NULL, 'first', 'first', 'matrixBlockType:1', '', '1', 'PlainText', '{\"placeholder\":\"\",\"maxLength\":\"\",\"multiline\":\"\",\"initialRows\":\"4\"}', '2017-01-19 15:47:24', '2017-01-19 15:47:24', 'f333ea3a-942e-44c8-bd56-54ec23d2547d'),
 ('8', NULL, 'second', 'second', 'matrixBlockType:1', '', '1', 'PlainText', '{\"placeholder\":\"\",\"maxLength\":\"\",\"multiline\":\"\",\"initialRows\":\"4\"}', '2017-01-19 15:47:25', '2017-01-19 15:47:25', '98fa085d-055a-4229-ba72-f3c27de726e7'),
 ('18', '1', 'slide', 'slide', 'global', '', '1', 'Matrix', '{\"maxBlocks\":null}', '2017-01-20 09:52:21', '2017-01-20 18:10:24', '657c85d5-c3bc-4c6e-b0c6-3e2a45867d6a'),
 ('19', NULL, '1', 'uno', 'matrixBlockType:2', '', '1', 'PlainText', '{\"placeholder\":\"\",\"maxLength\":\"\",\"multiline\":\"\",\"initialRows\":\"4\"}', '2017-01-20 09:52:21', '2017-01-20 18:10:24', '632ad08d-1f84-4767-922b-75011599d980'),
 ('21', NULL, '1', 'uno', 'matrixBlockType:3', '', '1', 'PlainText', '{\"placeholder\":\"\",\"maxLength\":\"\",\"multiline\":\"\",\"initialRows\":\"4\"}', '2017-01-20 09:59:03', '2017-01-20 18:10:24', '7665a777-8ae3-40d2-8805-45732973ad9d'),
 ('22', NULL, '2', 'due', 'matrixBlockType:3', '', '1', 'PlainText', '{\"placeholder\":\"\",\"maxLength\":\"\",\"multiline\":\"\",\"initialRows\":\"4\"}', '2017-01-20 09:59:03', '2017-01-20 18:10:25', 'c536fff7-d485-4bca-b171-8b33d8c3fbec'),
 ('23', '1', 'titolo esterno', 'titoloEsterno', 'global', '', '1', 'PlainText', '{\"placeholder\":\"\",\"maxLength\":\"\",\"multiline\":\"\",\"initialRows\":\"4\"}', '2017-01-20 10:43:10', '2017-01-20 10:43:10', '3f89d3a2-b701-46af-86f3-61ed35d5a973'),
 ('24', '1', 'titolo interno', 'titoloInterno', 'global', '', '1', 'PlainText', '{\"placeholder\":\"\",\"maxLength\":\"\",\"multiline\":\"\",\"initialRows\":\"4\"}', '2017-01-20 10:43:21', '2017-01-20 10:43:21', 'b59c8c07-59ce-4e43-baa1-190650042d64'),
 ('25', '1', 'titolo salvaslip', 'titoloSalvaslip', 'global', '', '1', 'PlainText', '{\"placeholder\":\"\",\"maxLength\":\"\",\"multiline\":\"\",\"initialRows\":\"4\"}', '2017-01-20 10:43:29', '2017-01-20 10:43:29', '49022526-85e5-48cf-af16-ded79bd95cd8'),
 ('26', '2', 'percent', 'percent', 'global', '', '1', 'PlainText', '{\"placeholder\":\"\",\"maxLength\":\"\",\"multiline\":\"\",\"initialRows\":\"4\"}', '2017-01-23 10:03:42', '2017-01-23 10:14:55', 'a9d49a2c-c92d-4e4c-a642-2d727aa75466'),
 ('27', '2', 'request', 'request', 'global', '', '1', 'PlainText', '{\"placeholder\":\"\",\"maxLength\":\"\",\"multiline\":\"\",\"initialRows\":\"4\"}', '2017-01-23 10:05:11', '2017-01-23 10:14:50', '79e2ef53-790c-4671-85a0-08e72581114c'),
 ('28', '2', 'followus', 'followus', 'global', '', '1', 'PlainText', '{\"placeholder\":\"\",\"maxLength\":\"\",\"multiline\":\"\",\"initialRows\":\"4\"}', '2017-01-23 10:05:25', '2017-01-23 10:15:01', '21aaac14-29cc-4078-9e36-74bdb863c800'),
 ('29', '2', 'close', 'close', 'global', '', '1', 'PlainText', '{\"placeholder\":\"\",\"maxLength\":\"\",\"multiline\":\"\",\"initialRows\":\"4\"}', '2017-01-23 10:17:52', '2017-01-23 10:17:52', '40395872-352f-4515-a3b0-3939a115d410'),
 ('30', '3', 'home', 'home', 'global', '', '1', 'PlainText', '{\"placeholder\":\"\",\"maxLength\":\"\",\"multiline\":\"\",\"initialRows\":\"4\"}', '2017-01-23 10:25:54', '2017-01-23 10:25:54', '57da1a64-9468-4f8f-a2df-aa312c302ea0'),
 ('31', '3', 'about', 'about', 'global', '', '1', 'PlainText', '{\"placeholder\":\"\",\"maxLength\":\"\",\"multiline\":\"\",\"initialRows\":\"4\"}', '2017-01-23 10:26:08', '2017-01-23 10:26:08', '61db570b-e859-4501-bc2b-bdc2e72d6c44'),
 ('32', '3', 'pad', 'pad', 'global', '', '1', 'PlainText', '{\"placeholder\":\"\",\"maxLength\":\"\",\"multiline\":\"\",\"initialRows\":\"4\"}', '2017-01-23 10:26:22', '2017-01-23 10:27:06', 'b7f609c0-7255-4466-88bf-94d94374e753'),
 ('33', '3', 'tampon', 'tampon', 'global', '', '1', 'PlainText', '{\"placeholder\":\"\",\"maxLength\":\"\",\"multiline\":\"\",\"initialRows\":\"4\"}', '2017-01-23 10:26:28', '2017-01-23 16:48:52', '97778832-0c41-45e9-8089-eb63c089b89d'),
 ('34', '3', 'liner', 'liner', 'global', '', '1', 'PlainText', '{\"placeholder\":\"\",\"maxLength\":\"\",\"multiline\":\"\",\"initialRows\":\"4\"}', '2017-01-23 10:26:44', '2017-01-23 10:27:17', '51a10dc0-86f9-4958-8854-6ff22909e596'),
 ('35', '3', 'contacts', 'contacts', 'global', '', '1', 'PlainText', '{\"placeholder\":\"\",\"maxLength\":\"\",\"multiline\":\"\",\"initialRows\":\"4\"}', '2017-01-23 10:27:02', '2017-01-23 10:27:02', 'f3545007-bafd-46c3-8765-f46201ada96c'),
 ('36', '4', 'intro', 'intro', 'global', '', '1', 'PlainText', '{\"placeholder\":\"\",\"maxLength\":\"\",\"multiline\":\"\",\"initialRows\":\"4\"}', '2017-01-23 11:52:59', '2017-01-23 11:52:59', 'af0948ff-1271-47c4-9a0e-1eb15e9e8987'),
 ('37', '4', 'italic', 'italic', 'global', '', '1', 'PlainText', '{\"placeholder\":\"\",\"maxLength\":\"\",\"multiline\":\"\",\"initialRows\":\"4\"}', '2017-01-23 11:53:51', '2017-01-23 11:53:51', '3e2684f8-1bf1-4c2c-9e6d-fb6d0761997c'),
 ('38', '5', 'yourname', 'yourname', 'global', '', '1', 'PlainText', '{\"placeholder\":\"\",\"maxLength\":\"\",\"multiline\":\"\",\"initialRows\":\"4\"}', '2017-01-23 12:00:03', '2017-01-23 12:00:03', '463f7e63-0684-45a6-b47a-684cdf5384f2'),
 ('39', '5', 'youremail', 'youremail', 'global', '', '1', 'PlainText', '{\"placeholder\":\"\",\"maxLength\":\"\",\"multiline\":\"\",\"initialRows\":\"4\"}', '2017-01-23 12:00:28', '2017-01-23 12:00:28', '5db3a58e-7f5e-4c0e-9c21-8cd088360dff'),
 ('40', '5', 'yourphone', 'yourphone', 'global', '', '1', 'PlainText', '{\"placeholder\":\"\",\"maxLength\":\"\",\"multiline\":\"\",\"initialRows\":\"4\"}', '2017-01-23 13:37:29', '2017-01-23 13:37:29', '487adb04-146c-4ffc-a7b0-366d8430f1ec'),
 ('41', '5', 'yourmessage', 'yourmessage', 'global', '', '1', 'PlainText', '{\"placeholder\":\"\",\"maxLength\":\"\",\"multiline\":\"\",\"initialRows\":\"4\"}', '2017-01-23 13:37:40', '2017-01-23 13:37:40', '84640b3c-f692-4415-8b44-80a50509f807'),
 ('42', '5', 'accept', 'accept', 'global', '', '1', 'PlainText', '{\"placeholder\":\"\",\"maxLength\":\"\",\"multiline\":\"\",\"initialRows\":\"4\"}', '2017-01-23 13:37:48', '2017-01-23 13:37:48', '72802cb4-1c79-476f-8416-e552e8a3bde1'),
 ('43', '5', 'thanks', 'thanks', 'global', '', '1', 'PlainText', '{\"placeholder\":\"\",\"maxLength\":\"\",\"multiline\":\"\",\"initialRows\":\"4\"}', '2017-01-23 13:38:01', '2017-01-23 13:38:01', '528c0b1a-da5a-4703-a20c-b64e8e87714a'),
 ('44', '5', 'send', 'send', 'global', '', '1', 'PlainText', '{\"placeholder\":\"\",\"maxLength\":\"\",\"multiline\":\"\",\"initialRows\":\"4\"}', '2017-01-23 13:58:43', '2017-01-23 13:58:43', 'cdbf6a3d-61e0-4483-931c-d9580e355680'),
 ('45', '1', 'text', 'text', 'global', '', '1', 'PlainText', '{\"placeholder\":\"\",\"maxLength\":\"\",\"multiline\":\"\",\"initialRows\":\"4\"}', '2017-01-23 14:07:10', '2017-01-23 14:39:26', '6b4141a9-d6a2-4315-aceb-a246c173c314'),
 ('46', '2', 'scrollfor', 'scrollfor', 'global', '', '1', 'PlainText', '{\"placeholder\":\"\",\"maxLength\":\"\",\"multiline\":\"\",\"initialRows\":\"4\"}', '2017-01-24 08:56:26', '2017-01-24 08:56:26', '91dd08dc-c0f4-4b2d-b8f4-f5ace8518017'),
 ('47', '2', 'titoloInternoShort', 'titoloInternoShort', 'global', '', '1', 'PlainText', '{\"placeholder\":\"\",\"maxLength\":\"\",\"multiline\":\"\",\"initialRows\":\"4\"}', '2017-02-13 10:34:01', '2017-02-13 10:41:47', 'c9e5e7c5-8fb8-40d1-b24a-e408464a5391'),
 ('48', '2', 'titoloEsternoShort', 'titoloEsternoShort', 'global', '', '1', 'PlainText', '{\"placeholder\":\"\",\"maxLength\":\"\",\"multiline\":\"\",\"initialRows\":\"4\"}', '2017-02-13 10:34:14', '2017-02-13 10:41:41', 'b6a304ee-c998-4b56-9f69-f18177052c9d'),
 ('49', '2', 'titoloSalvaslipShort', 'titoloSalvaslipShort', 'global', '', '1', 'PlainText', '{\"placeholder\":\"\",\"maxLength\":\"\",\"multiline\":\"\",\"initialRows\":\"4\"}', '2017-02-13 10:34:46', '2017-02-13 10:41:54', '2a6423c6-e373-470b-9fa6-0d00553b980f');



DROP TABLE IF EXISTS `craft_globalsets`;


--
-- Schema for table `craft_globalsets`
--
CREATE TABLE `craft_globalsets` (
  `id` int(11) NOT NULL,
  `name` varchar(255) COLLATE utf8_unicode_ci NOT NULL,
  `handle` varchar(255) COLLATE utf8_unicode_ci NOT NULL,
  `fieldLayoutId` int(10) DEFAULT NULL,
  `dateCreated` datetime NOT NULL,
  `dateUpdated` datetime NOT NULL,
  `uid` char(36) COLLATE utf8_unicode_ci NOT NULL DEFAULT '0',
  PRIMARY KEY (`id`),
  UNIQUE KEY `craft_globalsets_name_unq_idx` (`name`),
  UNIQUE KEY `craft_globalsets_handle_unq_idx` (`handle`),
  KEY `craft_globalsets_fieldLayoutId_fk` (`fieldLayoutId`)
) ENGINE=InnoDB DEFAULT CHARSET=utf8 COLLATE=utf8_unicode_ci;

--
-- Data for table `craft_globalsets`
--

INSERT INTO `craft_globalsets` (`id`, `name`, `handle`, `fieldLayoutId`, `dateCreated`, `dateUpdated`, `uid`) VALUES
 ('38', 'Titoli', 'titoli', '72', '2017-01-20 12:02:09', '2017-02-13 10:35:13', '17ab0fd1-0b61-4002-aafd-1087213b59e3'),
 ('50', 'Generic', 'generic', '67', '2017-01-23 10:03:16', '2017-01-24 08:56:34', '13485c11-3846-43e3-bf19-ae8e0a6d0a7a'),
 ('54', 'Menu', 'menu', '59', '2017-01-23 10:27:54', '2017-01-23 10:27:54', 'e72db5d1-40f1-4dcd-8130-6bcf55f55bd5'),
 ('55', 'Request', 'request', '60', '2017-01-23 11:57:11', '2017-01-23 11:57:11', '5e9fb907-825a-4e75-be63-54db934a7f3b'),
 ('56', 'Form', 'form', '64', '2017-01-23 11:59:19', '2017-01-23 13:58:52', '9597c260-05a4-4b34-a79f-f530c6710ec4');



DROP TABLE IF EXISTS `craft_info`;


--
-- Schema for table `craft_info`
--
CREATE TABLE `craft_info` (
  `id` int(11) NOT NULL AUTO_INCREMENT,
  `version` varchar(50) COLLATE utf8_unicode_ci NOT NULL,
  `schemaVersion` varchar(15) COLLATE utf8_unicode_ci NOT NULL,
  `edition` tinyint(1) unsigned NOT NULL DEFAULT '0',
  `siteName` varchar(100) COLLATE utf8_unicode_ci NOT NULL,
  `siteUrl` varchar(255) COLLATE utf8_unicode_ci NOT NULL,
  `timezone` varchar(30) COLLATE utf8_unicode_ci DEFAULT NULL,
  `on` tinyint(1) unsigned NOT NULL DEFAULT '0',
  `maintenance` tinyint(1) unsigned NOT NULL DEFAULT '0',
  `dateCreated` datetime NOT NULL,
  `dateUpdated` datetime NOT NULL,
  `uid` char(36) COLLATE utf8_unicode_ci NOT NULL DEFAULT '0',
  PRIMARY KEY (`id`)
) ENGINE=InnoDB AUTO_INCREMENT=2 DEFAULT CHARSET=utf8 COLLATE=utf8_unicode_ci;

--
-- Data for table `craft_info`
--

INSERT INTO `craft_info` (`id`, `version`, `schemaVersion`, `edition`, `siteName`, `siteUrl`, `timezone`, `on`, `maintenance`, `dateCreated`, `dateUpdated`, `uid`) VALUES
 ('1', '2.6.2978', '2.6.9', '2', 'dot', 'http://stopthedot.com', 'Europe/Vatican', '1', '1', '2017-01-13 15:45:26', '2017-09-11 13:50:47', 'febde8df-4aee-46e8-b8dd-9b582f957457');



DROP TABLE IF EXISTS `craft_locales`;


--
-- Schema for table `craft_locales`
--
CREATE TABLE `craft_locales` (
  `locale` char(12) COLLATE utf8_unicode_ci NOT NULL,
  `sortOrder` smallint(6) unsigned DEFAULT NULL,
  `dateCreated` datetime NOT NULL,
  `dateUpdated` datetime NOT NULL,
  `uid` char(36) COLLATE utf8_unicode_ci NOT NULL DEFAULT '0',
  PRIMARY KEY (`locale`),
  KEY `craft_locales_sortOrder_idx` (`sortOrder`)
) ENGINE=InnoDB DEFAULT CHARSET=utf8 COLLATE=utf8_unicode_ci;

--
-- Data for table `craft_locales`
--

INSERT INTO `craft_locales` (`locale`, `sortOrder`, `dateCreated`, `dateUpdated`, `uid`) VALUES
 ('en', '2', '2017-01-19 10:42:49', '2017-01-19 10:42:49', 'cb5580c7-fec3-41c1-8edd-d8f9fff4d582'),
 ('it', '1', '2017-01-13 15:45:28', '2017-01-13 15:45:28', 'b89e470a-7596-4b97-8ee0-8cc668c3618f');



DROP TABLE IF EXISTS `craft_matrixblocks`;


--
-- Schema for table `craft_matrixblocks`
--
CREATE TABLE `craft_matrixblocks` (
  `id` int(11) NOT NULL,
  `ownerId` int(11) NOT NULL,
  `fieldId` int(11) NOT NULL,
  `typeId` int(11) DEFAULT NULL,
  `sortOrder` smallint(6) unsigned DEFAULT NULL,
  `ownerLocale` char(12) COLLATE utf8_unicode_ci DEFAULT NULL,
  `dateCreated` datetime NOT NULL,
  `dateUpdated` datetime NOT NULL,
  `uid` char(36) COLLATE utf8_unicode_ci NOT NULL DEFAULT '0',
  PRIMARY KEY (`id`),
  KEY `craft_matrixblocks_ownerId_idx` (`ownerId`),
  KEY `craft_matrixblocks_fieldId_idx` (`fieldId`),
  KEY `craft_matrixblocks_typeId_idx` (`typeId`),
  KEY `craft_matrixblocks_sortOrder_idx` (`sortOrder`),
  KEY `craft_matrixblocks_ownerLocale_fk` (`ownerLocale`)
) ENGINE=InnoDB DEFAULT CHARSET=utf8 COLLATE=utf8_unicode_ci;

--
-- Data for table `craft_matrixblocks`
--

INSERT INTO `craft_matrixblocks` (`id`, `ownerId`, `fieldId`, `typeId`, `sortOrder`, `ownerLocale`, `dateCreated`, `dateUpdated`, `uid`) VALUES
 ('20', '17', '18', '2', '1', 'it', '2017-01-20 09:59:32', '2017-01-23 14:02:43', 'd1ba8b28-250f-4e43-ba69-36bdff719851'),
 ('22', '17', '18', '2', '2', 'it', '2017-01-20 10:10:46', '2017-01-23 14:02:43', '6ac31b7b-c139-4caf-8abf-8033568dc340'),
 ('23', '17', '18', '2', '3', 'it', '2017-01-20 10:10:46', '2017-01-23 14:02:43', '5502998a-f300-4193-838c-4c306d988551'),
 ('29', '28', '18', '2', '1', 'it', '2017-01-20 10:23:01', '2017-01-20 10:27:24', 'e9f2bd98-bda3-4e9f-bbdd-042fec71e608'),
 ('30', '28', '18', '2', '2', 'it', '2017-01-20 10:23:01', '2017-01-20 10:27:24', '9fc164a8-3159-45ac-b7b0-c233cc0ebe16'),
 ('31', '28', '18', '2', '3', 'it', '2017-01-20 10:23:01', '2017-01-20 10:27:24', '640a7824-926e-444c-b470-6b32b105d20f'),
 ('32', '6', '18', '3', '1', 'en', '2017-01-20 10:33:18', '2017-01-20 18:55:21', '66a4b7e8-21f4-473a-80ae-b029c051230f'),
 ('33', '6', '18', '3', '2', 'en', '2017-01-20 10:33:18', '2017-01-20 18:55:21', '893c8919-7021-41b7-b543-be8132434b12'),
 ('34', '6', '18', '3', '3', 'en', '2017-01-20 10:33:18', '2017-01-20 18:55:21', '3bbcf055-923f-4dfc-a5f4-c790c43c0e92'),
 ('35', '6', '18', '3', '4', 'en', '2017-01-20 10:33:18', '2017-01-20 18:55:21', '7693aaa1-3ef4-42b9-84bd-241b6f87d5c4'),
 ('43', '28', '18', '2', '1', 'en', '2017-01-20 17:15:27', '2017-01-20 17:15:27', '5197f428-b8a2-4b58-aa3b-31fb3e25f154'),
 ('44', '28', '18', '2', '2', 'en', '2017-01-20 17:15:28', '2017-01-20 17:15:28', '89c58263-1738-4489-a386-3e71045d5e6b'),
 ('45', '28', '18', '2', '3', 'en', '2017-01-20 17:15:28', '2017-01-20 17:15:28', '645b0248-c9ed-4fed-939f-9c04d7316c12'),
 ('46', '6', '18', '3', '1', 'it', '2017-01-20 18:11:56', '2017-01-20 18:11:56', 'be5c68e4-4bc6-4648-a840-5885102364e5'),
 ('47', '6', '18', '3', '2', 'it', '2017-01-20 18:11:56', '2017-01-20 18:11:56', '0eed778d-3d4b-4e37-a64e-8b9c1fa4ad5a'),
 ('48', '6', '18', '3', '3', 'it', '2017-01-20 18:11:56', '2017-01-20 18:11:56', 'bde34eeb-4a98-4c64-933f-696d5ca64897'),
 ('49', '6', '18', '3', '4', 'it', '2017-01-20 18:11:56', '2017-01-20 18:11:56', '8fdb3c00-4883-49ed-98b9-53b73998e315'),
 ('51', '17', '18', '2', '1', 'en', '2017-01-23 10:22:17', '2017-01-23 14:02:28', '90ed0f86-d0df-4e01-bb83-7687da0b880e'),
 ('52', '17', '18', '2', '2', 'en', '2017-01-23 10:22:17', '2017-01-23 14:02:28', '398e006b-7066-41ff-aaf8-aead501a37a4'),
 ('53', '17', '18', '2', '3', 'en', '2017-01-23 10:22:17', '2017-01-23 14:02:28', '56001a99-8008-4a2d-b61a-12889ede4e64'),
 ('57', '24', '18', '2', '1', 'it', '2017-01-23 14:05:09', '2017-01-23 14:05:09', '82e1a07f-b822-47a5-a0e8-74daeeaf0442'),
 ('58', '24', '18', '2', '2', 'it', '2017-01-23 14:05:09', '2017-01-23 14:05:09', '1f67f224-ebc9-4e6d-9a7b-3ee226f45a6a'),
 ('59', '24', '18', '2', '3', 'it', '2017-01-23 14:05:09', '2017-01-23 14:05:09', '0a270a8c-c5c6-4db8-8bc5-733bea8ee126'),
 ('60', '24', '18', '2', '1', 'en', '2017-01-23 14:05:33', '2017-01-23 14:05:33', 'febc8231-de1a-4456-83eb-5dab4883e263'),
 ('61', '24', '18', '2', '2', 'en', '2017-01-23 14:05:33', '2017-01-23 14:05:33', '9891f85f-b034-404c-b22c-adfee740cde5'),
 ('62', '24', '18', '2', '3', 'en', '2017-01-23 14:05:33', '2017-01-23 14:05:33', 'd4bcb802-de93-4575-bd7d-9fe7c3ce109c');



DROP TABLE IF EXISTS `craft_matrixblocktypes`;


--
-- Schema for table `craft_matrixblocktypes`
--
CREATE TABLE `craft_matrixblocktypes` (
  `id` int(11) NOT NULL AUTO_INCREMENT,
  `fieldId` int(11) NOT NULL,
  `fieldLayoutId` int(11) DEFAULT NULL,
  `name` varchar(255) COLLATE utf8_unicode_ci NOT NULL,
  `handle` varchar(255) COLLATE utf8_unicode_ci NOT NULL,
  `sortOrder` smallint(6) unsigned DEFAULT NULL,
  `dateCreated` datetime NOT NULL,
  `dateUpdated` datetime NOT NULL,
  `uid` char(36) COLLATE utf8_unicode_ci NOT NULL DEFAULT '0',
  PRIMARY KEY (`id`),
  UNIQUE KEY `craft_matrixblocktypes_name_fieldId_unq_idx` (`name`,`fieldId`),
  UNIQUE KEY `craft_matrixblocktypes_handle_fieldId_unq_idx` (`handle`,`fieldId`),
  KEY `craft_matrixblocktypes_fieldId_fk` (`fieldId`),
  KEY `craft_matrixblocktypes_fieldLayoutId_fk` (`fieldLayoutId`)
) ENGINE=InnoDB AUTO_INCREMENT=4 DEFAULT CHARSET=utf8 COLLATE=utf8_unicode_ci;

--
-- Data for table `craft_matrixblocktypes`
--

INSERT INTO `craft_matrixblocktypes` (`id`, `fieldId`, `fieldLayoutId`, `name`, `handle`, `sortOrder`, `dateCreated`, `dateUpdated`, `uid`) VALUES
 ('2', '18', '51', 'singola', 'singola', '1', '2017-01-20 09:52:21', '2017-01-20 18:10:24', 'b9994b71-af2c-4419-870d-95b01449951f'),
 ('3', '18', '52', 'doppia', 'doppia', '2', '2017-01-20 09:59:02', '2017-01-20 18:10:25', 'a89906d9-5972-4664-9e6e-60742f264133');



DROP TABLE IF EXISTS `craft_matrixcontent_slide`;


--
-- Schema for table `craft_matrixcontent_slide`
--
CREATE TABLE `craft_matrixcontent_slide` (
  `id` int(11) NOT NULL AUTO_INCREMENT,
  `elementId` int(11) NOT NULL,
  `locale` char(12) COLLATE utf8_unicode_ci NOT NULL,
  `field_first_first` text COLLATE utf8_unicode_ci,
  `field_first_second` text COLLATE utf8_unicode_ci,
  `field_singola_uno` text COLLATE utf8_unicode_ci,
  `field_doppia_uno` text COLLATE utf8_unicode_ci,
  `field_doppia_due` text COLLATE utf8_unicode_ci,
  `dateCreated` datetime NOT NULL,
  `dateUpdated` datetime NOT NULL,
  `uid` char(36) COLLATE utf8_unicode_ci NOT NULL DEFAULT '0',
  PRIMARY KEY (`id`),
  UNIQUE KEY `craft_matrixcontent_slide_elementId_locale_unq_idx` (`elementId`,`locale`),
  KEY `craft_matrixcontent_slide_locale_fk` (`locale`)
) ENGINE=InnoDB AUTO_INCREMENT=45 DEFAULT CHARSET=utf8 COLLATE=utf8_unicode_ci;

--
-- Data for table `craft_matrixcontent_slide`
--

INSERT INTO `craft_matrixcontent_slide` (`id`, `elementId`, `locale`, `field_first_first`, `field_first_second`, `field_singola_uno`, `field_doppia_uno`, `field_doppia_due`, `dateCreated`, `dateUpdated`, `uid`) VALUES
 ('1', '7', 'it', 'yes', 'yeah', NULL, NULL, NULL, '2017-01-19 16:36:20', '2017-01-19 16:36:20', '180849c9-bc1e-441b-bb4b-4515ce2595a6'),
 ('4', '20', 'it', NULL, NULL, 'Una linea unica di <b>assorbenti esterni con ali</b> in <b>100% cotone</b>, che garantisce comfort e protezione.<br />I modelli <b>DOT</b> con ali sia per il <b>giorno</b> che per la <b>notte</b>, si adattano alle diverse esigenze di flusso rispettando il tuo corpo naturalmente.', NULL, NULL, '2017-01-20 09:59:32', '2017-01-23 14:02:43', '3c5d6086-727f-4a92-9856-8401f3a95a94'),
 ('6', '22', 'it', NULL, NULL, '<b>DOT</b> esterno con ali ergonomico, è dotato di barriera Odour-block e di un esclusivo <b>Top-sheet antibatterico brevettato</b>; previene l’insorgenza delle più comuni infezioni batteriche grazie alla composizione <b>naturale e brevettata</b>.', NULL, NULL, '2017-01-20 10:10:46', '2017-01-23 14:02:43', 'c08fc3c0-869a-4642-a6b1-6fa32b9ed0c8'),
 ('7', '23', 'it', NULL, NULL, 'Disponibile nelle varianti <b>Regular</b> e <b>Super</b>, rispettivamente per flussi normali e flussi intensi come quelli della notte.<br /> Il design con ali garantisce una maggiore protezione per tutto il giorno, così potrai <b>sentirti più sicura e a tuo agio</b> sempre.', NULL, NULL, '2017-01-20 10:10:46', '2017-01-23 14:02:43', '7c859d83-7ebf-4aef-ac18-710760eddf97'),
 ('11', '29', 'it', NULL, NULL, '<b>DOT assorbenti interni</b> in <b>100% cotone organico</b> offre una protezione pratica e totale grazie all’esclusivo applicatore igienico ed ergonomico che ne facilita l’introduzione.', NULL, NULL, '2017-01-20 10:23:01', '2017-01-20 10:27:24', 'a3184db5-b68a-4338-be36-b10d7ea798ce'),
 ('12', '30', 'it', NULL, NULL, 'I tamponi <b>DOT</b> contribuiscono al benessere del tuo corpo: <b>non irritano, rispettano il tuo ph naturale e la flora vaginale</b>.<br />Il design degli assorbenti interni DOT permette un <b>inserimento e una rimozione facili</b> ed è studiato per offrirti tutta la <b>protezione e praticità di cui hai bisogno</b>.', NULL, NULL, '2017-01-20 10:23:01', '2017-01-20 10:27:24', '34ef8f49-6b56-4bd6-84fc-e9c0980e4036'),
 ('13', '31', 'it', NULL, NULL, 'Un’innovativa linea di prodotti per l’igiene femminile, disponibile nelle varianti <b>Soft, Regular</b> e <b>Super</b>, rispettivamente per flussi da leggeri a medi fino a quelli per i giorni più intensi.<br />L’utilizzo del cotone 100% organico <b>riduce l’insorgenza della sindrome della TSS allo 0%</b>.', NULL, NULL, '2017-01-20 10:23:01', '2017-01-20 10:27:24', 'd8b066b9-59eb-4042-8d73-754272915af9'),
 ('22', '43', 'en', NULL, NULL, '<b>DOT Tampons</b> in <b>100% organic cotton</b> offer to you an handy and total protection thanks to the exclusive <b>hygienic and ergonomic applicator</b> that allows an easy insertion.', NULL, NULL, '2017-01-20 17:15:27', '2017-01-20 17:15:27', 'a8662869-77ea-4466-999c-72f99eda4c13'),
 ('23', '44', 'en', NULL, NULL, '<b>DOT Tampons</b> contribute to your body wellness: it does not irritate, it respects your natural Ph and Vaginal flora. The <b>innovative small sized design</b>, guarantees greater insertion simplicity, to offer you all the protection and that you <b>need</b>.', NULL, NULL, '2017-01-20 17:15:27', '2017-01-20 17:15:27', '1bbfacc8-fe6d-4382-9e29-872912404a67'),
 ('24', '45', 'en', NULL, NULL, 'An innovative line of products for the feminine hygiene, available in the <b>Soft, Regular</b> and <b>Ultra</b> variants, respectively for flows from light to medium, till those for more intense days. The use of the 100% Organic Cotton <b>reduces the occurence of the TSS* syndrome to 0%</ b>.', NULL, NULL, '2017-01-20 17:15:28', '2017-01-20 17:15:28', '91ff0d8e-708b-4207-9141-71f79c1dc9fb'),
 ('25', '32', 'en', NULL, NULL, NULL, '<b>DOT</b> is a line of innovative products, dedicated to feminine and hygienic world during the menstrual cycle. Thanks to their <b>100% Cotton</b> formulation and to its special <b>Combimedica patent</b>, they are not only <b>hypoallergenic</b> but also <b>naturally antibacterial</b>', '<b>DOT is available in the most common formats, these include</b>: Pads with wings for the day, Pads with wings for the night, Pantyliners and Tampons. Every <b>DOT</b> is available in different variants, depending to the desired absorbency degree. That’s because the aim of every product is to make you feel comfortable and safely protected.', '2017-01-20 17:59:56', '2017-01-20 18:55:21', 'c99576c7-af3c-4a8d-8bce-b7b99f2a5af5'),
 ('26', '33', 'en', NULL, NULL, NULL, 'We are trying to turn a complicated period of the month into something <b>less heavy</b>. On average, Women spend <b>10 years</b> having periods in their lifetime;', 'The average woman will use nearly <b>11’000 tampons</b> over her lifetime; Women will experience about <b>450 periods</b> over their lifetime. ', '2017-01-20 17:59:56', '2017-01-20 18:55:21', '05f6e0fb-5c3c-4220-8505-08dcdae6f006'),
 ('27', '34', 'en', NULL, NULL, NULL, 'Did you know that the use of <b>100% Organic Cotton Tampons </b>, reduces the occurrence of TSS (Toxic Shock Syndrome) to <b>0%</b>? ', 'Producing our products with channelled system and in <b>100%</b> cotton, we want to differentiate ourselves informing you and making you feel protected, in complete comfort.', '2017-01-20 17:59:56', '2017-01-20 18:55:21', '46ea7dec-2ed8-47f6-b15f-9f9a4181bcaf'),
 ('28', '35', 'en', NULL, NULL, NULL, 'The occurrence of the <b>Menstrual TSS Syndrome</b> may occurr while using poor quality Tampons or Tampons with harmful additives for the internal mucous. ', 'Remember preferably to alternate, during the Menstrual cycle, the use of Internal and external Pads and to frequently change your Tampons using <b>100% Organic Cotton Tampons</b> like our <b>DOT</b>.', '2017-01-20 17:59:56', '2017-01-20 18:55:21', '7ce0a50d-885d-4675-9ed4-51b05cd596a4'),
 ('32', '46', 'it', NULL, NULL, NULL, '<b>DOT</b> è una linea di <b>prodotti innovativi</b>, dedicati al mondo dell’<b>igiene femminile</b>, nel periodo del ciclo mestruale.<br /> Grazie alla loro formulazione in <b>100% cotone</b> ed ad uno speciale <b>brevetto Combimedica</b>, non solo sono <b>anallergici,</b> ma anche <b>naturalmente antibatterici</b>.', '<b>DOT</b> è disponibile nei più comuni formati: <b>Assorbenti con ali giorno e notte</b>, <b>Salvaslip</b> e <b>Tamponi interni</b>.<br />Diverse varianti, pensate in base <b>grado di assorbenza desiderato</b>; perché il nostro obiettivo è quello di farti sentire a tuo agio e protetta in modo sicuro e naturale.', '2017-01-20 18:11:56', '2017-01-20 18:11:56', '88cfbaaa-8cb9-4234-8fbb-6698a3ff4dd0'),
 ('33', '47', 'it', NULL, NULL, NULL, 'Vogliamo rendere un periodo complicato del mese, un po’ meno pesante:</br>in media una donna passa <b>10 anni</b> della sua vita in compagnia del ciclo mestruale;', 'Si calcola che in un’intera vita, una donna, possa arrivare ad utilizzare all’incirca <b>11.000 tamponi</b> e che <br>il numero di cicli che una donna sperimenta mediamente durante la vita ammonta a <b>450</b>.', '2017-01-20 18:11:56', '2017-01-20 18:11:56', '0801c9d4-7497-4c98-8045-91d7006f5ea0'),
 ('34', '48', 'it', NULL, NULL, NULL, 'Lo sapevi che l’utilizzo di assorbenti interni in 100% cotone organico, <b>riduce l’insorgenza della TSS</b> (Sindrome da shock tossico) <b>allo 0%</b>?', 'Producendo i nostri prodotti con <b>filiera controllata e in 100% cotone</b>, vogliamo differenziarci: informandoti facendoti però sentire <b>protetta</b> ed in <b>totale comfort</b>.', '2017-01-20 18:11:56', '2017-01-20 18:11:56', 'eb1fad97-d4b5-4dec-9fc7-69bed2c0960a'),
 ('35', '49', 'it', NULL, NULL, NULL, 'La <b>sindrome da shock tossico</b>, anche conosciuta come TSS, è una <b>malattia rara</b> che si può verificare <b>utilizzando assorbenti interni di scarsa qualità</b> o con additivi dannosi per le mucose interne.', 'Ricordati di <b>alternare</b>, durante il ciclo, <b>l’utilizzo di assorbenti interni ed esterni</b> e di <b>cambiare spesso il tuo assorbente interno</b> e <b>utilizza tamponi in 100% cotone organico</b> come i nostri.<br />', '2017-01-20 18:11:56', '2017-01-20 18:11:56', '52eaf8af-9116-4f5e-9f96-cff94f0aa2ec'),
 ('36', '51', 'en', NULL, NULL, 'A unique line of Pads with wings made in <b>100% cotton</b> that guarantees comfort and protection. <b>DOT’s</b> models with wings whether for the day or the night, are adaptable to different flows needs, taking care of your body <b>naturally</b>.', NULL, NULL, '2017-01-23 10:22:17', '2017-01-23 14:02:28', '927f0067-8ee8-40d2-95b1-660903c3b739'),
 ('37', '52', 'en', NULL, NULL, '<b>DOT</b> is an unique pad of its kind. <b>Ergonomically</b> designed with the <b>Odour-block barrier</b> and the exclusive patented <b>antibacterial Top-sheet</b>, it prevents the occurrence of the most common bacterial infections thanks to the natural and patented composition. ', NULL, NULL, '2017-01-23 10:22:17', '2017-01-23 14:02:28', '4dc6fec7-233c-42c9-95ff-f29dcde32456'),
 ('38', '53', 'en', NULL, NULL, 'An innovative line of products for the <b>feminine hygiene</b>, available in the <b>Regular</b> and <b>Ultra</b> variants, respectively for a normal and intense flows like those at night. The <b>revolutionary design</b> with wings guarantees greater protection, so you can stay confident at any time.', NULL, NULL, '2017-01-23 10:22:17', '2017-01-23 14:02:28', '1d7ae466-5846-4dd2-8a21-3ffb4091a587'),
 ('39', '57', 'it', NULL, NULL, '<b>DOT</b> proteggi slip in <b>100% cotone</b> ti offre tutta la protezione e il comfort che cerchi.<br />La sua <b>formula traspirante</b> si prende cura delicatamente della tua pelle, facendoti sentire al meglio tutto il giorno, ogni giorno.', NULL, NULL, '2017-01-23 14:05:09', '2017-01-23 14:05:09', 'e5e7ac49-aa14-4cb0-9564-d36e94a4d255'),
 ('40', '58', 'it', NULL, NULL, 'Il salvaslip <b>DOT</b> sono traspiranti e donano una sensazione di <b>freschezza</b> e <b>asciutto</b> garantendo un <b>elevato comfort</b> anche dopo un lungo periodo.<br />', NULL, NULL, '2017-01-23 14:05:09', '2017-01-23 14:05:09', 'e4bea396-7a34-4eda-a112-5d4890f8e2a3'),
 ('41', '59', 'it', NULL, NULL, 'Un’innovativa linea di prodotti per l’igiene femminile, disponibile nella variante <b>Soft</b>.<br />Un’ <b>extra-protezione</b> per sentirti più <b>sicura</b> con te stessa ed in mezzo agli altri.', NULL, NULL, '2017-01-23 14:05:09', '2017-01-23 14:05:09', '08ffe926-151a-4bc3-a32d-9bdca7165526'),
 ('42', '60', 'en', NULL, NULL, '<b>DOT Pantyliners in 100% cotton</b> offer you all the protection and the comfort that you need. Their <b>transpiring formula</b> gently takes care of your skin, making you feel better everyday, all day long.', NULL, NULL, '2017-01-23 14:05:33', '2017-01-23 14:05:33', '5733e27e-08c2-418d-8606-1326786de54a'),
 ('43', '61', 'en', NULL, NULL, '<b>DOT</b> Pantyliners are <b>totally transpirant</b>; they’re able to give you a pleasant sense of dry skin and freshness guaranteeing an <b>high comfort</b> even after a long period.', NULL, NULL, '2017-01-23 14:05:33', '2017-01-23 14:05:33', '051e7fb9-fa73-43d6-9d0a-a21acd7ae210'),
 ('44', '62', 'en', NULL, NULL, 'An innovative line of products for the feminine hygiene, available in the <b>Soft</b> variant. An <b>extra-protection</b> to feel more comfortable with yourself and with anyone else.', NULL, NULL, '2017-01-23 14:05:33', '2017-01-23 14:05:33', '9a8b5b61-e427-437e-9090-d640e16c28d2');



DROP TABLE IF EXISTS `craft_migrations`;


--
-- Schema for table `craft_migrations`
--
CREATE TABLE `craft_migrations` (
  `id` int(11) NOT NULL AUTO_INCREMENT,
  `pluginId` int(11) DEFAULT NULL,
  `version` varchar(255) COLLATE utf8_unicode_ci NOT NULL,
  `applyTime` datetime NOT NULL,
  `dateCreated` datetime NOT NULL,
  `dateUpdated` datetime NOT NULL,
  `uid` char(36) COLLATE utf8_unicode_ci NOT NULL DEFAULT '0',
  PRIMARY KEY (`id`),
  UNIQUE KEY `craft_migrations_version_unq_idx` (`version`),
  KEY `craft_migrations_pluginId_fk` (`pluginId`)
) ENGINE=InnoDB AUTO_INCREMENT=64 DEFAULT CHARSET=utf8 COLLATE=utf8_unicode_ci;

--
-- Data for table `craft_migrations`
--

INSERT INTO `craft_migrations` (`id`, `pluginId`, `version`, `applyTime`, `dateCreated`, `dateUpdated`, `uid`) VALUES
 ('1', NULL, 'm000000_000000_base', '2017-01-13 15:45:27', '2017-01-13 15:45:27', '2017-01-13 15:45:27', 'ca839d9c-23af-46c1-8bfb-7b90a13bcedd'),
 ('2', NULL, 'm140730_000001_add_filename_and_format_to_transformindex', '2017-01-13 15:45:27', '2017-01-13 15:45:27', '2017-01-13 15:45:27', '7dc4f333-353d-45d5-84e7-cd4afc58264b'),
 ('3', NULL, 'm140815_000001_add_format_to_transforms', '2017-01-13 15:45:27', '2017-01-13 15:45:27', '2017-01-13 15:45:27', '05c419ff-feba-4ee3-a716-0a7d43b4a51e'),
 ('4', NULL, 'm140822_000001_allow_more_than_128_items_per_field', '2017-01-13 15:45:27', '2017-01-13 15:45:27', '2017-01-13 15:45:27', '1f7e6729-f5c7-4b29-bc18-b069b4d87a68'),
 ('5', NULL, 'm140829_000001_single_title_formats', '2017-01-13 15:45:27', '2017-01-13 15:45:27', '2017-01-13 15:45:27', '863ce8dc-23ca-45d4-aa69-be57a2bfb5fb'),
 ('6', NULL, 'm140831_000001_extended_cache_keys', '2017-01-13 15:45:27', '2017-01-13 15:45:27', '2017-01-13 15:45:27', 'ffe648db-1ea3-4838-bbad-524e71a0b7cf'),
 ('7', NULL, 'm140922_000001_delete_orphaned_matrix_blocks', '2017-01-13 15:45:27', '2017-01-13 15:45:27', '2017-01-13 15:45:27', 'ba19425c-2675-463f-9367-ebf612e3baa6'),
 ('8', NULL, 'm141008_000001_elements_index_tune', '2017-01-13 15:45:27', '2017-01-13 15:45:27', '2017-01-13 15:45:27', 'b3ca8678-2ed8-469d-8bc3-13e660bfc002'),
 ('9', NULL, 'm141009_000001_assets_source_handle', '2017-01-13 15:45:27', '2017-01-13 15:45:27', '2017-01-13 15:45:27', 'a72e98ed-abc1-416e-af48-b4708c581d57'),
 ('10', NULL, 'm141024_000001_field_layout_tabs', '2017-01-13 15:45:27', '2017-01-13 15:45:27', '2017-01-13 15:45:27', '06cb3f9b-1771-437b-a07d-cf325a47c298'),
 ('11', NULL, 'm141030_000000_plugin_schema_versions', '2017-01-13 15:45:27', '2017-01-13 15:45:27', '2017-01-13 15:45:27', '7fdad794-4d08-4ad0-ac6e-30bc515544ba'),
 ('12', NULL, 'm141030_000001_drop_structure_move_permission', '2017-01-13 15:45:27', '2017-01-13 15:45:27', '2017-01-13 15:45:27', '3d4f35c7-f6d6-4917-a7ca-4030589c5ac9'),
 ('13', NULL, 'm141103_000001_tag_titles', '2017-01-13 15:45:27', '2017-01-13 15:45:27', '2017-01-13 15:45:27', '0eb23daa-84bc-400e-86e0-3fa58a222552'),
 ('14', NULL, 'm141109_000001_user_status_shuffle', '2017-01-13 15:45:27', '2017-01-13 15:45:27', '2017-01-13 15:45:27', 'bbdff865-096f-418d-bb6b-c3cff26a90a5'),
 ('15', NULL, 'm141126_000001_user_week_start_day', '2017-01-13 15:45:27', '2017-01-13 15:45:27', '2017-01-13 15:45:27', '6827efcb-8049-496e-8886-e2cc1e185889'),
 ('16', NULL, 'm150210_000001_adjust_user_photo_size', '2017-01-13 15:45:27', '2017-01-13 15:45:27', '2017-01-13 15:45:27', '7004b280-d38f-4855-bf58-30d1dd0dd881'),
 ('17', NULL, 'm150724_000001_adjust_quality_settings', '2017-01-13 15:45:27', '2017-01-13 15:45:27', '2017-01-13 15:45:27', '22badabd-b02c-4865-b5f7-ddbf40bb81fb'),
 ('18', NULL, 'm150827_000000_element_index_settings', '2017-01-13 15:45:27', '2017-01-13 15:45:27', '2017-01-13 15:45:27', 'a17e49b5-3c4b-414f-9c4a-4f9513280de7'),
 ('19', NULL, 'm150918_000001_add_colspan_to_widgets', '2017-01-13 15:45:27', '2017-01-13 15:45:27', '2017-01-13 15:45:27', '5636cc23-cfa6-49f3-9b15-2c4835640d23'),
 ('20', NULL, 'm151007_000000_clear_asset_caches', '2017-01-13 15:45:27', '2017-01-13 15:45:27', '2017-01-13 15:45:27', 'f8ab829f-ebbe-4788-bd11-589337d75602'),
 ('21', NULL, 'm151109_000000_text_url_formats', '2017-01-13 15:45:27', '2017-01-13 15:45:27', '2017-01-13 15:45:27', '87938840-645d-4436-85f2-c83c77797bb7'),
 ('22', NULL, 'm151110_000000_move_logo', '2017-01-13 15:45:27', '2017-01-13 15:45:27', '2017-01-13 15:45:27', '8f3646d7-28dc-4eb9-9fba-d50e9ea645c4'),
 ('23', NULL, 'm151117_000000_adjust_image_widthheight', '2017-01-13 15:45:27', '2017-01-13 15:45:27', '2017-01-13 15:45:27', '45d4f76b-51b5-4c93-907d-405b05d5a598'),
 ('24', NULL, 'm151127_000000_clear_license_key_status', '2017-01-13 15:45:27', '2017-01-13 15:45:27', '2017-01-13 15:45:27', '3004fbd8-fbe2-4a0c-9e70-1d2686fca12e'),
 ('25', NULL, 'm151127_000000_plugin_license_keys', '2017-01-13 15:45:27', '2017-01-13 15:45:27', '2017-01-13 15:45:27', 'deb0f780-5ba0-4f17-904e-37c395b1a096'),
 ('26', NULL, 'm151130_000000_update_pt_widget_feeds', '2017-01-13 15:45:27', '2017-01-13 15:45:27', '2017-01-13 15:45:27', '9a72edb2-aaaf-497a-9f7f-717e9577c32f'),
 ('27', NULL, 'm160114_000000_asset_sources_public_url_default_true', '2017-01-13 15:45:27', '2017-01-13 15:45:27', '2017-01-13 15:45:27', '8fdd1dcd-cb6e-450c-8eee-1533084bb7f3'),
 ('28', NULL, 'm160223_000000_sortorder_to_smallint', '2017-01-13 15:45:27', '2017-01-13 15:45:27', '2017-01-13 15:45:27', '68928e86-0f57-4e9b-a457-8d80a769602f'),
 ('29', NULL, 'm160229_000000_set_default_entry_statuses', '2017-01-13 15:45:27', '2017-01-13 15:45:27', '2017-01-13 15:45:27', 'e46ec7e5-bdcd-4044-a485-2ba5459989ab'),
 ('30', NULL, 'm160304_000000_client_permissions', '2017-01-13 15:45:27', '2017-01-13 15:45:27', '2017-01-13 15:45:27', 'a00ea3be-601a-4956-9895-503088862551'),
 ('31', NULL, 'm160322_000000_asset_filesize', '2017-01-13 15:45:27', '2017-01-13 15:45:27', '2017-01-13 15:45:27', '9bfbf38f-07c9-45a1-a636-15ab067ccc9c'),
 ('32', NULL, 'm160503_000000_orphaned_fieldlayouts', '2017-01-13 15:45:27', '2017-01-13 15:45:27', '2017-01-13 15:45:27', '2cb9d423-1d93-4f46-a8bd-aa165034455a'),
 ('33', NULL, 'm160510_000000_tasksettings', '2017-01-13 15:45:27', '2017-01-13 15:45:27', '2017-01-13 15:45:27', '75e04932-eff6-4e96-933d-8385981e33cd'),
 ('34', NULL, 'm160829_000000_pending_user_content_cleanup', '2017-01-13 15:45:27', '2017-01-13 15:45:27', '2017-01-13 15:45:27', 'a1b395a2-0b79-4e21-8e15-7f8836e05f79'),
 ('35', NULL, 'm160830_000000_asset_index_uri_increase', '2017-01-13 15:45:27', '2017-01-13 15:45:27', '2017-01-13 15:45:27', '20c26347-3c2e-445f-a1d6-6ecba1f47ffd'),
 ('36', NULL, 'm160919_000000_usergroup_handle_title_unique', '2017-01-13 15:45:27', '2017-01-13 15:45:27', '2017-01-13 15:45:27', '4bd42e0d-a695-433f-bef2-0c00ff422ddf'),
 ('37', NULL, 'm161108_000000_new_version_format', '2017-01-13 15:45:27', '2017-01-13 15:45:27', '2017-01-13 15:45:27', 'ac2fccde-f5a4-46c8-aa82-e527795161cd'),
 ('38', NULL, 'm161109_000000_index_shuffle', '2017-01-13 15:45:27', '2017-01-13 15:45:27', '2017-01-13 15:45:27', 'cca66cc4-354b-4787-9768-de83016e56ae'),
 ('39', '3', 'm151225_000000_seomatic_addHumansField', '2017-01-31 10:40:18', '2017-01-31 10:40:18', '2017-01-31 10:40:18', '7465c4f5-83b2-4867-84b0-558de470aa82'),
 ('40', '3', 'm151226_000000_seomatic_addTwitterFacebookFields', '2017-01-31 10:40:18', '2017-01-31 10:40:18', '2017-01-31 10:40:18', '0f015648-2fe1-4d5b-a662-0aa8300eceb8'),
 ('41', '3', 'm160101_000000_seomatic_addRobotsFields', '2017-01-31 10:40:18', '2017-01-31 10:40:18', '2017-01-31 10:40:18', '405af791-b4d6-4bb0-8c69-13ae960bf3d3'),
 ('42', '3', 'm160111_000000_seomatic_addTitleFields', '2017-01-31 10:40:18', '2017-01-31 10:40:18', '2017-01-31 10:40:18', 'b019e7d2-e421-43a8-84ab-fb4c71d88290'),
 ('43', '3', 'm160122_000000_seomatic_addTypeFields', '2017-01-31 10:40:18', '2017-01-31 10:40:18', '2017-01-31 10:40:18', '47d439a2-4dfe-45e3-ae94-94742c1cfc1d'),
 ('44', '3', 'm160123_000000_seomatic_addOpeningHours', '2017-01-31 10:40:18', '2017-01-31 10:40:18', '2017-01-31 10:40:18', 'eaae3aea-7483-438a-a9c8-66d9ada585d5'),
 ('45', '3', 'm160202_000000_seomatic_addSocialHandles', '2017-01-31 10:40:18', '2017-01-31 10:40:18', '2017-01-31 10:40:18', '03aa3869-8b80-4b91-bef0-830dbb52f242'),
 ('46', '3', 'm160204_000000_seomatic_addGoogleAnalytics', '2017-01-31 10:40:18', '2017-01-31 10:40:18', '2017-01-31 10:40:18', 'ef019fde-6982-4d0f-890c-35fdc206d62e'),
 ('47', '3', 'm160205_000000_seomatic_addResturantMenu', '2017-01-31 10:40:18', '2017-01-31 10:40:18', '2017-01-31 10:40:18', 'ec7bdf65-c232-4ff2-8f9f-93587b8402de'),
 ('48', '3', 'm160206_000000_seomatic_addGoogleAnalyticsPlugins', '2017-01-31 10:40:18', '2017-01-31 10:40:18', '2017-01-31 10:40:18', '4734d4a6-f489-4978-ac9d-518b30bf0604'),
 ('49', '3', 'm160206_000000_seomatic_addGoogleAnalyticsSendPageView', '2017-01-31 10:40:18', '2017-01-31 10:40:18', '2017-01-31 10:40:18', '52e13742-f12c-44e4-88c2-5fdef3cfeddb'),
 ('50', '3', 'm160209_000000_seomatic_alterDescriptionsColumns', '2017-01-31 10:40:18', '2017-01-31 10:40:18', '2017-01-31 10:40:18', '5bbdc573-ec20-472e-80d6-08f3ce1f106a'),
 ('51', '3', 'm160209_000001_seomatic_addRobotsTxt', '2017-01-31 10:40:18', '2017-01-31 10:40:18', '2017-01-31 10:40:18', '0e41db22-6872-4e0b-971f-d9050c1b890b'),
 ('52', '3', 'm160227_000000_seomatic_addFacebookAppId', '2017-01-31 10:40:18', '2017-01-31 10:40:18', '2017-01-31 10:40:18', 'b6e826bf-657e-486d-8a8f-b5b3f24efa90'),
 ('53', '3', 'm160416_000000_seomatic_addContactPoints', '2017-01-31 10:40:18', '2017-01-31 10:40:18', '2017-01-31 10:40:18', '2e6ca719-1526-473f-95d5-6daf4820bf3c'),
 ('54', '3', 'm160509_000000_seomatic_addSiteLinksBing', '2017-01-31 10:40:18', '2017-01-31 10:40:18', '2017-01-31 10:40:18', '1c6d0356-a782-4305-a9a0-3f571263ad11'),
 ('55', '3', 'm160707_000000_seomatic_addGoogleTagManager', '2017-01-31 10:40:18', '2017-01-31 10:40:18', '2017-01-31 10:40:18', '40e40c3b-0085-405b-a7b7-4f5694f83a6f'),
 ('56', '3', 'm160715_000000_seomatic_addSeoImageTransforms', '2017-01-31 10:40:18', '2017-01-31 10:40:18', '2017-01-31 10:40:18', '0aa27b0b-7c1c-4e24-8152-8370e46f9f35'),
 ('57', '3', 'm160723_000000_seomatic_addSeoMainEntityOfPage', '2017-01-31 10:40:18', '2017-01-31 10:40:18', '2017-01-31 10:40:18', '1bfd5f02-7bbb-4dac-8880-1a5dba6c9561'),
 ('58', '3', 'm160724_000000_seomatic_addSeoMainEntityCategory', '2017-01-31 10:40:18', '2017-01-31 10:40:18', '2017-01-31 10:40:18', '3d70753d-6ab9-4f88-9031-0c661d7d7911'),
 ('59', '3', 'm160811_000000_seomatic_addVimeo', '2017-01-31 10:40:18', '2017-01-31 10:40:18', '2017-01-31 10:40:18', 'bcf01807-86cd-40b2-a556-b7c1dba3a866'),
 ('60', '3', 'm160904_000000_seomatic_addTwitterFacebookImages', '2017-01-31 10:40:18', '2017-01-31 10:40:18', '2017-01-31 10:40:18', '7ade18b8-67d4-4376-aa28-6e8b6b0d5e16'),
 ('61', '3', 'm161220_000000_seomatic_addPriceRange', '2017-01-31 10:40:18', '2017-01-31 10:40:18', '2017-01-31 10:40:18', 'f196b0d7-9ce8-4d9a-adfb-f148a316b57b'),
 ('62', '3', 'm170212_000000_seomatic_addGoogleAnalyticsAnonymizeIp', '2017-02-13 10:31:17', '2017-02-13 10:31:17', '2017-02-13 10:31:17', 'd1e122c4-17c2-4b6c-ba8c-8a775519930f'),
 ('63', '3', 'm170212_000000_seomatic_addWikipedia', '2017-02-13 10:31:17', '2017-02-13 10:31:17', '2017-02-13 10:31:17', 'b826d277-650b-4518-928d-4a743be5af13');



DROP TABLE IF EXISTS `craft_plugins`;


--
-- Schema for table `craft_plugins`
--
CREATE TABLE `craft_plugins` (
  `id` int(11) NOT NULL AUTO_INCREMENT,
  `class` varchar(150) COLLATE utf8_unicode_ci NOT NULL,
  `version` varchar(15) COLLATE utf8_unicode_ci NOT NULL,
  `schemaVersion` varchar(15) COLLATE utf8_unicode_ci DEFAULT NULL,
  `licenseKey` char(24) COLLATE utf8_unicode_ci DEFAULT NULL,
  `licenseKeyStatus` enum('valid','invalid','mismatched','unknown') COLLATE utf8_unicode_ci NOT NULL DEFAULT 'unknown',
  `enabled` tinyint(1) unsigned NOT NULL DEFAULT '0',
  `settings` text COLLATE utf8_unicode_ci,
  `installDate` datetime NOT NULL,
  `dateCreated` datetime NOT NULL,
  `dateUpdated` datetime NOT NULL,
  `uid` char(36) COLLATE utf8_unicode_ci NOT NULL DEFAULT '0',
  PRIMARY KEY (`id`)
) ENGINE=InnoDB AUTO_INCREMENT=4 DEFAULT CHARSET=utf8 COLLATE=utf8_unicode_ci;

--
-- Data for table `craft_plugins`
--

INSERT INTO `craft_plugins` (`id`, `class`, `version`, `schemaVersion`, `licenseKey`, `licenseKeyStatus`, `enabled`, `settings`, `installDate`, `dateCreated`, `dateUpdated`, `uid`) VALUES
 ('1', 'FieldManager', '1.5.3', '1.0.0', NULL, 'unknown', '1', NULL, '2017-01-19 14:21:06', '2017-01-19 14:21:06', '2017-09-11 13:50:44', '75b9454d-3811-4afb-9cd5-d2bed8613a16'),
 ('2', 'Kint', '1.1.0', '1.0.0', NULL, 'unknown', '1', '{\"kintDisplayTheme\":\"original\"}', '2017-01-20 17:39:22', '2017-01-20 17:39:22', '2017-09-11 13:50:44', 'fb643524-86ef-486d-aaf0-8f68bf8e1684'),
 ('3', 'Seomatic', '1.1.42', '1.1.25', NULL, 'unknown', '1', '{\"pluginNameOverride\":\"SEO\"}', '2017-01-31 10:40:18', '2017-01-31 10:40:18', '2017-09-11 13:50:44', 'e3b8271f-b107-4f31-a1c8-16ee07fc245a');



DROP TABLE IF EXISTS `craft_rackspaceaccess`;


--
-- Schema for table `craft_rackspaceaccess`
--
CREATE TABLE `craft_rackspaceaccess` (
  `id` int(11) NOT NULL AUTO_INCREMENT,
  `connectionKey` varchar(255) COLLATE utf8_unicode_ci NOT NULL,
  `token` varchar(255) COLLATE utf8_unicode_ci NOT NULL,
  `storageUrl` varchar(255) COLLATE utf8_unicode_ci NOT NULL,
  `cdnUrl` varchar(255) COLLATE utf8_unicode_ci NOT NULL,
  `dateCreated` datetime NOT NULL,
  `dateUpdated` datetime NOT NULL,
  `uid` char(36) COLLATE utf8_unicode_ci NOT NULL DEFAULT '0',
  PRIMARY KEY (`id`),
  UNIQUE KEY `craft_rackspaceaccess_connectionKey_unq_idx` (`connectionKey`)
) ENGINE=InnoDB DEFAULT CHARSET=utf8 COLLATE=utf8_unicode_ci;

DROP TABLE IF EXISTS `craft_relations`;


--
-- Schema for table `craft_relations`
--
CREATE TABLE `craft_relations` (
  `id` int(11) NOT NULL AUTO_INCREMENT,
  `fieldId` int(11) NOT NULL,
  `sourceId` int(11) NOT NULL,
  `sourceLocale` char(12) COLLATE utf8_unicode_ci DEFAULT NULL,
  `targetId` int(11) NOT NULL,
  `sortOrder` smallint(6) DEFAULT NULL,
  `dateCreated` datetime NOT NULL,
  `dateUpdated` datetime NOT NULL,
  `uid` char(36) COLLATE utf8_unicode_ci NOT NULL DEFAULT '0',
  PRIMARY KEY (`id`),
  UNIQUE KEY `craft_relations_fieldId_sourceId_sourceLocale_targetId_unq_idx` (`fieldId`,`sourceId`,`sourceLocale`,`targetId`),
  KEY `craft_relations_sourceId_fk` (`sourceId`),
  KEY `craft_relations_sourceLocale_fk` (`sourceLocale`),
  KEY `craft_relations_targetId_fk` (`targetId`)
) ENGINE=InnoDB DEFAULT CHARSET=utf8 COLLATE=utf8_unicode_ci;

DROP TABLE IF EXISTS `craft_routes`;


--
-- Schema for table `craft_routes`
--
CREATE TABLE `craft_routes` (
  `id` int(11) NOT NULL AUTO_INCREMENT,
  `locale` char(12) COLLATE utf8_unicode_ci DEFAULT NULL,
  `urlParts` varchar(255) COLLATE utf8_unicode_ci NOT NULL,
  `urlPattern` varchar(255) COLLATE utf8_unicode_ci NOT NULL,
  `template` varchar(255) COLLATE utf8_unicode_ci NOT NULL,
  `sortOrder` smallint(6) unsigned DEFAULT NULL,
  `dateCreated` datetime NOT NULL,
  `dateUpdated` datetime NOT NULL,
  `uid` char(36) COLLATE utf8_unicode_ci NOT NULL DEFAULT '0',
  PRIMARY KEY (`id`),
  UNIQUE KEY `craft_routes_urlPattern_unq_idx` (`urlPattern`),
  KEY `craft_routes_locale_idx` (`locale`)
) ENGINE=InnoDB DEFAULT CHARSET=utf8 COLLATE=utf8_unicode_ci;

DROP TABLE IF EXISTS `craft_searchindex`;


--
-- Schema for table `craft_searchindex`
--
CREATE TABLE `craft_searchindex` (
  `elementId` int(11) NOT NULL,
  `attribute` varchar(25) COLLATE utf8_unicode_ci NOT NULL,
  `fieldId` int(11) NOT NULL,
  `locale` char(12) COLLATE utf8_unicode_ci NOT NULL,
  `keywords` text COLLATE utf8_unicode_ci NOT NULL,
  PRIMARY KEY (`elementId`,`attribute`,`fieldId`,`locale`),
  FULLTEXT KEY `craft_searchindex_keywords_idx` (`keywords`)
) ENGINE=MyISAM DEFAULT CHARSET=utf8 COLLATE=utf8_unicode_ci;

--
-- Data for table `craft_searchindex`
--

INSERT INTO `craft_searchindex` (`elementId`, `attribute`, `fieldId`, `locale`, `keywords`) VALUES
 ('1', 'username', '0', 'it', ' admin '),
 ('1', 'firstname', '0', 'it', ''),
 ('1', 'lastname', '0', 'it', ''),
 ('1', 'fullname', '0', 'it', ''),
 ('1', 'email', '0', 'it', ' contact adoratorio com '),
 ('1', 'slug', '0', 'it', ''),
 ('2', 'slug', '0', 'it', ' homepage '),
 ('2', 'title', '0', 'it', ' home '),
 ('2', 'field', '1', 'it', ' questo e in italiano '),
 ('7', 'field', '7', 'it', ' yes '),
 ('7', 'field', '8', 'it', ' yeah '),
 ('7', 'slug', '0', 'it', ''),
 ('6', 'field', '9', 'it', ' dot e disponibile nei piu comuni formati assorbenti con ali giorno e notte salvaslip e tamponi interni diverse varianti pensate in base grado di assorbenza desiderato perche il nostro obiettivo e quello di farti sentire a tuo agio e protetta in modo sicuro e naturale '),
 ('6', 'field', '9', 'en', ' dot e disponibile nei piu comuni formati assorbenti con ali giorno e notte salvaslip e tamponi interni diverse varianti pensate in base grado di assorbenza desiderato perche il nostro obiettivo e quello di farti sentire a tuo agio e protetta in modo sicuro e naturale '),
 ('2', 'slug', '0', 'en', ' homepage '),
 ('2', 'title', '0', 'en', ' welcome to dot '),
 ('6', 'title', '0', 'en', ' about '),
 ('17', 'title', '0', 'en', ' hygenic pad '),
 ('17', 'slug', '0', 'it', ' esterno '),
 ('17', 'title', '0', 'it', ' hygenic pad '),
 ('6', 'field', '6', 'it', ' dot e una linea di prodotti innovativi dedicati al mondo dell igiene femminile nel periodo del ciclo mestruale grazie alla loro formulazione in 100% cotone ed ad uno speciale brevetto combimedica non solo sono anallergici ma anche naturalmente antibatterici '),
 ('6', 'slug', '0', 'it', ' first '),
 ('6', 'title', '0', 'it', ' about '),
 ('6', 'field', '6', 'en', ' first '),
 ('6', 'slug', '0', 'en', ' first '),
 ('2', 'field', '1', 'en', ' this is in english '),
 ('30', 'slug', '0', 'it', ''),
 ('29', 'field', '19', 'it', ' dot assorbenti interni in 100% cotone organico offre una protezione pratica e totale grazie all esclusivo applicatore igienico ed ergonomico che ne facilita l introduzione '),
 ('35', 'field', '22', 'en', ' remember preferably to alternate during the menstrual cycle the use of internal and external pads and to frequently change your tampons using 100% organic cotton tampons like our dot '),
 ('31', 'slug', '0', 'it', ''),
 ('31', 'field', '19', 'it', ' un innovativa linea di prodotti per l igiene femminile disponibile nelle varianti soft regular e super rispettivamente per flussi da leggeri a medi fino a quelli per i giorni piu intensi l utilizzo del cotone 100% organico riduce l insorgenza della sindrome della tss allo 0% '),
 ('29', 'slug', '0', 'it', ''),
 ('30', 'field', '19', 'it', ' i tamponi dot contribuiscono al benessere del tuo corpo non irritano rispettano il tuo ph naturale e la flora vaginale il design degli assorbenti interni dot permette un inserimento e una rimozione facili ed e studiato per offrirti tutta la protezione e praticita di cui hai bisogno '),
 ('28', 'field', '18', 'it', ' dot assorbenti interni in 100% cotone organico offre una protezione pratica e totale grazie all esclusivo applicatore igienico ed ergonomico che ne facilita l introduzione i tamponi dot contribuiscono al benessere del tuo corpo non irritano rispettano il tuo ph naturale e la flora vaginale il design degli assorbenti interni dot permette un inserimento e una rimozione facili ed e studiato per offrirti tutta la protezione e praticita di cui hai bisogno un innovativa linea di prodotti per l igiene femminile disponibile nelle varianti soft regular e super rispettivamente per flussi da leggeri a medi fino a quelli per i giorni piu intensi l utilizzo del cotone 100% organico riduce l insorgenza della sindrome della tss allo 0% '),
 ('28', 'slug', '0', 'en', ' applicator tampon '),
 ('28', 'title', '0', 'en', ' applicator tampons '),
 ('6', 'field', '18', 'it', ' dot e una linea di prodotti innovativi dedicati al mondo dell igiene femminile nel periodo del ciclo mestruale grazie alla loro formulazione in 100% cotone ed ad uno speciale brevetto combimedica non solo sono anallergici ma anche naturalmente antibatterici dot e disponibile nei piu comuni formati assorbenti con ali giorno e notte salvaslip e tamponi interni diverse varianti pensate in base grado di assorbenza desiderato perche il nostro obiettivo e quello di farti sentire a tuo agio e protetta in modo sicuro e naturale vogliamo rendere un periodo complicato del mese un po meno pesante in media una donna passa 10 anni della sua vita in compagnia del ciclo mestruale si calcola che in un intera vita una donna possa arrivare ad utilizzare all incirca 11 000 tamponi e che il numero di cicli che una donna sperimenta mediamente durante la vita ammonta a 450 lo sapevi che l utilizzo di assorbenti interni in 100% cotone organico riduce l insorgenza della tss sindrome da shock tossico allo 0% producendo i nostri prodotti con filiera controllata e in 100% cotone vogliamo differenziarci informandoti facendoti pero sentire protetta ed in totale comfort la sindrome da shock tossico anche conosciuta come tss e una malattia rara che si puo verificare utilizzando assorbenti interni di scarsa qualita o con additivi dannosi per le mucose interne ricordati di alternare durante il ciclo l utilizzo di assorbenti interni ed esterni e di cambiare spesso il tuo assorbente interno e utilizza tamponi in 100% cotone organico come i nostri '),
 ('28', 'title', '0', 'it', ' applicator tampon '),
 ('28', 'slug', '0', 'it', ' applicator tampon '),
 ('24', 'title', '0', 'it', ' panty liner '),
 ('24', 'slug', '0', 'it', ' panty liner '),
 ('24', 'slug', '0', 'en', ' panty liner '),
 ('20', 'field', '19', 'it', ' una linea unica di assorbenti esterni con ali in 100% cotone che garantisce comfort e protezione i modelli dot con ali sia per il giorno che per la notte si adattano alle diverse esigenze di flusso rispettando il tuo corpo naturalmente '),
 ('20', 'field', '20', 'it', ''),
 ('20', 'slug', '0', 'it', ''),
 ('17', 'field', '18', 'it', ' una linea unica di assorbenti esterni con ali in 100% cotone che garantisce comfort e protezione i modelli dot con ali sia per il giorno che per la notte si adattano alle diverse esigenze di flusso rispettando il tuo corpo naturalmente dot esterno con ali ergonomico e dotato di barriera odour block e di un esclusivo top sheet antibatterico brevettato previene l insorgenza delle piu comuni infezioni batteriche grazie alla composizione naturale e brevettata disponibile nelle varianti regular e super rispettivamente per flussi normali e flussi intensi come quelli della notte il design con ali garantisce una maggiore protezione per tutto il giorno cosi potrai sentirti piu sicura e a tuo agio sempre '),
 ('17', 'slug', '0', 'en', ' esterno '),
 ('13', 'field', '6', 'it', ' dot esterno con ali ergonomico e dotato di barriera odour block e di un esclusivo top sheet antibatterico brevettato previene l insorgenza delle piu comuni infezioni batteriche grazie alla composizione naturale e brevettata '),
 ('13', 'slug', '0', 'it', ' seconda slide '),
 ('13', 'title', '0', 'it', ' seconda slide '),
 ('14', 'field', '6', 'it', ' dot esterno con ali ergonomico e dotato di barriera odour block e di un esclusivo top sheet antibatterico brevettato previene l insorgenza delle piu comuni infezioni batteriche grazie alla composizione naturale e brevettata '),
 ('14', 'slug', '0', 'it', ' seconda slide '),
 ('14', 'title', '0', 'it', ' seconda slide '),
 ('15', 'field', '6', 'it', ' dot esterno con ali ergonomico e dotato di barriera odour block e di un esclusivo top sheet antibatterico brevettato previene l insorgenza delle piu comuni infezioni batteriche grazie alla composizione naturale e brevettata '),
 ('15', 'slug', '0', 'it', ' seconda esterno '),
 ('15', 'title', '0', 'it', ' seconda slide '),
 ('16', 'field', '6', 'it', ' dot esterno con ali ergonomico e dotato di barriera odour block e di un esclusivo top sheet antibatterico brevettato previene l insorgenza delle piu comuni infezioni batteriche grazie alla composizione naturale e brevettata '),
 ('16', 'slug', '0', 'it', ' seconda esterno '),
 ('16', 'title', '0', 'it', ' seconda slide '),
 ('22', 'field', '19', 'it', ' dot esterno con ali ergonomico e dotato di barriera odour block e di un esclusivo top sheet antibatterico brevettato previene l insorgenza delle piu comuni infezioni batteriche grazie alla composizione naturale e brevettata '),
 ('22', 'slug', '0', 'it', ''),
 ('23', 'field', '19', 'it', ' disponibile nelle varianti regular e super rispettivamente per flussi normali e flussi intensi come quelli della notte il design con ali garantisce una maggiore protezione per tutto il giorno cosi potrai sentirti piu sicura e a tuo agio sempre '),
 ('23', 'slug', '0', 'it', ''),
 ('24', 'title', '0', 'en', ' panty liner '),
 ('24', 'field', '18', 'it', ' dot proteggi slip in 100% cotone ti offre tutta la protezione e il comfort che cerchi la sua formula traspirante si prende cura delicatamente della tua pelle facendoti sentire al meglio tutto il giorno ogni giorno il salvaslip dot sono traspiranti e donano una sensazione di freschezza e asciutto garantendo un elevato comfort anche dopo un lungo periodo un innovativa linea di prodotti per l igiene femminile disponibile nella variante soft un extra protezione per sentirti piu sicura con te stessa ed in mezzo agli altri '),
 ('60', 'field', '19', 'en', ' dot pantyliners in 100% cotton offer you all the protection and the comfort that you need their transpiring formula gently takes care of your skin making you feel better everyday all day long '),
 ('24', 'field', '18', 'en', ' dot pantyliners in 100% cotton offer you all the protection and the comfort that you need their transpiring formula gently takes care of your skin making you feel better everyday all day long dot pantyliners are totally transpirant they re able to give you a pleasant sense of dry skin and freshness guaranteeing an high comfort even after a long period an innovative line of products for the feminine hygiene available in the soft variant an extra protection to feel more comfortable with yourself and with anyone else '),
 ('32', 'field', '21', 'it', ' dot e una linea di prodotti innovativi dedicati al mondo dell igiene femminile nel periodo del ciclo mestruale grazie alla loro formulazione in 100% cotone ed ad uno speciale brevetto combimedica non solo sono anallergici ma anche naturalmente antibatterici '),
 ('32', 'field', '22', 'it', ' dot e disponibile nei piu comuni formati assorbenti con ali giorno e notte salvaslip e tamponi interni diverse varianti pensate in base grado di assorbenza desiderato perche il nostro obiettivo e quello di farti sentire a tuo agio e protetta in modo sicuro e naturale '),
 ('32', 'slug', '0', 'it', ''),
 ('33', 'field', '21', 'it', ' vogliamo rendere un periodo complicato del mese un po meno pesante in media una donna passa 10 anni della sua vita in compagnia del ciclo mestruale '),
 ('33', 'field', '22', 'it', ' si calcola che in un intera vita una donna possa arrivare ad utilizzare all incirca 11 000 tamponi e che il numero di cicli che una donna sperimenta mediamente durante la vita ammonta a 450 '),
 ('33', 'slug', '0', 'it', ''),
 ('34', 'field', '21', 'it', ' lo sapevi che l utilizzo di assorbenti interni in 100% cotone organico riduce l insorgenza della tss sindrome da shock tossico allo 0% '),
 ('34', 'field', '22', 'it', ' producendo i nostri prodotti con filiera controllata e in 100% cotone vogliamo differenziarci informandoti facendoti pero sentire protetta ed in totale comfort '),
 ('34', 'slug', '0', 'it', ''),
 ('35', 'field', '21', 'it', ' la sindrome da shock tossico anche conosciuta come tss e una malattia rara che si puo verificare utilizzando assorbenti interni di scarsa qualita o con additivi dannosi per le mucose interne '),
 ('35', 'field', '22', 'it', ' ricordati di alternare durante il ciclo l utilizzo di assorbenti interni ed esterni e di cambiare spesso il tuo assorbente interno e utilizza tamponi in 100% cotone organico come i nostri '),
 ('35', 'slug', '0', 'it', ''),
 ('38', 'slug', '0', 'en', ''),
 ('38', 'slug', '0', 'it', ''),
 ('38', 'field', '25', 'it', ' salvaslip '),
 ('38', 'field', '24', 'it', ' tamponiinterni '),
 ('38', 'field', '23', 'it', ' assorbentiesterni '),
 ('37', 'title', '0', 'en', ' contact dot '),
 ('37', 'slug', '0', 'en', ' contact '),
 ('37', 'title', '0', 'it', ' contatta dot '),
 ('37', 'slug', '0', 'it', ' contact '),
 ('38', 'field', '23', 'en', ' hygenicpad '),
 ('38', 'field', '24', 'en', ' applicatortampons '),
 ('38', 'field', '25', 'en', ' pantyliner '),
 ('6', 'field', '18', 'en', ' dot is a line of innovative products dedicated to feminine and hygienic world during the menstrual cycle thanks to their 100% cotton formulation and to its special combimedica patent they are not only hypoallergenic but also naturally antibacterial dot is available in the most common formats these include pads with wings for the day pads with wings for the night pantyliners and tampons every dot is available in different variants depending to the desired absorbency degree that s because the aim of every product is to make you feel comfortable and safely protected we are trying to turn a complicated period of the month into something less heavy on average women spend 10 years having periods in their lifetime the average woman will use nearly 11 000 tampons over her lifetime women will experience about 450 periods over their lifetime did you know that the use of 100% organic cotton tampons reduces the occurrence of tss toxic shock syndrome to 0% producing our products with channelled system and in 100% cotton we want to differentiate ourselves informing you and making you feel protected in complete comfort the occurrence of the menstrual tss syndrome may occurr while using poor quality tampons or tampons with harmful additives for the internal mucous remember preferably to alternate during the menstrual cycle the use of internal and external pads and to frequently change your tampons using 100% organic cotton tampons like our dot '),
 ('50', 'slug', '0', 'en', ''),
 ('35', 'field', '21', 'en', ' the occurrence of the menstrual tss syndrome may occurr while using poor quality tampons or tampons with harmful additives for the internal mucous '),
 ('50', 'slug', '0', 'it', ''),
 ('34', 'field', '21', 'en', ' did you know that the use of 100% organic cotton tampons reduces the occurrence of tss toxic shock syndrome to 0% '),
 ('34', 'field', '22', 'en', ' producing our products with channelled system and in 100% cotton we want to differentiate ourselves informing you and making you feel protected in complete comfort '),
 ('32', 'field', '21', 'en', ' dot is a line of innovative products dedicated to feminine and hygienic world during the menstrual cycle thanks to their 100% cotton formulation and to its special combimedica patent they are not only hypoallergenic but also naturally antibacterial '),
 ('50', 'field', '26', 'it', ' per cento '),
 ('33', 'field', '22', 'en', ' the average woman will use nearly 11 000 tampons over her lifetime women will experience about 450 periods over their lifetime ');
INSERT INTO `craft_searchindex` (`elementId`, `attribute`, `fieldId`, `locale`, `keywords`) VALUES
 ('33', 'field', '21', 'en', ' we are trying to turn a complicated period of the month into something less heavy on average women spend 10 years having periods in their lifetime '),
 ('32', 'field', '22', 'en', ' dot is available in the most common formats these include pads with wings for the day pads with wings for the night pantyliners and tampons every dot is available in different variants depending to the desired absorbency degree that s because the aim of every product is to make you feel comfortable and safely protected '),
 ('28', 'field', '18', 'en', ' dot tampons in 100% organic cotton offer to you an handy and total protection thanks to the exclusive hygienic and ergonomic applicator that allows an easy insertion dot tampons contribute to your body wellness it does not irritate it respects your natural ph and vaginal flora the innovative small sized design guarantees greater insertion simplicity to offer you all the protection and that you need an innovative line of products for the feminine hygiene available in the soft regular and ultra variants respectively for flows from light to medium till those for more intense days the use of the 100% organic cotton reduces the occurence of the tss syndrome to 0% '),
 ('43', 'field', '19', 'en', ' dot tampons in 100% organic cotton offer to you an handy and total protection thanks to the exclusive hygienic and ergonomic applicator that allows an easy insertion '),
 ('43', 'slug', '0', 'en', ''),
 ('44', 'field', '19', 'en', ' dot tampons contribute to your body wellness it does not irritate it respects your natural ph and vaginal flora the innovative small sized design guarantees greater insertion simplicity to offer you all the protection and that you need '),
 ('44', 'slug', '0', 'en', ''),
 ('45', 'field', '19', 'en', ' an innovative line of products for the feminine hygiene available in the soft regular and ultra variants respectively for flows from light to medium till those for more intense days the use of the 100% organic cotton reduces the occurence of the tss syndrome to 0% '),
 ('45', 'slug', '0', 'en', ''),
 ('6', 'field', '26', 'it', ' yesss '),
 ('50', 'field', '28', 'it', ' seguici su '),
 ('50', 'field', '27', 'it', ' richiedi '),
 ('6', 'field', '26', 'en', ' inglese '),
 ('32', 'slug', '0', 'en', ''),
 ('33', 'slug', '0', 'en', ''),
 ('34', 'slug', '0', 'en', ''),
 ('35', 'slug', '0', 'en', ''),
 ('17', 'field', '26', 'it', ' prova '),
 ('20', 'field', '19', 'en', ' una linea unica di assorbenti esterni con ali in 100% cotone organico che garantisce comfort e protezione i modelli dot con ali sia per il giorno che per la notte si adattano alle diverse esigenze di flusso rispettando il tuo corpo naturalmente '),
 ('22', 'field', '19', 'en', ' dot esterno con ali ergonomico e dotato di barriera odour block e di un esclusivo top sheet antibatterico brevettato previene l insorgenza delle piu comuni infezioni batteriche grazie alla composizione naturale e brevettata '),
 ('23', 'field', '19', 'en', ' disponibile nelle varianti regular e super rispettivamente per flussi normali e flussi intensi come quelli della notte il design con ali garantisce una maggiore protezione per tutto il giorno cosi potrai sentirti piu sicura e a tuo agio sempre '),
 ('17', 'field', '26', 'en', ' test '),
 ('17', 'field', '18', 'en', ' a unique line of pads with wings made in 100% cotton that guarantees comfort and protection dot s models with wings whether for the day or the night are adaptable to different flows needs taking care of your body naturally dot is an unique pad of its kind ergonomically designed with the odour block barrier and the exclusive patented antibacterial top sheet it prevents the occurrence of the most common bacterial infections thanks to the natural and patented composition an innovative line of products for the feminine hygiene available in the regular and ultra variants respectively for a normal and intense flows like those at night the revolutionary design with wings guarantees greater protection so you can stay confident at any time '),
 ('20', 'slug', '0', 'en', ''),
 ('22', 'slug', '0', 'en', ''),
 ('23', 'slug', '0', 'en', ''),
 ('50', 'field', '26', 'en', ' percent '),
 ('46', 'field', '21', 'it', ' dot e una linea di prodotti innovativi dedicati al mondo dell igiene femminile nel periodo del ciclo mestruale grazie alla loro formulazione in 100% cotone ed ad uno speciale brevetto combimedica non solo sono anallergici ma anche naturalmente antibatterici '),
 ('46', 'field', '22', 'it', ' dot e disponibile nei piu comuni formati assorbenti con ali giorno e notte salvaslip e tamponi interni diverse varianti pensate in base grado di assorbenza desiderato perche il nostro obiettivo e quello di farti sentire a tuo agio e protetta in modo sicuro e naturale '),
 ('46', 'slug', '0', 'it', ''),
 ('47', 'field', '21', 'it', ' vogliamo rendere un periodo complicato del mese un po meno pesante in media una donna passa 10 anni della sua vita in compagnia del ciclo mestruale '),
 ('47', 'field', '22', 'it', ' si calcola che in un intera vita una donna possa arrivare ad utilizzare all incirca 11 000 tamponi e che il numero di cicli che una donna sperimenta mediamente durante la vita ammonta a 450 '),
 ('47', 'slug', '0', 'it', ''),
 ('48', 'field', '21', 'it', ' lo sapevi che l utilizzo di assorbenti interni in 100% cotone organico riduce l insorgenza della tss sindrome da shock tossico allo 0% '),
 ('48', 'field', '22', 'it', ' producendo i nostri prodotti con filiera controllata e in 100% cotone vogliamo differenziarci informandoti facendoti pero sentire protetta ed in totale comfort '),
 ('48', 'slug', '0', 'it', ''),
 ('49', 'field', '21', 'it', ' la sindrome da shock tossico anche conosciuta come tss e una malattia rara che si puo verificare utilizzando assorbenti interni di scarsa qualita o con additivi dannosi per le mucose interne '),
 ('49', 'field', '22', 'it', ' ricordati di alternare durante il ciclo l utilizzo di assorbenti interni ed esterni e di cambiare spesso il tuo assorbente interno e utilizza tamponi in 100% cotone organico come i nostri '),
 ('49', 'slug', '0', 'it', ''),
 ('50', 'field', '27', 'en', ' request '),
 ('50', 'field', '28', 'en', ' follow us '),
 ('50', 'field', '29', 'it', ' chiudi '),
 ('50', 'field', '29', 'en', ' close '),
 ('51', 'field', '19', 'en', ' a unique line of pads with wings made in 100% cotton that guarantees comfort and protection dot s models with wings whether for the day or the night are adaptable to different flows needs taking care of your body naturally '),
 ('51', 'slug', '0', 'en', ''),
 ('52', 'field', '19', 'en', ' dot is an unique pad of its kind ergonomically designed with the odour block barrier and the exclusive patented antibacterial top sheet it prevents the occurrence of the most common bacterial infections thanks to the natural and patented composition '),
 ('52', 'slug', '0', 'en', ''),
 ('53', 'field', '19', 'en', ' an innovative line of products for the feminine hygiene available in the regular and ultra variants respectively for a normal and intense flows like those at night the revolutionary design with wings guarantees greater protection so you can stay confident at any time '),
 ('53', 'slug', '0', 'en', ''),
 ('54', 'field', '30', 'it', ' home '),
 ('54', 'field', '31', 'it', ' about us '),
 ('54', 'field', '32', 'it', ' esterni '),
 ('54', 'field', '33', 'it', ' interni '),
 ('54', 'field', '34', 'it', ' salvaslip '),
 ('54', 'field', '35', 'it', ' contatti '),
 ('54', 'slug', '0', 'it', ''),
 ('54', 'slug', '0', 'en', ''),
 ('54', 'field', '33', 'en', ' applicator tampons '),
 ('54', 'field', '30', 'en', ' home '),
 ('54', 'field', '31', 'en', ' about us '),
 ('54', 'field', '32', 'en', ' hygenic pads '),
 ('54', 'field', '34', 'en', ' panty liners '),
 ('54', 'field', '35', 'en', ' contacts '),
 ('55', 'field', '36', 'it', ' niente piu corse al negozio per emergenze con dot promettiamo di arrivare quando serviamo nella giusta quantita e di esserci finche avrai bisogno di noi '),
 ('55', 'field', '37', 'it', ' costruisci il tuo piano con i prodotti che preferisci ricevili comodamente a casa ogni tre mesi metti in pausa o cancella il tuo abbonamento quando desideri in totale trasparenza '),
 ('55', 'slug', '0', 'it', ''),
 ('55', 'slug', '0', 'en', ''),
 ('56', 'slug', '0', 'it', ''),
 ('56', 'slug', '0', 'en', ''),
 ('56', 'field', '38', 'it', ' nome cognome '),
 ('56', 'field', '39', 'it', ' la tua email '),
 ('56', 'field', '38', 'en', ' name surname '),
 ('56', 'field', '39', 'en', ' your email '),
 ('56', 'field', '40', 'it', ' numero di telefono '),
 ('56', 'field', '41', 'it', ' scrivici il tuo messaggio '),
 ('56', 'field', '43', 'it', ' grazie per averci contattato ti risponderemo a breve '),
 ('56', 'field', '42', 'it', ' accetta '),
 ('56', 'field', '44', 'it', ' invia '),
 ('56', 'field', '40', 'en', ' your mobile phone number '),
 ('56', 'field', '41', 'en', ' your message '),
 ('56', 'field', '43', 'en', ' thanks '),
 ('56', 'field', '42', 'en', ' accept '),
 ('56', 'field', '44', 'en', ' send '),
 ('57', 'field', '19', 'it', ' dot proteggi slip in 100% cotone ti offre tutta la protezione e il comfort che cerchi la sua formula traspirante si prende cura delicatamente della tua pelle facendoti sentire al meglio tutto il giorno ogni giorno '),
 ('57', 'slug', '0', 'it', ''),
 ('58', 'field', '19', 'it', ' il salvaslip dot sono traspiranti e donano una sensazione di freschezza e asciutto garantendo un elevato comfort anche dopo un lungo periodo '),
 ('58', 'slug', '0', 'it', ''),
 ('59', 'field', '19', 'it', ' un innovativa linea di prodotti per l igiene femminile disponibile nella variante soft un extra protezione per sentirti piu sicura con te stessa ed in mezzo agli altri '),
 ('59', 'slug', '0', 'it', ''),
 ('60', 'slug', '0', 'en', ''),
 ('61', 'field', '19', 'en', ' dot pantyliners are totally transpirant they re able to give you a pleasant sense of dry skin and freshness guaranteeing an high comfort even after a long period '),
 ('61', 'slug', '0', 'en', ''),
 ('62', 'field', '19', 'en', ' an innovative line of products for the feminine hygiene available in the soft variant an extra protection to feel more comfortable with yourself and with anyone else '),
 ('62', 'slug', '0', 'en', ''),
 ('37', 'field', '45', 'en', ' contact us to have more informations about our products and to receive a home visit from one of our special retailers dot by choice is not available retail in gdo or in pharmacies it is distributed only by us and with our subscription formula '),
 ('37', 'field', '45', 'it', ' siamo qui proprio per ogni cosa chiamaci oppure contattaci qui per qualsiasi tuo dubbio domanda e curiosita promettiamo di rispondere al piu presto '),
 ('55', 'field', '36', 'en', ' no more runs to the store for emergencies with dot we promise you to arrive when you need us with the right quantity and to be with you until you ll need us '),
 ('55', 'field', '37', 'en', ' build your own plan with the products you prefer comfortably receive them at home every three months pause or delete your subscription when you want in total transparency '),
 ('50', 'field', '46', 'it', ' scroll per '),
 ('50', 'field', '46', 'en', ' scroll down for ');
INSERT INTO `craft_searchindex` (`elementId`, `attribute`, `fieldId`, `locale`, `keywords`) VALUES
 ('38', 'field', '49', 'en', ' liner '),
 ('38', 'field', '48', 'it', ' esterni '),
 ('38', 'field', '47', 'it', ' interni '),
 ('38', 'field', '49', 'it', ' slip '),
 ('38', 'field', '48', 'en', ' pad '),
 ('38', 'field', '47', 'en', ' tampons '),
 ('64', 'filename', '0', 'it', ' socialcard png '),
 ('64', 'extension', '0', 'it', ' png '),
 ('64', 'kind', '0', 'it', ' image '),
 ('64', 'slug', '0', 'it', ' socialcard '),
 ('64', 'title', '0', 'it', ' socialcard '),
 ('64', 'filename', '0', 'en', ' socialcard png '),
 ('64', 'extension', '0', 'en', ' png '),
 ('64', 'kind', '0', 'en', ' image '),
 ('64', 'slug', '0', 'en', ' socialcard '),
 ('64', 'title', '0', 'en', ' socialcard ');



DROP TABLE IF EXISTS `craft_sections`;


--
-- Schema for table `craft_sections`
--
CREATE TABLE `craft_sections` (
  `id` int(11) NOT NULL AUTO_INCREMENT,
  `structureId` int(11) DEFAULT NULL,
  `name` varchar(255) COLLATE utf8_unicode_ci NOT NULL,
  `handle` varchar(255) COLLATE utf8_unicode_ci NOT NULL,
  `type` enum('single','channel','structure') COLLATE utf8_unicode_ci NOT NULL DEFAULT 'channel',
  `hasUrls` tinyint(1) unsigned NOT NULL DEFAULT '1',
  `template` varchar(500) COLLATE utf8_unicode_ci DEFAULT NULL,
  `enableVersioning` tinyint(1) unsigned NOT NULL DEFAULT '0',
  `dateCreated` datetime NOT NULL,
  `dateUpdated` datetime NOT NULL,
  `uid` char(36) COLLATE utf8_unicode_ci NOT NULL DEFAULT '0',
  PRIMARY KEY (`id`),
  UNIQUE KEY `craft_sections_name_unq_idx` (`name`),
  UNIQUE KEY `craft_sections_handle_unq_idx` (`handle`),
  KEY `craft_sections_structureId_fk` (`structureId`)
) ENGINE=InnoDB AUTO_INCREMENT=12 DEFAULT CHARSET=utf8 COLLATE=utf8_unicode_ci;

--
-- Data for table `craft_sections`
--

INSERT INTO `craft_sections` (`id`, `structureId`, `name`, `handle`, `type`, `hasUrls`, `template`, `enableVersioning`, `dateCreated`, `dateUpdated`, `uid`) VALUES
 ('1', NULL, 'Homepage', 'homepage', 'single', '1', 'index', '1', '2017-01-13 15:45:33', '2017-01-20 18:34:29', '6b9aa723-5479-4c5a-9fcd-896e97756d04'),
 ('5', NULL, 'About', 'about', 'single', '1', 'about', '1', '2017-01-19 16:32:52', '2017-01-20 18:09:06', '9897dacf-0b08-4656-8a89-80ef0ec9cbb2'),
 ('7', NULL, 'Hygenic Pad', 'hygenicPad', 'single', '1', 'hygenic-pad', '1', '2017-01-20 09:52:56', '2017-01-20 18:34:34', '827fb75f-f125-4cb6-9cd6-6b92911ce41b'),
 ('8', NULL, 'Panty Liner', 'pantyLiner', 'single', '1', 'panty-liner', '1', '2017-01-20 10:12:54', '2017-01-20 18:34:39', '9a0593e2-0831-4a24-b42d-0d3f792cbb0e'),
 ('9', NULL, 'Applicator Tampons', 'applicatorTampons', 'single', '1', 'applicator-tampons', '1', '2017-01-20 10:21:43', '2017-01-20 18:34:17', '50761b39-986b-48df-901c-a75ef80d772f'),
 ('11', NULL, 'Contact', 'contact', 'single', '1', 'contact', '1', '2017-01-20 11:57:51', '2017-01-23 14:06:44', '8a8dab06-6250-4fd4-ad5b-3074355c0567');



DROP TABLE IF EXISTS `craft_sections_i18n`;


--
-- Schema for table `craft_sections_i18n`
--
CREATE TABLE `craft_sections_i18n` (
  `id` int(11) NOT NULL AUTO_INCREMENT,
  `sectionId` int(11) NOT NULL,
  `locale` char(12) COLLATE utf8_unicode_ci NOT NULL,
  `enabledByDefault` tinyint(1) unsigned NOT NULL DEFAULT '1',
  `urlFormat` text COLLATE utf8_unicode_ci,
  `nestedUrlFormat` text COLLATE utf8_unicode_ci,
  `dateCreated` datetime NOT NULL,
  `dateUpdated` datetime NOT NULL,
  `uid` char(36) COLLATE utf8_unicode_ci NOT NULL DEFAULT '0',
  PRIMARY KEY (`id`),
  UNIQUE KEY `craft_sections_i18n_sectionId_locale_unq_idx` (`sectionId`,`locale`),
  KEY `craft_sections_i18n_locale_fk` (`locale`)
) ENGINE=InnoDB AUTO_INCREMENT=22 DEFAULT CHARSET=utf8 COLLATE=utf8_unicode_ci;

--
-- Data for table `craft_sections_i18n`
--

INSERT INTO `craft_sections_i18n` (`id`, `sectionId`, `locale`, `enabledByDefault`, `urlFormat`, `nestedUrlFormat`, `dateCreated`, `dateUpdated`, `uid`) VALUES
 ('1', '1', 'it', '1', '__home__', NULL, '2017-01-13 15:45:33', '2017-01-20 16:50:47', '625534bb-a09b-41b9-9f44-aabe4c6b0fe0'),
 ('3', '1', 'en', '1', '__home__', NULL, '2017-01-19 10:43:31', '2017-01-20 16:50:47', '19afac2a-ba3b-4318-9d45-a7c13cdbb65a'),
 ('8', '5', 'it', '1', 'about', NULL, '2017-01-19 16:32:52', '2017-01-20 10:20:38', 'bf46e418-273b-4f8e-b102-ebec03db495e'),
 ('9', '5', 'en', '1', 'about', NULL, '2017-01-19 16:32:52', '2017-01-20 18:09:06', 'f0cfbee0-c314-411c-a571-74eb800dc1a5'),
 ('12', '7', 'it', '1', 'hygenic-pad', NULL, '2017-01-20 09:52:56', '2017-01-20 10:05:09', 'dde0a290-46e6-483e-a4b1-affa01e753a1'),
 ('13', '7', 'en', '1', 'hygenic-pad', NULL, '2017-01-20 09:52:56', '2017-01-20 18:34:34', 'e453ed45-9470-4755-944a-28cd7e8b5867'),
 ('14', '8', 'it', '1', 'panty-liner', NULL, '2017-01-20 10:12:54', '2017-01-20 10:12:54', '0f8eb9a3-14d6-457d-94e2-3ddb05871e29'),
 ('15', '8', 'en', '1', 'panty-liner', NULL, '2017-01-20 10:12:54', '2017-01-20 18:34:39', 'a8d21622-565d-4882-9092-ff165b26a5cb'),
 ('16', '9', 'it', '1', 'applicator-tampons', NULL, '2017-01-20 10:21:43', '2017-01-20 10:28:10', 'ca99bec6-32e2-447a-8152-7e5eba54e98c'),
 ('17', '9', 'en', '1', 'applicator-tampons', NULL, '2017-01-20 10:21:43', '2017-01-20 18:34:17', '19e29d76-3819-44b7-a2e9-0bbdb8387fcd'),
 ('20', '11', 'it', '1', 'contact', NULL, '2017-01-20 11:57:51', '2017-01-20 11:57:51', '05a8a308-a79b-492e-a5a8-96b5615d4129'),
 ('21', '11', 'en', '1', 'contact', NULL, '2017-01-20 11:57:51', '2017-01-20 18:34:24', '3187c90e-a93b-4f5e-b482-e326fbd95b3d');



DROP TABLE IF EXISTS `craft_seomatic_meta`;


--
-- Schema for table `craft_seomatic_meta`
--
CREATE TABLE `craft_seomatic_meta` (
  `id` int(11) NOT NULL,
  `seoImageId` int(11) DEFAULT NULL,
  `seoTwitterImageId` int(11) DEFAULT NULL,
  `seoFacebookImageId` int(11) DEFAULT NULL,
  `locale` varchar(255) COLLATE utf8_unicode_ci DEFAULT 'it',
  `elementId` int(10) DEFAULT '0',
  `metaType` enum('default','template') COLLATE utf8_unicode_ci DEFAULT 'template',
  `metaPath` varchar(255) COLLATE utf8_unicode_ci DEFAULT '',
  `seoMainEntityCategory` varchar(255) COLLATE utf8_unicode_ci DEFAULT '',
  `seoMainEntityOfPage` varchar(255) COLLATE utf8_unicode_ci DEFAULT '',
  `seoTitle` varchar(255) COLLATE utf8_unicode_ci DEFAULT '',
  `seoDescription` varchar(255) COLLATE utf8_unicode_ci DEFAULT '',
  `seoKeywords` varchar(255) COLLATE utf8_unicode_ci DEFAULT '',
  `seoImageTransform` varchar(255) COLLATE utf8_unicode_ci DEFAULT '',
  `seoFacebookImageTransform` varchar(255) COLLATE utf8_unicode_ci DEFAULT '',
  `seoTwitterImageTransform` varchar(255) COLLATE utf8_unicode_ci DEFAULT '',
  `twitterCardType` varchar(255) COLLATE utf8_unicode_ci DEFAULT 'summary',
  `openGraphType` varchar(255) COLLATE utf8_unicode_ci DEFAULT 'website',
  `robots` varchar(255) COLLATE utf8_unicode_ci DEFAULT '',
  `dateCreated` datetime NOT NULL,
  `dateUpdated` datetime NOT NULL,
  `uid` char(36) COLLATE utf8_unicode_ci NOT NULL DEFAULT '0',
  PRIMARY KEY (`id`),
  KEY `craft_seomatic_meta_seoImageId_fk` (`seoImageId`),
  KEY `craft_seomatic_meta_seoTwitterImageId_fk` (`seoTwitterImageId`),
  KEY `craft_seomatic_meta_seoFacebookImageId_fk` (`seoFacebookImageId`)
) ENGINE=InnoDB DEFAULT CHARSET=utf8 COLLATE=utf8_unicode_ci;

DROP TABLE IF EXISTS `craft_seomatic_settings`;


--
-- Schema for table `craft_seomatic_settings`
--
CREATE TABLE `craft_seomatic_settings` (
  `id` int(11) NOT NULL AUTO_INCREMENT,
  `siteSeoImageId` int(11) DEFAULT NULL,
  `siteSeoTwitterImageId` int(11) DEFAULT NULL,
  `siteSeoFacebookImageId` int(11) DEFAULT NULL,
  `genericOwnerImageId` int(11) DEFAULT NULL,
  `genericCreatorImageId` int(11) DEFAULT NULL,
  `locale` varchar(255) COLLATE utf8_unicode_ci DEFAULT '',
  `siteSeoName` varchar(255) COLLATE utf8_unicode_ci DEFAULT '',
  `siteSeoTitle` varchar(255) COLLATE utf8_unicode_ci DEFAULT '',
  `siteSeoTitleSeparator` varchar(10) COLLATE utf8_unicode_ci DEFAULT '|',
  `siteSeoTitlePlacement` enum('before','after','none') COLLATE utf8_unicode_ci DEFAULT 'after',
  `siteSeoDescription` varchar(255) COLLATE utf8_unicode_ci DEFAULT '',
  `siteSeoKeywords` varchar(255) COLLATE utf8_unicode_ci DEFAULT '',
  `siteSeoImageTransform` varchar(100) COLLATE utf8_unicode_ci DEFAULT '',
  `siteSeoFacebookImageTransform` varchar(100) COLLATE utf8_unicode_ci DEFAULT '',
  `siteSeoTwitterImageTransform` varchar(100) COLLATE utf8_unicode_ci DEFAULT '',
  `siteTwitterCardType` varchar(50) COLLATE utf8_unicode_ci DEFAULT '',
  `siteOpenGraphType` varchar(50) COLLATE utf8_unicode_ci DEFAULT '',
  `siteRobots` varchar(50) COLLATE utf8_unicode_ci DEFAULT '',
  `siteRobotsTxt` text COLLATE utf8_unicode_ci,
  `siteLinksSearchTargets` text COLLATE utf8_unicode_ci,
  `siteLinksQueryInput` varchar(50) COLLATE utf8_unicode_ci DEFAULT '',
  `googleSiteVerification` varchar(100) COLLATE utf8_unicode_ci DEFAULT '',
  `bingSiteVerification` varchar(100) COLLATE utf8_unicode_ci DEFAULT '',
  `googleAnalyticsUID` varchar(50) COLLATE utf8_unicode_ci DEFAULT '',
  `googleTagManagerID` varchar(50) COLLATE utf8_unicode_ci DEFAULT '',
  `googleAnalyticsSendPageview` tinyint(1) unsigned NOT NULL DEFAULT '1',
  `googleAnalyticsAdvertising` tinyint(1) unsigned NOT NULL DEFAULT '0',
  `googleAnalyticsEcommerce` tinyint(1) unsigned NOT NULL DEFAULT '0',
  `googleAnalyticsEEcommerce` tinyint(1) unsigned NOT NULL DEFAULT '0',
  `googleAnalyticsLinkAttribution` tinyint(1) unsigned NOT NULL DEFAULT '0',
  `googleAnalyticsLinker` tinyint(1) unsigned NOT NULL DEFAULT '0',
  `googleAnalyticsAnonymizeIp` tinyint(1) NOT NULL,
  `siteOwnerType` varchar(50) COLLATE utf8_unicode_ci DEFAULT '',
  `siteOwnerSubType` varchar(50) COLLATE utf8_unicode_ci DEFAULT '',
  `siteOwnerSpecificType` varchar(50) COLLATE utf8_unicode_ci DEFAULT '',
  `genericOwnerName` varchar(255) COLLATE utf8_unicode_ci DEFAULT '',
  `genericOwnerAlternateName` varchar(255) COLLATE utf8_unicode_ci DEFAULT '',
  `genericOwnerDescription` varchar(1024) COLLATE utf8_unicode_ci DEFAULT '',
  `genericOwnerUrl` varchar(255) COLLATE utf8_unicode_ci DEFAULT '',
  `genericOwnerTelephone` varchar(255) COLLATE utf8_unicode_ci DEFAULT '',
  `genericOwnerEmail` varchar(255) COLLATE utf8_unicode_ci DEFAULT '',
  `genericOwnerStreetAddress` varchar(255) COLLATE utf8_unicode_ci DEFAULT '',
  `genericOwnerAddressLocality` varchar(255) COLLATE utf8_unicode_ci DEFAULT '',
  `genericOwnerAddressRegion` varchar(255) COLLATE utf8_unicode_ci DEFAULT '',
  `genericOwnerPostalCode` varchar(255) COLLATE utf8_unicode_ci DEFAULT '',
  `genericOwnerAddressCountry` varchar(255) COLLATE utf8_unicode_ci DEFAULT '',
  `genericOwnerGeoLatitude` varchar(255) COLLATE utf8_unicode_ci DEFAULT '',
  `genericOwnerGeoLongitude` varchar(255) COLLATE utf8_unicode_ci DEFAULT '',
  `organizationOwnerDuns` varchar(255) COLLATE utf8_unicode_ci DEFAULT '',
  `organizationOwnerFounder` varchar(255) COLLATE utf8_unicode_ci DEFAULT '',
  `organizationOwnerFoundingDate` varchar(255) COLLATE utf8_unicode_ci DEFAULT '',
  `organizationOwnerFoundingLocation` varchar(255) COLLATE utf8_unicode_ci DEFAULT '',
  `organizationOwnerContactPoints` text COLLATE utf8_unicode_ci,
  `localBusinessPriceRange` varchar(10) COLLATE utf8_unicode_ci DEFAULT '$$$',
  `localBusinessOwnerOpeningHours` text COLLATE utf8_unicode_ci,
  `corporationOwnerTickerSymbol` varchar(255) COLLATE utf8_unicode_ci DEFAULT '',
  `restaurantOwnerServesCuisine` varchar(255) COLLATE utf8_unicode_ci DEFAULT '',
  `restaurantOwnerMenuUrl` varchar(255) COLLATE utf8_unicode_ci DEFAULT '',
  `restaurantOwnerReservationsUrl` varchar(255) COLLATE utf8_unicode_ci DEFAULT '',
  `personOwnerGender` varchar(255) COLLATE utf8_unicode_ci DEFAULT '',
  `personOwnerBirthPlace` varchar(255) COLLATE utf8_unicode_ci DEFAULT '',
  `twitterHandle` varchar(50) COLLATE utf8_unicode_ci DEFAULT '',
  `facebookHandle` varchar(50) COLLATE utf8_unicode_ci DEFAULT '',
  `facebookProfileId` varchar(50) COLLATE utf8_unicode_ci DEFAULT '',
  `facebookAppId` varchar(50) COLLATE utf8_unicode_ci DEFAULT '',
  `linkedInHandle` varchar(50) COLLATE utf8_unicode_ci DEFAULT '',
  `googlePlusHandle` varchar(50) COLLATE utf8_unicode_ci DEFAULT '',
  `youtubeHandle` varchar(50) COLLATE utf8_unicode_ci DEFAULT '',
  `youtubeChannelHandle` varchar(50) COLLATE utf8_unicode_ci DEFAULT '',
  `instagramHandle` varchar(50) COLLATE utf8_unicode_ci DEFAULT '',
  `pinterestHandle` varchar(50) COLLATE utf8_unicode_ci DEFAULT '',
  `githubHandle` varchar(50) COLLATE utf8_unicode_ci DEFAULT '',
  `vimeoHandle` varchar(50) COLLATE utf8_unicode_ci DEFAULT '',
  `wikipediaUrl` varchar(100) COLLATE utf8_unicode_ci DEFAULT NULL,
  `siteCreatorType` varchar(255) COLLATE utf8_unicode_ci DEFAULT '',
  `siteCreatorSubType` varchar(255) COLLATE utf8_unicode_ci DEFAULT '',
  `siteCreatorSpecificType` varchar(255) COLLATE utf8_unicode_ci DEFAULT '',
  `genericCreatorName` varchar(255) COLLATE utf8_unicode_ci DEFAULT '',
  `genericCreatorAlternateName` varchar(255) COLLATE utf8_unicode_ci DEFAULT '',
  `genericCreatorDescription` varchar(1024) COLLATE utf8_unicode_ci DEFAULT '',
  `genericCreatorUrl` varchar(255) COLLATE utf8_unicode_ci DEFAULT '',
  `genericCreatorTelephone` varchar(255) COLLATE utf8_unicode_ci DEFAULT '',
  `genericCreatorEmail` varchar(255) COLLATE utf8_unicode_ci DEFAULT '',
  `genericCreatorStreetAddress` varchar(255) COLLATE utf8_unicode_ci DEFAULT '',
  `genericCreatorAddressLocality` varchar(255) COLLATE utf8_unicode_ci DEFAULT '',
  `genericCreatorAddressRegion` varchar(255) COLLATE utf8_unicode_ci DEFAULT '',
  `genericCreatorPostalCode` varchar(255) COLLATE utf8_unicode_ci DEFAULT '',
  `genericCreatorAddressCountry` varchar(255) COLLATE utf8_unicode_ci DEFAULT '',
  `genericCreatorGeoLatitude` varchar(255) COLLATE utf8_unicode_ci DEFAULT '',
  `genericCreatorGeoLongitude` varchar(255) COLLATE utf8_unicode_ci DEFAULT '',
  `organizationCreatorDuns` varchar(255) COLLATE utf8_unicode_ci DEFAULT '',
  `organizationCreatorFounder` varchar(255) COLLATE utf8_unicode_ci DEFAULT '',
  `organizationCreatorFoundingDate` varchar(255) COLLATE utf8_unicode_ci DEFAULT '',
  `organizationCreatorFoundingLocation` varchar(255) COLLATE utf8_unicode_ci DEFAULT '',
  `organizationCreatorContactPoints` text COLLATE utf8_unicode_ci,
  `localBusinessCreatorOpeningHours` text COLLATE utf8_unicode_ci,
  `corporationCreatorTickerSymbol` varchar(255) COLLATE utf8_unicode_ci DEFAULT '',
  `restaurantCreatorServesCuisine` varchar(255) COLLATE utf8_unicode_ci DEFAULT '',
  `restaurantCreatorMenuUrl` varchar(255) COLLATE utf8_unicode_ci DEFAULT '',
  `restaurantCreatorReservationsUrl` varchar(255) COLLATE utf8_unicode_ci DEFAULT '',
  `personCreatorGender` varchar(255) COLLATE utf8_unicode_ci DEFAULT '',
  `personCreatorBirthPlace` varchar(255) COLLATE utf8_unicode_ci DEFAULT '',
  `genericCreatorHumansTxt` text COLLATE utf8_unicode_ci,
  `dateCreated` datetime NOT NULL,
  `dateUpdated` datetime NOT NULL,
  `uid` char(36) COLLATE utf8_unicode_ci NOT NULL DEFAULT '0',
  PRIMARY KEY (`id`),
  KEY `craft_seomatic_settings_siteSeoImageId_fk` (`siteSeoImageId`),
  KEY `craft_seomatic_settings_siteSeoTwitterImageId_fk` (`siteSeoTwitterImageId`),
  KEY `craft_seomatic_settings_siteSeoFacebookImageId_fk` (`siteSeoFacebookImageId`),
  KEY `craft_seomatic_settings_genericOwnerImageId_fk` (`genericOwnerImageId`),
  KEY `craft_seomatic_settings_genericCreatorImageId_fk` (`genericCreatorImageId`)
) ENGINE=InnoDB AUTO_INCREMENT=3 DEFAULT CHARSET=utf8 COLLATE=utf8_unicode_ci;

--
-- Data for table `craft_seomatic_settings`
--

INSERT INTO `craft_seomatic_settings` (`id`, `siteSeoImageId`, `siteSeoTwitterImageId`, `siteSeoFacebookImageId`, `genericOwnerImageId`, `genericCreatorImageId`, `locale`, `siteSeoName`, `siteSeoTitle`, `siteSeoTitleSeparator`, `siteSeoTitlePlacement`, `siteSeoDescription`, `siteSeoKeywords`, `siteSeoImageTransform`, `siteSeoFacebookImageTransform`, `siteSeoTwitterImageTransform`, `siteTwitterCardType`, `siteOpenGraphType`, `siteRobots`, `siteRobotsTxt`, `siteLinksSearchTargets`, `siteLinksQueryInput`, `googleSiteVerification`, `bingSiteVerification`, `googleAnalyticsUID`, `googleTagManagerID`, `googleAnalyticsSendPageview`, `googleAnalyticsAdvertising`, `googleAnalyticsEcommerce`, `googleAnalyticsEEcommerce`, `googleAnalyticsLinkAttribution`, `googleAnalyticsLinker`, `googleAnalyticsAnonymizeIp`, `siteOwnerType`, `siteOwnerSubType`, `siteOwnerSpecificType`, `genericOwnerName`, `genericOwnerAlternateName`, `genericOwnerDescription`, `genericOwnerUrl`, `genericOwnerTelephone`, `genericOwnerEmail`, `genericOwnerStreetAddress`, `genericOwnerAddressLocality`, `genericOwnerAddressRegion`, `genericOwnerPostalCode`, `genericOwnerAddressCountry`, `genericOwnerGeoLatitude`, `genericOwnerGeoLongitude`, `organizationOwnerDuns`, `organizationOwnerFounder`, `organizationOwnerFoundingDate`, `organizationOwnerFoundingLocation`, `organizationOwnerContactPoints`, `localBusinessPriceRange`, `localBusinessOwnerOpeningHours`, `corporationOwnerTickerSymbol`, `restaurantOwnerServesCuisine`, `restaurantOwnerMenuUrl`, `restaurantOwnerReservationsUrl`, `personOwnerGender`, `personOwnerBirthPlace`, `twitterHandle`, `facebookHandle`, `facebookProfileId`, `facebookAppId`, `linkedInHandle`, `googlePlusHandle`, `youtubeHandle`, `youtubeChannelHandle`, `instagramHandle`, `pinterestHandle`, `githubHandle`, `vimeoHandle`, `wikipediaUrl`, `siteCreatorType`, `siteCreatorSubType`, `siteCreatorSpecificType`, `genericCreatorName`, `genericCreatorAlternateName`, `genericCreatorDescription`, `genericCreatorUrl`, `genericCreatorTelephone`, `genericCreatorEmail`, `genericCreatorStreetAddress`, `genericCreatorAddressLocality`, `genericCreatorAddressRegion`, `genericCreatorPostalCode`, `genericCreatorAddressCountry`, `genericCreatorGeoLatitude`, `genericCreatorGeoLongitude`, `organizationCreatorDuns`, `organizationCreatorFounder`, `organizationCreatorFoundingDate`, `organizationCreatorFoundingLocation`, `organizationCreatorContactPoints`, `localBusinessCreatorOpeningHours`, `corporationCreatorTickerSymbol`, `restaurantCreatorServesCuisine`, `restaurantCreatorMenuUrl`, `restaurantCreatorReservationsUrl`, `personCreatorGender`, `personCreatorBirthPlace`, `genericCreatorHumansTxt`, `dateCreated`, `dateUpdated`, `uid`) VALUES
 ('1', '64', '64', '64', NULL, NULL, 'it', 'Stop the dot.', '• DOT - Assorbenti esterni e tamponi.', '|', 'after', 'Una linea di prodotti in cotone antibatterico dedicata al mondo femminile.', '', '', '', '', 'summary', 'website', '', '# robots.txt for {{ siteUrl }}\r\n\r\nSitemap: {{ siteUrl }}/sitemap.xml\r\n\r\n# Don\'t allow web crawlers to index Craft\r\n\r\nUser-agent: *\r\nDisallow: /craft/\r\n', '[]', '', '', '', '', '', '1', '0', '0', '0', '0', '0', '0', 'Organization', 'Corporation', '', 'dot', '', '', 'dot:8888/', '', '', '', '', '', '', '', '', '', '', '', '', '', '', '$$$', '', '', '', '', '', '', '', '', '', '', '', '', '', '', '', '', '', '', '', '', 'Organization', 'Corporation', '', '', '', '', '', '', '', '', '', '', '', '', '', '', '', '', '', '', '', '', '', '', '', '', '', '', '/* TEAM */\n\n{% if seomaticCreator.name is defined and seomaticCreator.name %}\nCreator: {{ seomaticCreator.name }}\n{% endif %}\n{% if seomaticCreator.url is defined and seomaticCreator.url %}\nURL: {{ seomaticCreator.url }}\n{% endif %}\n{% if seomaticCreator.description is defined and seomaticCreator.description %}\nDescription: {{ seomaticCreator.description }}\n{% endif %}\n\n/* THANKS */\n\nPixel & Tonic - https://pixelandtonic.com\n\n/* SITE */\n\nStandards: HTML5, CSS3\nComponents: Craft CMS, Yii, PHP, Javascript, SEOmatic', '2017-01-31 10:40:22', '2017-01-31 10:55:44', '29a4f55a-e16c-45cc-8a2b-3174ab78cd7e'),
 ('2', '64', '64', '64', NULL, NULL, 'en', 'Stop the dot.', '• DOT - Cotton Tampons, Pads and Liner', '|', 'after', 'DOT is a line of innovative products, dedicated to feminine and hygienic world during the menstrual cycle.', '', '', '', '', 'summary', 'website', '', '# robots.txt for {{ siteUrl }}\r\n\r\nSitemap: {{ siteUrl }}/sitemap.xml\r\n\r\n# Don\'t allow web crawlers to index Craft\r\n\r\nUser-agent: *\r\nDisallow: /craft/\r\n', '[]', '', '', '', '', '', '0', '0', '0', '0', '0', '0', '0', 'Organization', 'Corporation', '', 'dot', '', '', 'dot:8888/', '', '', '', '', '', '', '', '', '', '', '', '', '', '[]', '$$$', '[{\"open\":\"\",\"close\":\"\"},{\"open\":\"\",\"close\":\"\"},{\"open\":\"\",\"close\":\"\"},{\"open\":\"\",\"close\":\"\"},{\"open\":\"\",\"close\":\"\"},{\"open\":\"\",\"close\":\"\"},{\"open\":\"\",\"close\":\"\"}]', '', '', '', '', 'Male', '', '', '', '', '', '', '', '', '', '', '', '', '', '', 'Organization', 'Corporation', '', '', '', '', '', '', '', '', '', '', '', '', '', '', '', '', '', '', '', '', '', '', '', '', '', '', '/* TEAM */\n\n{% if seomaticCreator.name is defined and seomaticCreator.name %}\nCreator: {{ seomaticCreator.name }}\n{% endif %}\n{% if seomaticCreator.url is defined and seomaticCreator.url %}\nURL: {{ seomaticCreator.url }}\n{% endif %}\n{% if seomaticCreator.description is defined and seomaticCreator.description %}\nDescription: {{ seomaticCreator.description }}\n{% endif %}\n\n/* THANKS */\n\nPixel & Tonic - https://pixelandtonic.com\n\n/* SITE */\n\nStandards: HTML5, CSS3\nComponents: Craft CMS, Yii, PHP, Javascript, SEOmatic', '2017-01-31 10:44:24', '2017-01-31 10:54:00', 'c465f158-c530-4371-8d0f-bbf6cf3ae249');



DROP TABLE IF EXISTS `craft_sessions`;


--
-- Schema for table `craft_sessions`
--
CREATE TABLE `craft_sessions` (
  `id` int(11) NOT NULL AUTO_INCREMENT,
  `userId` int(11) NOT NULL,
  `token` char(100) COLLATE utf8_unicode_ci NOT NULL,
  `dateCreated` datetime NOT NULL,
  `dateUpdated` datetime NOT NULL,
  `uid` char(36) COLLATE utf8_unicode_ci NOT NULL DEFAULT '0',
  PRIMARY KEY (`id`),
  KEY `craft_sessions_uid_idx` (`uid`),
  KEY `craft_sessions_token_idx` (`token`),
  KEY `craft_sessions_dateUpdated_idx` (`dateUpdated`),
  KEY `craft_sessions_userId_fk` (`userId`)
) ENGINE=InnoDB AUTO_INCREMENT=9 DEFAULT CHARSET=utf8 COLLATE=utf8_unicode_ci;

DROP TABLE IF EXISTS `craft_shunnedmessages`;


--
-- Schema for table `craft_shunnedmessages`
--
CREATE TABLE `craft_shunnedmessages` (
  `id` int(11) NOT NULL AUTO_INCREMENT,
  `userId` int(11) NOT NULL,
  `message` varchar(255) COLLATE utf8_unicode_ci NOT NULL,
  `expiryDate` datetime DEFAULT NULL,
  `dateCreated` datetime NOT NULL,
  `dateUpdated` datetime NOT NULL,
  `uid` char(36) COLLATE utf8_unicode_ci NOT NULL DEFAULT '0',
  PRIMARY KEY (`id`),
  UNIQUE KEY `craft_shunnedmessages_userId_message_unq_idx` (`userId`,`message`)
) ENGINE=InnoDB DEFAULT CHARSET=utf8 COLLATE=utf8_unicode_ci;

DROP TABLE IF EXISTS `craft_structureelements`;


--
-- Schema for table `craft_structureelements`
--
CREATE TABLE `craft_structureelements` (
  `id` int(11) NOT NULL AUTO_INCREMENT,
  `structureId` int(11) NOT NULL,
  `elementId` int(11) DEFAULT NULL,
  `root` int(11) unsigned DEFAULT NULL,
  `lft` int(11) unsigned NOT NULL,
  `rgt` int(11) unsigned NOT NULL,
  `level` smallint(6) unsigned NOT NULL,
  `dateCreated` datetime NOT NULL,
  `dateUpdated` datetime NOT NULL,
  `uid` char(36) COLLATE utf8_unicode_ci NOT NULL DEFAULT '0',
  PRIMARY KEY (`id`),
  UNIQUE KEY `craft_structureelements_structureId_elementId_unq_idx` (`structureId`,`elementId`),
  KEY `craft_structureelements_root_idx` (`root`),
  KEY `craft_structureelements_lft_idx` (`lft`),
  KEY `craft_structureelements_rgt_idx` (`rgt`),
  KEY `craft_structureelements_level_idx` (`level`),
  KEY `craft_structureelements_elementId_fk` (`elementId`)
) ENGINE=InnoDB DEFAULT CHARSET=utf8 COLLATE=utf8_unicode_ci;

DROP TABLE IF EXISTS `craft_structures`;


--
-- Schema for table `craft_structures`
--
CREATE TABLE `craft_structures` (
  `id` int(11) NOT NULL AUTO_INCREMENT,
  `maxLevels` smallint(6) unsigned DEFAULT NULL,
  `dateCreated` datetime NOT NULL,
  `dateUpdated` datetime NOT NULL,
  `uid` char(36) COLLATE utf8_unicode_ci NOT NULL DEFAULT '0',
  PRIMARY KEY (`id`)
) ENGINE=InnoDB DEFAULT CHARSET=utf8 COLLATE=utf8_unicode_ci;

DROP TABLE IF EXISTS `craft_systemsettings`;


--
-- Schema for table `craft_systemsettings`
--
CREATE TABLE `craft_systemsettings` (
  `id` int(11) NOT NULL AUTO_INCREMENT,
  `category` varchar(15) COLLATE utf8_unicode_ci NOT NULL,
  `settings` text COLLATE utf8_unicode_ci,
  `dateCreated` datetime NOT NULL,
  `dateUpdated` datetime NOT NULL,
  `uid` char(36) COLLATE utf8_unicode_ci NOT NULL DEFAULT '0',
  PRIMARY KEY (`id`),
  UNIQUE KEY `craft_systemsettings_category_unq_idx` (`category`)
) ENGINE=InnoDB AUTO_INCREMENT=2 DEFAULT CHARSET=utf8 COLLATE=utf8_unicode_ci;

--
-- Data for table `craft_systemsettings`
--

INSERT INTO `craft_systemsettings` (`id`, `category`, `settings`, `dateCreated`, `dateUpdated`, `uid`) VALUES
 ('1', 'email', '{\"protocol\":\"php\",\"emailAddress\":\"alessandro@adoratorio.com\",\"senderName\":\"dot\"}', '2017-01-13 15:45:33', '2017-01-13 15:45:33', 'b24d66f9-a56a-42de-b2f3-1d81c03a8bdd');



DROP TABLE IF EXISTS `craft_taggroups`;


--
-- Schema for table `craft_taggroups`
--
CREATE TABLE `craft_taggroups` (
  `id` int(11) NOT NULL AUTO_INCREMENT,
  `name` varchar(255) COLLATE utf8_unicode_ci NOT NULL,
  `handle` varchar(255) COLLATE utf8_unicode_ci NOT NULL,
  `fieldLayoutId` int(10) DEFAULT NULL,
  `dateCreated` datetime NOT NULL,
  `dateUpdated` datetime NOT NULL,
  `uid` char(36) COLLATE utf8_unicode_ci NOT NULL DEFAULT '0',
  PRIMARY KEY (`id`),
  UNIQUE KEY `craft_taggroups_name_unq_idx` (`name`),
  UNIQUE KEY `craft_taggroups_handle_unq_idx` (`handle`),
  KEY `craft_taggroups_fieldLayoutId_fk` (`fieldLayoutId`)
) ENGINE=InnoDB AUTO_INCREMENT=2 DEFAULT CHARSET=utf8 COLLATE=utf8_unicode_ci;

--
-- Data for table `craft_taggroups`
--

INSERT INTO `craft_taggroups` (`id`, `name`, `handle`, `fieldLayoutId`, `dateCreated`, `dateUpdated`, `uid`) VALUES
 ('1', 'Default', 'default', '1', '2017-01-13 15:45:33', '2017-01-13 15:45:33', '2fa3414d-c29a-4551-a9e9-cffee8c6a215');



DROP TABLE IF EXISTS `craft_tags`;


--
-- Schema for table `craft_tags`
--
CREATE TABLE `craft_tags` (
  `id` int(11) NOT NULL,
  `groupId` int(11) NOT NULL,
  `dateCreated` datetime NOT NULL,
  `dateUpdated` datetime NOT NULL,
  `uid` char(36) COLLATE utf8_unicode_ci NOT NULL DEFAULT '0',
  PRIMARY KEY (`id`),
  KEY `craft_tags_groupId_fk` (`groupId`)
) ENGINE=InnoDB DEFAULT CHARSET=utf8 COLLATE=utf8_unicode_ci;

DROP TABLE IF EXISTS `craft_tasks`;


--
-- Schema for table `craft_tasks`
--
CREATE TABLE `craft_tasks` (
  `id` int(11) NOT NULL AUTO_INCREMENT,
  `root` int(11) unsigned DEFAULT NULL,
  `lft` int(11) unsigned NOT NULL,
  `rgt` int(11) unsigned NOT NULL,
  `level` smallint(6) unsigned NOT NULL,
  `currentStep` int(11) unsigned DEFAULT NULL,
  `totalSteps` int(11) unsigned DEFAULT NULL,
  `status` enum('pending','error','running') COLLATE utf8_unicode_ci DEFAULT NULL,
  `type` varchar(150) COLLATE utf8_unicode_ci NOT NULL,
  `description` varchar(255) COLLATE utf8_unicode_ci DEFAULT NULL,
  `settings` mediumtext COLLATE utf8_unicode_ci,
  `dateCreated` datetime NOT NULL,
  `dateUpdated` datetime NOT NULL,
  `uid` char(36) COLLATE utf8_unicode_ci NOT NULL DEFAULT '0',
  PRIMARY KEY (`id`),
  KEY `craft_tasks_root_idx` (`root`),
  KEY `craft_tasks_lft_idx` (`lft`),
  KEY `craft_tasks_rgt_idx` (`rgt`),
  KEY `craft_tasks_level_idx` (`level`)
) ENGINE=InnoDB DEFAULT CHARSET=utf8 COLLATE=utf8_unicode_ci;

DROP TABLE IF EXISTS `craft_templatecachecriteria`;


--
-- Schema for table `craft_templatecachecriteria`
--
CREATE TABLE `craft_templatecachecriteria` (
  `id` int(11) NOT NULL AUTO_INCREMENT,
  `cacheId` int(11) NOT NULL,
  `type` varchar(150) COLLATE utf8_unicode_ci NOT NULL,
  `criteria` text COLLATE utf8_unicode_ci NOT NULL,
  PRIMARY KEY (`id`),
  KEY `craft_templatecachecriteria_cacheId_fk` (`cacheId`),
  KEY `craft_templatecachecriteria_type_idx` (`type`)
) ENGINE=InnoDB DEFAULT CHARSET=utf8 COLLATE=utf8_unicode_ci;

DROP TABLE IF EXISTS `craft_templatecacheelements`;


--
-- Schema for table `craft_templatecacheelements`
--
CREATE TABLE `craft_templatecacheelements` (
  `cacheId` int(11) NOT NULL,
  `elementId` int(11) NOT NULL,
  KEY `craft_templatecacheelements_cacheId_fk` (`cacheId`),
  KEY `craft_templatecacheelements_elementId_fk` (`elementId`)
) ENGINE=InnoDB DEFAULT CHARSET=utf8 COLLATE=utf8_unicode_ci;

DROP TABLE IF EXISTS `craft_templatecaches`;


--
-- Schema for table `craft_templatecaches`
--
CREATE TABLE `craft_templatecaches` (
  `id` int(11) NOT NULL AUTO_INCREMENT,
  `cacheKey` varchar(255) COLLATE utf8_unicode_ci NOT NULL,
  `locale` char(12) COLLATE utf8_unicode_ci NOT NULL,
  `path` varchar(255) COLLATE utf8_unicode_ci DEFAULT NULL,
  `expiryDate` datetime NOT NULL,
  `body` mediumtext COLLATE utf8_unicode_ci NOT NULL,
  PRIMARY KEY (`id`),
  KEY `craft_templatecaches_expiryDate_cacheKey_locale_path_idx` (`expiryDate`,`cacheKey`,`locale`,`path`),
  KEY `craft_templatecaches_locale_fk` (`locale`)
) ENGINE=InnoDB DEFAULT CHARSET=utf8 COLLATE=utf8_unicode_ci;

DROP TABLE IF EXISTS `craft_tokens`;


--
-- Schema for table `craft_tokens`
--
CREATE TABLE `craft_tokens` (
  `id` int(11) NOT NULL AUTO_INCREMENT,
  `token` char(32) COLLATE utf8_unicode_ci NOT NULL,
  `route` text COLLATE utf8_unicode_ci,
  `usageLimit` tinyint(3) unsigned DEFAULT NULL,
  `usageCount` tinyint(3) unsigned DEFAULT NULL,
  `expiryDate` datetime NOT NULL,
  `dateCreated` datetime NOT NULL,
  `dateUpdated` datetime NOT NULL,
  `uid` char(36) COLLATE utf8_unicode_ci NOT NULL DEFAULT '0',
  PRIMARY KEY (`id`),
  UNIQUE KEY `craft_tokens_token_unq_idx` (`token`),
  KEY `craft_tokens_expiryDate_idx` (`expiryDate`)
) ENGINE=InnoDB DEFAULT CHARSET=utf8 COLLATE=utf8_unicode_ci;

DROP TABLE IF EXISTS `craft_usergroups`;


--
-- Schema for table `craft_usergroups`
--
CREATE TABLE `craft_usergroups` (
  `id` int(11) NOT NULL AUTO_INCREMENT,
  `name` varchar(255) COLLATE utf8_unicode_ci NOT NULL,
  `handle` varchar(255) COLLATE utf8_unicode_ci NOT NULL,
  `dateCreated` datetime NOT NULL,
  `dateUpdated` datetime NOT NULL,
  `uid` char(36) COLLATE utf8_unicode_ci NOT NULL DEFAULT '0',
  PRIMARY KEY (`id`),
  UNIQUE KEY `craft_usergroups_name_unq_idx` (`name`),
  UNIQUE KEY `craft_usergroups_handle_unq_idx` (`handle`)
) ENGINE=InnoDB DEFAULT CHARSET=utf8 COLLATE=utf8_unicode_ci;

DROP TABLE IF EXISTS `craft_usergroups_users`;


--
-- Schema for table `craft_usergroups_users`
--
CREATE TABLE `craft_usergroups_users` (
  `id` int(11) NOT NULL AUTO_INCREMENT,
  `groupId` int(11) NOT NULL,
  `userId` int(11) NOT NULL,
  `dateCreated` datetime NOT NULL,
  `dateUpdated` datetime NOT NULL,
  `uid` char(36) COLLATE utf8_unicode_ci NOT NULL DEFAULT '0',
  PRIMARY KEY (`id`),
  UNIQUE KEY `craft_usergroups_users_groupId_userId_unq_idx` (`groupId`,`userId`),
  KEY `craft_usergroups_users_userId_fk` (`userId`)
) ENGINE=InnoDB DEFAULT CHARSET=utf8 COLLATE=utf8_unicode_ci;

DROP TABLE IF EXISTS `craft_userpermissions`;


--
-- Schema for table `craft_userpermissions`
--
CREATE TABLE `craft_userpermissions` (
  `id` int(11) NOT NULL AUTO_INCREMENT,
  `name` varchar(255) COLLATE utf8_unicode_ci NOT NULL,
  `dateCreated` datetime NOT NULL,
  `dateUpdated` datetime NOT NULL,
  `uid` char(36) COLLATE utf8_unicode_ci NOT NULL DEFAULT '0',
  PRIMARY KEY (`id`),
  UNIQUE KEY `craft_userpermissions_name_unq_idx` (`name`)
) ENGINE=InnoDB DEFAULT CHARSET=utf8 COLLATE=utf8_unicode_ci;

DROP TABLE IF EXISTS `craft_userpermissions_usergroups`;


--
-- Schema for table `craft_userpermissions_usergroups`
--
CREATE TABLE `craft_userpermissions_usergroups` (
  `id` int(11) NOT NULL AUTO_INCREMENT,
  `permissionId` int(11) NOT NULL,
  `groupId` int(11) NOT NULL,
  `dateCreated` datetime NOT NULL,
  `dateUpdated` datetime NOT NULL,
  `uid` char(36) COLLATE utf8_unicode_ci NOT NULL DEFAULT '0',
  PRIMARY KEY (`id`),
  UNIQUE KEY `craft_userpermissions_usergroups_permissionId_groupId_unq_idx` (`permissionId`,`groupId`),
  KEY `craft_userpermissions_usergroups_groupId_fk` (`groupId`)
) ENGINE=InnoDB DEFAULT CHARSET=utf8 COLLATE=utf8_unicode_ci;

DROP TABLE IF EXISTS `craft_userpermissions_users`;


--
-- Schema for table `craft_userpermissions_users`
--
CREATE TABLE `craft_userpermissions_users` (
  `id` int(11) NOT NULL AUTO_INCREMENT,
  `permissionId` int(11) NOT NULL,
  `userId` int(11) NOT NULL,
  `dateCreated` datetime NOT NULL,
  `dateUpdated` datetime NOT NULL,
  `uid` char(36) COLLATE utf8_unicode_ci NOT NULL DEFAULT '0',
  PRIMARY KEY (`id`),
  UNIQUE KEY `craft_userpermissions_users_permissionId_userId_unq_idx` (`permissionId`,`userId`),
  KEY `craft_userpermissions_users_userId_fk` (`userId`)
) ENGINE=InnoDB DEFAULT CHARSET=utf8 COLLATE=utf8_unicode_ci;

DROP TABLE IF EXISTS `craft_users`;


--
-- Schema for table `craft_users`
--
CREATE TABLE `craft_users` (
  `id` int(11) NOT NULL,
  `username` varchar(100) COLLATE utf8_unicode_ci NOT NULL,
  `photo` varchar(100) COLLATE utf8_unicode_ci DEFAULT NULL,
  `firstName` varchar(100) COLLATE utf8_unicode_ci DEFAULT NULL,
  `lastName` varchar(100) COLLATE utf8_unicode_ci DEFAULT NULL,
  `email` varchar(255) COLLATE utf8_unicode_ci NOT NULL,
  `password` char(255) COLLATE utf8_unicode_ci DEFAULT NULL,
  `preferredLocale` char(12) COLLATE utf8_unicode_ci DEFAULT NULL,
  `weekStartDay` tinyint(1) unsigned NOT NULL DEFAULT '0',
  `admin` tinyint(1) unsigned NOT NULL DEFAULT '0',
  `client` tinyint(1) unsigned NOT NULL DEFAULT '0',
  `locked` tinyint(1) unsigned NOT NULL DEFAULT '0',
  `suspended` tinyint(1) unsigned NOT NULL DEFAULT '0',
  `pending` tinyint(1) unsigned NOT NULL DEFAULT '0',
  `archived` tinyint(1) unsigned NOT NULL DEFAULT '0',
  `lastLoginDate` datetime DEFAULT NULL,
  `lastLoginAttemptIPAddress` varchar(45) COLLATE utf8_unicode_ci DEFAULT NULL,
  `invalidLoginWindowStart` datetime DEFAULT NULL,
  `invalidLoginCount` tinyint(4) unsigned DEFAULT NULL,
  `lastInvalidLoginDate` datetime DEFAULT NULL,
  `lockoutDate` datetime DEFAULT NULL,
  `verificationCode` char(100) COLLATE utf8_unicode_ci DEFAULT NULL,
  `verificationCodeIssuedDate` datetime DEFAULT NULL,
  `unverifiedEmail` varchar(255) COLLATE utf8_unicode_ci DEFAULT NULL,
  `passwordResetRequired` tinyint(1) unsigned NOT NULL DEFAULT '0',
  `lastPasswordChangeDate` datetime DEFAULT NULL,
  `dateCreated` datetime NOT NULL,
  `dateUpdated` datetime NOT NULL,
  `uid` char(36) COLLATE utf8_unicode_ci NOT NULL DEFAULT '0',
  PRIMARY KEY (`id`),
  UNIQUE KEY `craft_users_username_unq_idx` (`username`),
  UNIQUE KEY `craft_users_email_unq_idx` (`email`),
  KEY `craft_users_verificationCode_idx` (`verificationCode`),
  KEY `craft_users_uid_idx` (`uid`),
  KEY `craft_users_preferredLocale_fk` (`preferredLocale`)
) ENGINE=InnoDB DEFAULT CHARSET=utf8 COLLATE=utf8_unicode_ci;

--
-- Data for table `craft_users`
--

INSERT INTO `craft_users` (`id`, `username`, `photo`, `firstName`, `lastName`, `email`, `password`, `preferredLocale`, `weekStartDay`, `admin`, `client`, `locked`, `suspended`, `pending`, `archived`, `lastLoginDate`, `lastLoginAttemptIPAddress`, `invalidLoginWindowStart`, `invalidLoginCount`, `lastInvalidLoginDate`, `lockoutDate`, `verificationCode`, `verificationCodeIssuedDate`, `unverifiedEmail`, `passwordResetRequired`, `lastPasswordChangeDate`, `dateCreated`, `dateUpdated`, `uid`) VALUES
 ('1', 'admin', NULL, '', '', 'contact@adoratorio.com', '$2y$13$5RFW1jPln7G4MsP0uJ7Y6.vYSUbjQvQXv2TtYpX4z6bqDxKKpQq9K', 'it', '0', '1', '0', '0', '0', '0', '0', '2017-09-11 13:50:10', '::1', NULL, NULL, '2017-05-08 18:14:33', NULL, NULL, NULL, NULL, '0', '2017-01-23 16:47:02', '2017-01-13 15:45:30', '2017-09-11 13:50:10', '69062c14-4790-43ce-adab-9478a2702f4b');



DROP TABLE IF EXISTS `craft_widgets`;


--
-- Schema for table `craft_widgets`
--
CREATE TABLE `craft_widgets` (
  `id` int(11) NOT NULL AUTO_INCREMENT,
  `userId` int(11) NOT NULL,
  `type` varchar(150) COLLATE utf8_unicode_ci NOT NULL,
  `sortOrder` smallint(6) unsigned DEFAULT NULL,
  `colspan` tinyint(4) unsigned DEFAULT NULL,
  `settings` text COLLATE utf8_unicode_ci,
  `enabled` tinyint(1) unsigned NOT NULL DEFAULT '1',
  `dateCreated` datetime NOT NULL,
  `dateUpdated` datetime NOT NULL,
  `uid` char(36) COLLATE utf8_unicode_ci NOT NULL DEFAULT '0',
  PRIMARY KEY (`id`),
  KEY `craft_widgets_userId_fk` (`userId`)
) ENGINE=InnoDB AUTO_INCREMENT=6 DEFAULT CHARSET=utf8 COLLATE=utf8_unicode_ci;

--
-- Data for table `craft_widgets`
--

INSERT INTO `craft_widgets` (`id`, `userId`, `type`, `sortOrder`, `colspan`, `settings`, `enabled`, `dateCreated`, `dateUpdated`, `uid`) VALUES
 ('1', '1', 'RecentEntries', '1', '1', NULL, '0', '2017-01-13 15:45:46', '2017-01-13 15:46:00', 'f1057a5f-81c6-47f9-a36f-326ed9c09194'),
 ('2', '1', 'GetHelp', '2', '1', NULL, '0', '2017-01-13 15:45:46', '2017-01-20 17:52:57', 'deb9e818-f997-40c7-95fe-ad39581d8de8'),
 ('3', '1', 'Updates', '3', '4', NULL, '1', '2017-01-13 15:45:46', '2017-01-20 17:53:04', '97991c69-5e5c-4e23-a5b3-3987aa411e51'),
 ('4', '1', 'Feed', '4', NULL, '{\"url\":\"https:\\/\\/craftcms.com\\/news.rss\",\"title\":\"Craft News\"}', '0', '2017-01-13 15:45:47', '2017-01-13 15:46:03', '1b5cd4bc-6f5b-4416-b819-e28485dcb107'),
 ('5', '1', 'RecentEntries', '5', '4', '{\"section\":\"*\",\"limit\":\"10\"}', '1', '2017-01-13 15:46:12', '2017-01-20 17:53:21', '88a4d2f6-696b-45ff-83b1-a415d4260727');


--
-- Constraints for tables
--


--
-- Constraints for table `craft_assetfiles`
--
ALTER TABLE `craft_assetfiles`
	ADD CONSTRAINT `craft_assetfiles_folderId_fk` FOREIGN KEY (`folderId`) REFERENCES `craft_assetfolders` (`id`) ON DELETE CASCADE,
	ADD CONSTRAINT `craft_assetfiles_id_fk` FOREIGN KEY (`id`) REFERENCES `craft_elements` (`id`) ON DELETE CASCADE,
	ADD CONSTRAINT `craft_assetfiles_sourceId_fk` FOREIGN KEY (`sourceId`) REFERENCES `craft_assetsources` (`id`) ON DELETE CASCADE;

--
-- Constraints for table `craft_assetfolders`
--
ALTER TABLE `craft_assetfolders`
	ADD CONSTRAINT `craft_assetfolders_parentId_fk` FOREIGN KEY (`parentId`) REFERENCES `craft_assetfolders` (`id`) ON DELETE CASCADE,
	ADD CONSTRAINT `craft_assetfolders_sourceId_fk` FOREIGN KEY (`sourceId`) REFERENCES `craft_assetsources` (`id`) ON DELETE CASCADE;

--
-- Constraints for table `craft_assetindexdata`
--
ALTER TABLE `craft_assetindexdata`
	ADD CONSTRAINT `craft_assetindexdata_sourceId_fk` FOREIGN KEY (`sourceId`) REFERENCES `craft_assetsources` (`id`) ON DELETE CASCADE;

--
-- Constraints for table `craft_assetsources`
--
ALTER TABLE `craft_assetsources`
	ADD CONSTRAINT `craft_assetsources_fieldLayoutId_fk` FOREIGN KEY (`fieldLayoutId`) REFERENCES `craft_fieldlayouts` (`id`) ON DELETE SET NULL;

--
-- Constraints for table `craft_categories`
--
ALTER TABLE `craft_categories`
	ADD CONSTRAINT `craft_categories_groupId_fk` FOREIGN KEY (`groupId`) REFERENCES `craft_categorygroups` (`id`) ON DELETE CASCADE,
	ADD CONSTRAINT `craft_categories_id_fk` FOREIGN KEY (`id`) REFERENCES `craft_elements` (`id`) ON DELETE CASCADE;

--
-- Constraints for table `craft_categorygroups`
--
ALTER TABLE `craft_categorygroups`
	ADD CONSTRAINT `craft_categorygroups_fieldLayoutId_fk` FOREIGN KEY (`fieldLayoutId`) REFERENCES `craft_fieldlayouts` (`id`) ON DELETE SET NULL,
	ADD CONSTRAINT `craft_categorygroups_structureId_fk` FOREIGN KEY (`structureId`) REFERENCES `craft_structures` (`id`) ON DELETE CASCADE;

--
-- Constraints for table `craft_categorygroups_i18n`
--
ALTER TABLE `craft_categorygroups_i18n`
	ADD CONSTRAINT `craft_categorygroups_i18n_groupId_fk` FOREIGN KEY (`groupId`) REFERENCES `craft_categorygroups` (`id`) ON DELETE CASCADE,
	ADD CONSTRAINT `craft_categorygroups_i18n_locale_fk` FOREIGN KEY (`locale`) REFERENCES `craft_locales` (`locale`) ON DELETE CASCADE ON UPDATE CASCADE;

--
-- Constraints for table `craft_content`
--
ALTER TABLE `craft_content`
	ADD CONSTRAINT `craft_content_elementId_fk` FOREIGN KEY (`elementId`) REFERENCES `craft_elements` (`id`) ON DELETE CASCADE,
	ADD CONSTRAINT `craft_content_locale_fk` FOREIGN KEY (`locale`) REFERENCES `craft_locales` (`locale`) ON DELETE CASCADE ON UPDATE CASCADE;

--
-- Constraints for table `craft_elements_i18n`
--
ALTER TABLE `craft_elements_i18n`
	ADD CONSTRAINT `craft_elements_i18n_elementId_fk` FOREIGN KEY (`elementId`) REFERENCES `craft_elements` (`id`) ON DELETE CASCADE,
	ADD CONSTRAINT `craft_elements_i18n_locale_fk` FOREIGN KEY (`locale`) REFERENCES `craft_locales` (`locale`) ON DELETE CASCADE ON UPDATE CASCADE;

--
-- Constraints for table `craft_emailmessages`
--
ALTER TABLE `craft_emailmessages`
	ADD CONSTRAINT `craft_emailmessages_locale_fk` FOREIGN KEY (`locale`) REFERENCES `craft_locales` (`locale`) ON DELETE CASCADE ON UPDATE CASCADE;

--
-- Constraints for table `craft_entries`
--
ALTER TABLE `craft_entries`
	ADD CONSTRAINT `craft_entries_authorId_fk` FOREIGN KEY (`authorId`) REFERENCES `craft_users` (`id`) ON DELETE CASCADE,
	ADD CONSTRAINT `craft_entries_id_fk` FOREIGN KEY (`id`) REFERENCES `craft_elements` (`id`) ON DELETE CASCADE,
	ADD CONSTRAINT `craft_entries_sectionId_fk` FOREIGN KEY (`sectionId`) REFERENCES `craft_sections` (`id`) ON DELETE CASCADE,
	ADD CONSTRAINT `craft_entries_typeId_fk` FOREIGN KEY (`typeId`) REFERENCES `craft_entrytypes` (`id`) ON DELETE CASCADE;

--
-- Constraints for table `craft_entrydrafts`
--
ALTER TABLE `craft_entrydrafts`
	ADD CONSTRAINT `craft_entrydrafts_creatorId_fk` FOREIGN KEY (`creatorId`) REFERENCES `craft_users` (`id`) ON DELETE CASCADE,
	ADD CONSTRAINT `craft_entrydrafts_entryId_fk` FOREIGN KEY (`entryId`) REFERENCES `craft_entries` (`id`) ON DELETE CASCADE,
	ADD CONSTRAINT `craft_entrydrafts_locale_fk` FOREIGN KEY (`locale`) REFERENCES `craft_locales` (`locale`) ON DELETE CASCADE ON UPDATE CASCADE,
	ADD CONSTRAINT `craft_entrydrafts_sectionId_fk` FOREIGN KEY (`sectionId`) REFERENCES `craft_sections` (`id`) ON DELETE CASCADE;

--
-- Constraints for table `craft_entrytypes`
--
ALTER TABLE `craft_entrytypes`
	ADD CONSTRAINT `craft_entrytypes_fieldLayoutId_fk` FOREIGN KEY (`fieldLayoutId`) REFERENCES `craft_fieldlayouts` (`id`) ON DELETE SET NULL,
	ADD CONSTRAINT `craft_entrytypes_sectionId_fk` FOREIGN KEY (`sectionId`) REFERENCES `craft_sections` (`id`) ON DELETE CASCADE;

--
-- Constraints for table `craft_entryversions`
--
ALTER TABLE `craft_entryversions`
	ADD CONSTRAINT `craft_entryversions_creatorId_fk` FOREIGN KEY (`creatorId`) REFERENCES `craft_users` (`id`) ON DELETE SET NULL,
	ADD CONSTRAINT `craft_entryversions_entryId_fk` FOREIGN KEY (`entryId`) REFERENCES `craft_entries` (`id`) ON DELETE CASCADE,
	ADD CONSTRAINT `craft_entryversions_locale_fk` FOREIGN KEY (`locale`) REFERENCES `craft_locales` (`locale`) ON DELETE CASCADE ON UPDATE CASCADE,
	ADD CONSTRAINT `craft_entryversions_sectionId_fk` FOREIGN KEY (`sectionId`) REFERENCES `craft_sections` (`id`) ON DELETE CASCADE;

--
-- Constraints for table `craft_fieldlayoutfields`
--
ALTER TABLE `craft_fieldlayoutfields`
	ADD CONSTRAINT `craft_fieldlayoutfields_fieldId_fk` FOREIGN KEY (`fieldId`) REFERENCES `craft_fields` (`id`) ON DELETE CASCADE,
	ADD CONSTRAINT `craft_fieldlayoutfields_layoutId_fk` FOREIGN KEY (`layoutId`) REFERENCES `craft_fieldlayouts` (`id`) ON DELETE CASCADE,
	ADD CONSTRAINT `craft_fieldlayoutfields_tabId_fk` FOREIGN KEY (`tabId`) REFERENCES `craft_fieldlayouttabs` (`id`) ON DELETE CASCADE;

--
-- Constraints for table `craft_fieldlayouttabs`
--
ALTER TABLE `craft_fieldlayouttabs`
	ADD CONSTRAINT `craft_fieldlayouttabs_layoutId_fk` FOREIGN KEY (`layoutId`) REFERENCES `craft_fieldlayouts` (`id`) ON DELETE CASCADE;

--
-- Constraints for table `craft_fields`
--
ALTER TABLE `craft_fields`
	ADD CONSTRAINT `craft_fields_groupId_fk` FOREIGN KEY (`groupId`) REFERENCES `craft_fieldgroups` (`id`) ON DELETE CASCADE;

--
-- Constraints for table `craft_globalsets`
--
ALTER TABLE `craft_globalsets`
	ADD CONSTRAINT `craft_globalsets_fieldLayoutId_fk` FOREIGN KEY (`fieldLayoutId`) REFERENCES `craft_fieldlayouts` (`id`) ON DELETE SET NULL,
	ADD CONSTRAINT `craft_globalsets_id_fk` FOREIGN KEY (`id`) REFERENCES `craft_elements` (`id`) ON DELETE CASCADE;

--
-- Constraints for table `craft_matrixblocks`
--
ALTER TABLE `craft_matrixblocks`
	ADD CONSTRAINT `craft_matrixblocks_fieldId_fk` FOREIGN KEY (`fieldId`) REFERENCES `craft_fields` (`id`) ON DELETE CASCADE,
	ADD CONSTRAINT `craft_matrixblocks_id_fk` FOREIGN KEY (`id`) REFERENCES `craft_elements` (`id`) ON DELETE CASCADE,
	ADD CONSTRAINT `craft_matrixblocks_ownerId_fk` FOREIGN KEY (`ownerId`) REFERENCES `craft_elements` (`id`) ON DELETE CASCADE,
	ADD CONSTRAINT `craft_matrixblocks_ownerLocale_fk` FOREIGN KEY (`ownerLocale`) REFERENCES `craft_locales` (`locale`) ON DELETE CASCADE ON UPDATE CASCADE,
	ADD CONSTRAINT `craft_matrixblocks_typeId_fk` FOREIGN KEY (`typeId`) REFERENCES `craft_matrixblocktypes` (`id`) ON DELETE CASCADE;

--
-- Constraints for table `craft_matrixblocktypes`
--
ALTER TABLE `craft_matrixblocktypes`
	ADD CONSTRAINT `craft_matrixblocktypes_fieldId_fk` FOREIGN KEY (`fieldId`) REFERENCES `craft_fields` (`id`) ON DELETE CASCADE,
	ADD CONSTRAINT `craft_matrixblocktypes_fieldLayoutId_fk` FOREIGN KEY (`fieldLayoutId`) REFERENCES `craft_fieldlayouts` (`id`) ON DELETE SET NULL;

--
-- Constraints for table `craft_matrixcontent_slide`
--
ALTER TABLE `craft_matrixcontent_slide`
	ADD CONSTRAINT `craft_matrixcontent_slide_elementId_fk` FOREIGN KEY (`elementId`) REFERENCES `craft_elements` (`id`) ON DELETE CASCADE,
	ADD CONSTRAINT `craft_matrixcontent_slide_locale_fk` FOREIGN KEY (`locale`) REFERENCES `craft_locales` (`locale`) ON DELETE CASCADE ON UPDATE CASCADE;

--
-- Constraints for table `craft_migrations`
--
ALTER TABLE `craft_migrations`
	ADD CONSTRAINT `craft_migrations_pluginId_fk` FOREIGN KEY (`pluginId`) REFERENCES `craft_plugins` (`id`) ON DELETE CASCADE;

--
-- Constraints for table `craft_relations`
--
ALTER TABLE `craft_relations`
	ADD CONSTRAINT `craft_relations_fieldId_fk` FOREIGN KEY (`fieldId`) REFERENCES `craft_fields` (`id`) ON DELETE CASCADE,
	ADD CONSTRAINT `craft_relations_sourceId_fk` FOREIGN KEY (`sourceId`) REFERENCES `craft_elements` (`id`) ON DELETE CASCADE,
	ADD CONSTRAINT `craft_relations_sourceLocale_fk` FOREIGN KEY (`sourceLocale`) REFERENCES `craft_locales` (`locale`) ON DELETE CASCADE ON UPDATE CASCADE,
	ADD CONSTRAINT `craft_relations_targetId_fk` FOREIGN KEY (`targetId`) REFERENCES `craft_elements` (`id`) ON DELETE CASCADE;

--
-- Constraints for table `craft_routes`
--
ALTER TABLE `craft_routes`
	ADD CONSTRAINT `craft_routes_locale_fk` FOREIGN KEY (`locale`) REFERENCES `craft_locales` (`locale`) ON DELETE CASCADE ON UPDATE CASCADE;

--
-- Constraints for table `craft_sections`
--
ALTER TABLE `craft_sections`
	ADD CONSTRAINT `craft_sections_structureId_fk` FOREIGN KEY (`structureId`) REFERENCES `craft_structures` (`id`) ON DELETE SET NULL;

--
-- Constraints for table `craft_sections_i18n`
--
ALTER TABLE `craft_sections_i18n`
	ADD CONSTRAINT `craft_sections_i18n_locale_fk` FOREIGN KEY (`locale`) REFERENCES `craft_locales` (`locale`) ON DELETE CASCADE ON UPDATE CASCADE,
	ADD CONSTRAINT `craft_sections_i18n_sectionId_fk` FOREIGN KEY (`sectionId`) REFERENCES `craft_sections` (`id`) ON DELETE CASCADE;

--
-- Constraints for table `craft_seomatic_meta`
--
ALTER TABLE `craft_seomatic_meta`
	ADD CONSTRAINT `craft_seomatic_meta_id_fk` FOREIGN KEY (`id`) REFERENCES `craft_elements` (`id`) ON DELETE CASCADE,
	ADD CONSTRAINT `craft_seomatic_meta_seoFacebookImageId_fk` FOREIGN KEY (`seoFacebookImageId`) REFERENCES `craft_assetfiles` (`id`) ON DELETE SET NULL,
	ADD CONSTRAINT `craft_seomatic_meta_seoImageId_fk` FOREIGN KEY (`seoImageId`) REFERENCES `craft_assetfiles` (`id`) ON DELETE SET NULL,
	ADD CONSTRAINT `craft_seomatic_meta_seoTwitterImageId_fk` FOREIGN KEY (`seoTwitterImageId`) REFERENCES `craft_assetfiles` (`id`) ON DELETE SET NULL;

--
-- Constraints for table `craft_seomatic_settings`
--
ALTER TABLE `craft_seomatic_settings`
	ADD CONSTRAINT `craft_seomatic_settings_genericCreatorImageId_fk` FOREIGN KEY (`genericCreatorImageId`) REFERENCES `craft_assetfiles` (`id`) ON DELETE SET NULL,
	ADD CONSTRAINT `craft_seomatic_settings_genericOwnerImageId_fk` FOREIGN KEY (`genericOwnerImageId`) REFERENCES `craft_assetfiles` (`id`) ON DELETE SET NULL,
	ADD CONSTRAINT `craft_seomatic_settings_siteSeoFacebookImageId_fk` FOREIGN KEY (`siteSeoFacebookImageId`) REFERENCES `craft_assetfiles` (`id`) ON DELETE SET NULL,
	ADD CONSTRAINT `craft_seomatic_settings_siteSeoImageId_fk` FOREIGN KEY (`siteSeoImageId`) REFERENCES `craft_assetfiles` (`id`) ON DELETE SET NULL,
	ADD CONSTRAINT `craft_seomatic_settings_siteSeoTwitterImageId_fk` FOREIGN KEY (`siteSeoTwitterImageId`) REFERENCES `craft_assetfiles` (`id`) ON DELETE SET NULL;

--
-- Constraints for table `craft_sessions`
--
ALTER TABLE `craft_sessions`
	ADD CONSTRAINT `craft_sessions_userId_fk` FOREIGN KEY (`userId`) REFERENCES `craft_users` (`id`) ON DELETE CASCADE;

--
-- Constraints for table `craft_shunnedmessages`
--
ALTER TABLE `craft_shunnedmessages`
	ADD CONSTRAINT `craft_shunnedmessages_userId_fk` FOREIGN KEY (`userId`) REFERENCES `craft_users` (`id`) ON DELETE CASCADE;

--
-- Constraints for table `craft_structureelements`
--
ALTER TABLE `craft_structureelements`
	ADD CONSTRAINT `craft_structureelements_elementId_fk` FOREIGN KEY (`elementId`) REFERENCES `craft_elements` (`id`) ON DELETE CASCADE,
	ADD CONSTRAINT `craft_structureelements_structureId_fk` FOREIGN KEY (`structureId`) REFERENCES `craft_structures` (`id`) ON DELETE CASCADE;

--
-- Constraints for table `craft_taggroups`
--
ALTER TABLE `craft_taggroups`
	ADD CONSTRAINT `craft_taggroups_fieldLayoutId_fk` FOREIGN KEY (`fieldLayoutId`) REFERENCES `craft_fieldlayouts` (`id`) ON DELETE SET NULL;

--
-- Constraints for table `craft_tags`
--
ALTER TABLE `craft_tags`
	ADD CONSTRAINT `craft_tags_groupId_fk` FOREIGN KEY (`groupId`) REFERENCES `craft_taggroups` (`id`) ON DELETE CASCADE,
	ADD CONSTRAINT `craft_tags_id_fk` FOREIGN KEY (`id`) REFERENCES `craft_elements` (`id`) ON DELETE CASCADE;

--
-- Constraints for table `craft_templatecachecriteria`
--
ALTER TABLE `craft_templatecachecriteria`
	ADD CONSTRAINT `craft_templatecachecriteria_cacheId_fk` FOREIGN KEY (`cacheId`) REFERENCES `craft_templatecaches` (`id`) ON DELETE CASCADE;

--
-- Constraints for table `craft_templatecacheelements`
--
ALTER TABLE `craft_templatecacheelements`
	ADD CONSTRAINT `craft_templatecacheelements_cacheId_fk` FOREIGN KEY (`cacheId`) REFERENCES `craft_templatecaches` (`id`) ON DELETE CASCADE,
	ADD CONSTRAINT `craft_templatecacheelements_elementId_fk` FOREIGN KEY (`elementId`) REFERENCES `craft_elements` (`id`) ON DELETE CASCADE;

--
-- Constraints for table `craft_templatecaches`
--
ALTER TABLE `craft_templatecaches`
	ADD CONSTRAINT `craft_templatecaches_locale_fk` FOREIGN KEY (`locale`) REFERENCES `craft_locales` (`locale`) ON DELETE CASCADE ON UPDATE CASCADE;

--
-- Constraints for table `craft_usergroups_users`
--
ALTER TABLE `craft_usergroups_users`
	ADD CONSTRAINT `craft_usergroups_users_groupId_fk` FOREIGN KEY (`groupId`) REFERENCES `craft_usergroups` (`id`) ON DELETE CASCADE,
	ADD CONSTRAINT `craft_usergroups_users_userId_fk` FOREIGN KEY (`userId`) REFERENCES `craft_users` (`id`) ON DELETE CASCADE;

--
-- Constraints for table `craft_userpermissions_usergroups`
--
ALTER TABLE `craft_userpermissions_usergroups`
	ADD CONSTRAINT `craft_userpermissions_usergroups_groupId_fk` FOREIGN KEY (`groupId`) REFERENCES `craft_usergroups` (`id`) ON DELETE CASCADE,
	ADD CONSTRAINT `craft_userpermissions_usergroups_permissionId_fk` FOREIGN KEY (`permissionId`) REFERENCES `craft_userpermissions` (`id`) ON DELETE CASCADE;

--
-- Constraints for table `craft_userpermissions_users`
--
ALTER TABLE `craft_userpermissions_users`
	ADD CONSTRAINT `craft_userpermissions_users_permissionId_fk` FOREIGN KEY (`permissionId`) REFERENCES `craft_userpermissions` (`id`) ON DELETE CASCADE,
	ADD CONSTRAINT `craft_userpermissions_users_userId_fk` FOREIGN KEY (`userId`) REFERENCES `craft_users` (`id`) ON DELETE CASCADE;

--
-- Constraints for table `craft_users`
--
ALTER TABLE `craft_users`
	ADD CONSTRAINT `craft_users_id_fk` FOREIGN KEY (`id`) REFERENCES `craft_elements` (`id`) ON DELETE CASCADE,
	ADD CONSTRAINT `craft_users_preferredLocale_fk` FOREIGN KEY (`preferredLocale`) REFERENCES `craft_locales` (`locale`) ON DELETE SET NULL ON UPDATE CASCADE;

--
-- Constraints for table `craft_widgets`
--
ALTER TABLE `craft_widgets`
	ADD CONSTRAINT `craft_widgets_userId_fk` FOREIGN KEY (`userId`) REFERENCES `craft_users` (`id`) ON DELETE CASCADE;

SET FOREIGN_KEY_CHECKS = 1;
