-- Generated by Craft v2.6.3005 on 24/gen/2018 09:39:22.

--
-- Disable foreign key checks and autocommit.
--

SET FOREIGN_KEY_CHECKS = 0;
SET SQL_MODE = "NO_AUTO_VALUE_ON_ZERO";
SET AUTOCOMMIT = 0;
SET NAMES utf8;


DROP TABLE IF EXISTS `craft_assetfiles`;


--
-- Schema for table `craft_assetfiles`
--
CREATE TABLE `craft_assetfiles` (
  `id` int(11) NOT NULL,
  `sourceId` int(11) DEFAULT NULL,
  `folderId` int(11) NOT NULL,
  `filename` varchar(255) COLLATE utf8_unicode_ci NOT NULL,
  `kind` varchar(50) COLLATE utf8_unicode_ci NOT NULL DEFAULT 'unknown',
  `width` int(11) unsigned DEFAULT NULL,
  `height` int(11) unsigned DEFAULT NULL,
  `size` bigint(20) unsigned DEFAULT NULL,
  `dateModified` datetime DEFAULT NULL,
  `dateCreated` datetime NOT NULL,
  `dateUpdated` datetime NOT NULL,
  `uid` char(36) COLLATE utf8_unicode_ci NOT NULL DEFAULT '0',
  PRIMARY KEY (`id`),
  UNIQUE KEY `craft_assetfiles_filename_folderId_unq_idx` (`filename`,`folderId`),
  KEY `craft_assetfiles_sourceId_fk` (`sourceId`),
  KEY `craft_assetfiles_folderId_fk` (`folderId`)
) ENGINE=InnoDB DEFAULT CHARSET=utf8 COLLATE=utf8_unicode_ci;

--
-- Data for table `craft_assetfiles`
--

INSERT INTO `craft_assetfiles` (`id`, `sourceId`, `folderId`, `filename`, `kind`, `width`, `height`, `size`, `dateModified`, `dateCreated`, `dateUpdated`, `uid`) VALUES
 ('64', '1', '1', 'socialcard.png', 'image', '800', '453', '25844', '2018-01-22 09:09:58', '2017-01-31 10:52:12', '2018-01-22 10:14:18', '62294da2-269f-44c7-acc7-313fa520c5dc'),
 ('80', '1', '1', 'about-first-sprite.png', 'image', NULL, NULL, NULL, NULL, '2018-01-22 10:14:10', '2018-01-22 10:14:10', '3b152906-6de0-418f-a4ba-b6c10d63d043'),
 ('81', '1', '1', 'absorbent.svg', 'image', NULL, NULL, '41', '2018-01-22 09:09:59', '2018-01-22 10:14:10', '2018-01-22 10:14:10', '3bcd39b8-6584-4477-bdbe-8d5f042c8332'),
 ('82', '1', '1', 'about-mobile.png', 'image', '1280', '800', '809628', '2018-01-22 09:09:58', '2018-01-22 10:14:10', '2018-01-22 10:14:10', 'e69fa406-715e-4bf9-b3c7-5aeb0f7c894a'),
 ('83', '1', '1', 'about-second-sprite.png', 'image', NULL, NULL, NULL, NULL, '2018-01-22 10:14:10', '2018-01-22 10:14:10', 'f210c2b0-ada6-43cc-8f24-b507e0c5648a'),
 ('84', '1', '1', 'android-icon.png', 'image', '192', '192', '4134', '2018-01-22 09:09:58', '2018-01-22 10:14:10', '2018-01-22 10:14:11', 'cd72ec74-b8a6-4f25-97cb-9c1a4cde632b'),
 ('85', '1', '1', 'apple-icon.png', 'image', '192', '192', '4344', '2018-01-22 09:09:58', '2018-01-22 10:14:11', '2018-01-22 10:14:11', '70b875a7-74ef-4cd9-b4ea-c61b3134dff2'),
 ('86', '1', '1', 'favicon.png', 'image', '96', '96', '3448', '2018-01-22 09:09:58', '2018-01-22 10:14:11', '2018-01-22 10:14:11', '8247c320-df7d-4df0-bd7a-659ee3a25995'),
 ('87', '1', '2', 'bump.jpg', 'image', '2048', '2048', '876067', '2018-01-22 09:09:59', '2018-01-22 10:14:11', '2018-01-22 10:14:11', 'ddfc76a0-a56d-4d9a-8531-19e9163b476b'),
 ('88', '1', '2', 'diffuse.jpg', 'image', '2048', '2048', '396160', '2018-01-22 09:09:59', '2018-01-22 10:14:11', '2018-01-22 10:14:12', '7ffc62c5-b0a3-414f-bf31-af622c49ba39'),
 ('89', '1', '1', 'liner-sprite.png', 'image', '9420', '1400', '1386660', '2018-01-22 09:09:58', '2018-01-22 10:14:12', '2018-01-22 10:14:13', '6fae0cb2-9804-439b-b610-2bd20f47b9ee'),
 ('90', '1', '1', 'logo.svg', 'image', '28', '41', '1048', '2018-01-22 09:09:59', '2018-01-22 10:14:13', '2018-01-22 10:14:13', '252f6c77-64c5-46ba-b17f-57145e6ab646'),
 ('91', '1', '1', 'ms-icon.png', 'image', '144', '144', '4897', '2018-01-22 09:09:58', '2018-01-22 10:14:13', '2018-01-22 10:14:13', 'a070f777-c787-4729-afe4-e704f09c9fd1'),
 ('92', '1', '3', 'bump.jpg', 'image', '2048', '2048', '1268394', '2018-01-22 09:10:00', '2018-01-22 10:14:13', '2018-01-22 10:14:13', '61112699-fbc6-49de-9b99-4ded76d2b46f'),
 ('93', '1', '3', 'diffuse.jpg', 'image', '2048', '2048', '759474', '2018-01-22 09:10:00', '2018-01-22 10:14:14', '2018-01-22 10:14:14', 'de55366a-9c58-461b-9ddb-e912f20a0ddf'),
 ('94', '1', '3', 'sprite.png', 'image', '9432', '1806', '8237860', '2018-01-22 09:10:00', '2018-01-22 10:14:14', '2018-01-22 10:14:15', 'c1fb80e0-a01a-48c3-b601-5fcb1b6d6ca2'),
 ('95', '1', '1', 'pad-sprite.png', 'image', '8640', '2340', '1725859', '2018-01-22 09:09:58', '2018-01-22 10:14:16', '2018-01-22 10:14:17', 'a83e4d3c-8419-43db-bdf7-f41679178cef'),
 ('96', '1', '1', 'sanity-sprite.png', 'image', '7200', '1838', '939862', '2018-01-22 09:09:58', '2018-01-22 10:14:17', '2018-01-22 10:14:18', '8edf5999-040f-4067-9ac7-18ec90a2698a'),
 ('97', '1', '1', 'tampon-sprite.png', 'image', '7476', '3200', '2324069', '2018-01-22 09:09:59', '2018-01-22 10:14:18', '2018-01-22 10:14:20', 'f42235df-77eb-4e9b-ad8a-5d565fe20ff9'),
 ('98', '1', '1', 'tss-first-sprite.png', 'image', NULL, NULL, NULL, NULL, '2018-01-22 10:14:21', '2018-01-22 10:14:21', '3987f61c-ecbe-4a37-ba27-c464e3b4eb23'),
 ('99', '1', '1', 'tss-mobile.png', 'image', '1280', '800', '809628', '2018-01-22 09:09:59', '2018-01-22 10:14:21', '2018-01-22 10:14:21', 'a0a38364-4382-437c-bdb6-6c65b616abeb'),
 ('100', '1', '1', 'tss-second-sprite.png', 'image', NULL, NULL, NULL, NULL, '2018-01-22 10:14:21', '2018-01-22 10:14:21', '117e650d-d5a2-49ed-9a9d-2b4bb8e9793f');



DROP TABLE IF EXISTS `craft_assetfolders`;


--
-- Schema for table `craft_assetfolders`
--
CREATE TABLE `craft_assetfolders` (
  `id` int(11) NOT NULL AUTO_INCREMENT,
  `parentId` int(11) DEFAULT NULL,
  `sourceId` int(11) DEFAULT NULL,
  `name` varchar(255) COLLATE utf8_unicode_ci NOT NULL,
  `path` varchar(255) COLLATE utf8_unicode_ci DEFAULT NULL,
  `dateCreated` datetime NOT NULL,
  `dateUpdated` datetime NOT NULL,
  `uid` char(36) COLLATE utf8_unicode_ci NOT NULL DEFAULT '0',
  PRIMARY KEY (`id`),
  UNIQUE KEY `craft_assetfolders_name_parentId_sourceId_unq_idx` (`name`,`parentId`,`sourceId`),
  KEY `craft_assetfolders_parentId_fk` (`parentId`),
  KEY `craft_assetfolders_sourceId_fk` (`sourceId`)
) ENGINE=InnoDB AUTO_INCREMENT=5 DEFAULT CHARSET=utf8 COLLATE=utf8_unicode_ci;

--
-- Data for table `craft_assetfolders`
--

INSERT INTO `craft_assetfolders` (`id`, `parentId`, `sourceId`, `name`, `path`, `dateCreated`, `dateUpdated`, `uid`) VALUES
 ('1', NULL, '1', 'Immagini', '', '2017-01-31 10:47:31', '2017-01-31 10:47:57', '935925f0-6850-4f1b-8386-ce67977d6fc9'),
 ('2', '1', '1', 'liner', 'liner/', '2018-01-22 10:14:09', '2018-01-22 10:14:09', '0cb2b7f9-92ad-428f-a470-5bf19479e191'),
 ('3', '1', '1', 'pad', 'pad/', '2018-01-22 10:14:09', '2018-01-22 10:14:09', 'c0c33a62-9e23-4a15-92bc-68f22f18572d'),
 ('4', NULL, '2', 'Documents', '', '2018-01-22 10:16:08', '2018-01-22 10:16:08', '91ccc9ed-2546-4d7f-a240-578c8aa7969f');



DROP TABLE IF EXISTS `craft_assetindexdata`;


--
-- Schema for table `craft_assetindexdata`
--
CREATE TABLE `craft_assetindexdata` (
  `id` int(11) NOT NULL AUTO_INCREMENT,
  `sessionId` varchar(36) COLLATE utf8_unicode_ci NOT NULL DEFAULT '',
  `sourceId` int(10) NOT NULL,
  `offset` int(10) NOT NULL,
  `uri` varchar(255) COLLATE utf8_unicode_ci DEFAULT NULL,
  `size` varchar(255) COLLATE utf8_unicode_ci DEFAULT NULL,
  `recordId` int(10) DEFAULT NULL,
  `dateCreated` datetime NOT NULL,
  `dateUpdated` datetime NOT NULL,
  `uid` char(36) COLLATE utf8_unicode_ci NOT NULL DEFAULT '0',
  PRIMARY KEY (`id`),
  UNIQUE KEY `craft_assetindexdata_sessionId_sourceId_offset_unq_idx` (`sessionId`,`sourceId`,`offset`),
  KEY `craft_assetindexdata_sourceId_fk` (`sourceId`)
) ENGINE=InnoDB AUTO_INCREMENT=46 DEFAULT CHARSET=utf8 COLLATE=utf8_unicode_ci;

DROP TABLE IF EXISTS `craft_assetsources`;


--
-- Schema for table `craft_assetsources`
--
CREATE TABLE `craft_assetsources` (
  `id` int(11) NOT NULL AUTO_INCREMENT,
  `name` varchar(255) COLLATE utf8_unicode_ci NOT NULL,
  `handle` varchar(255) COLLATE utf8_unicode_ci NOT NULL,
  `type` varchar(150) COLLATE utf8_unicode_ci NOT NULL,
  `settings` text COLLATE utf8_unicode_ci,
  `sortOrder` smallint(6) unsigned DEFAULT NULL,
  `fieldLayoutId` int(10) DEFAULT NULL,
  `dateCreated` datetime NOT NULL,
  `dateUpdated` datetime NOT NULL,
  `uid` char(36) COLLATE utf8_unicode_ci NOT NULL DEFAULT '0',
  PRIMARY KEY (`id`),
  UNIQUE KEY `craft_assetsources_name_unq_idx` (`name`),
  UNIQUE KEY `craft_assetsources_handle_unq_idx` (`handle`),
  KEY `craft_assetsources_fieldLayoutId_fk` (`fieldLayoutId`)
) ENGINE=InnoDB AUTO_INCREMENT=3 DEFAULT CHARSET=utf8 COLLATE=utf8_unicode_ci;

--
-- Data for table `craft_assetsources`
--

INSERT INTO `craft_assetsources` (`id`, `name`, `handle`, `type`, `settings`, `sortOrder`, `fieldLayoutId`, `dateCreated`, `dateUpdated`, `uid`) VALUES
 ('1', 'Immagini', 'images', 'Local', '{\"path\":\"assets\\/images\\/\",\"publicURLs\":\"1\",\"url\":\"http:\\/\\/stopthedot.com\\/assets\\/images\\/\"}', '1', '71', '2017-01-31 10:47:31', '2017-01-31 10:51:58', 'd4f16ca4-2a9b-4a66-92db-8950bdfce26d'),
 ('2', 'Documents', 'documents', 'Local', '{\"path\":\"assets\\/documents\\/\",\"publicURLs\":\"1\",\"url\":\"http:\\/\\/dot:8888\\/assets\\/documents\\/\"}', '2', '100', '2018-01-22 10:16:08', '2018-01-22 10:17:21', '2ac94088-8927-4d3e-9ae0-63623e03c31c');



DROP TABLE IF EXISTS `craft_assettransformindex`;


--
-- Schema for table `craft_assettransformindex`
--
CREATE TABLE `craft_assettransformindex` (
  `id` int(11) NOT NULL AUTO_INCREMENT,
  `fileId` int(11) NOT NULL,
  `filename` varchar(255) COLLATE utf8_unicode_ci DEFAULT NULL,
  `format` varchar(255) COLLATE utf8_unicode_ci DEFAULT NULL,
  `location` varchar(255) COLLATE utf8_unicode_ci NOT NULL,
  `sourceId` int(11) DEFAULT NULL,
  `fileExists` tinyint(1) DEFAULT NULL,
  `inProgress` tinyint(1) DEFAULT NULL,
  `dateIndexed` datetime DEFAULT NULL,
  `dateCreated` datetime NOT NULL,
  `dateUpdated` datetime NOT NULL,
  `uid` char(36) COLLATE utf8_unicode_ci NOT NULL DEFAULT '0',
  PRIMARY KEY (`id`),
  KEY `craft_assettransformindex_sourceId_fileId_location_idx` (`sourceId`,`fileId`,`location`)
) ENGINE=InnoDB DEFAULT CHARSET=utf8 COLLATE=utf8_unicode_ci;

DROP TABLE IF EXISTS `craft_assettransforms`;


--
-- Schema for table `craft_assettransforms`
--
CREATE TABLE `craft_assettransforms` (
  `id` int(11) NOT NULL AUTO_INCREMENT,
  `name` varchar(255) COLLATE utf8_unicode_ci NOT NULL,
  `handle` varchar(255) COLLATE utf8_unicode_ci NOT NULL,
  `mode` enum('stretch','fit','crop') COLLATE utf8_unicode_ci NOT NULL DEFAULT 'crop',
  `position` enum('top-left','top-center','top-right','center-left','center-center','center-right','bottom-left','bottom-center','bottom-right') COLLATE utf8_unicode_ci NOT NULL DEFAULT 'center-center',
  `height` int(10) DEFAULT NULL,
  `width` int(10) DEFAULT NULL,
  `format` varchar(255) COLLATE utf8_unicode_ci DEFAULT NULL,
  `quality` int(10) DEFAULT NULL,
  `dimensionChangeTime` datetime DEFAULT NULL,
  `dateCreated` datetime NOT NULL,
  `dateUpdated` datetime NOT NULL,
  `uid` char(36) COLLATE utf8_unicode_ci NOT NULL DEFAULT '0',
  PRIMARY KEY (`id`),
  UNIQUE KEY `craft_assettransforms_name_unq_idx` (`name`),
  UNIQUE KEY `craft_assettransforms_handle_unq_idx` (`handle`)
) ENGINE=InnoDB DEFAULT CHARSET=utf8 COLLATE=utf8_unicode_ci;

DROP TABLE IF EXISTS `craft_categories`;


--
-- Schema for table `craft_categories`
--
CREATE TABLE `craft_categories` (
  `id` int(11) NOT NULL,
  `groupId` int(11) NOT NULL,
  `dateCreated` datetime NOT NULL,
  `dateUpdated` datetime NOT NULL,
  `uid` char(36) COLLATE utf8_unicode_ci NOT NULL DEFAULT '0',
  PRIMARY KEY (`id`),
  KEY `craft_categories_groupId_fk` (`groupId`)
) ENGINE=InnoDB DEFAULT CHARSET=utf8 COLLATE=utf8_unicode_ci;

DROP TABLE IF EXISTS `craft_categorygroups`;


--
-- Schema for table `craft_categorygroups`
--
CREATE TABLE `craft_categorygroups` (
  `id` int(11) NOT NULL AUTO_INCREMENT,
  `structureId` int(11) NOT NULL,
  `fieldLayoutId` int(11) DEFAULT NULL,
  `name` varchar(255) COLLATE utf8_unicode_ci NOT NULL,
  `handle` varchar(255) COLLATE utf8_unicode_ci NOT NULL,
  `hasUrls` tinyint(1) unsigned NOT NULL DEFAULT '1',
  `template` varchar(500) COLLATE utf8_unicode_ci DEFAULT NULL,
  `dateCreated` datetime NOT NULL,
  `dateUpdated` datetime NOT NULL,
  `uid` char(36) COLLATE utf8_unicode_ci NOT NULL DEFAULT '0',
  PRIMARY KEY (`id`),
  UNIQUE KEY `craft_categorygroups_name_unq_idx` (`name`),
  UNIQUE KEY `craft_categorygroups_handle_unq_idx` (`handle`),
  KEY `craft_categorygroups_structureId_fk` (`structureId`),
  KEY `craft_categorygroups_fieldLayoutId_fk` (`fieldLayoutId`)
) ENGINE=InnoDB DEFAULT CHARSET=utf8 COLLATE=utf8_unicode_ci;

DROP TABLE IF EXISTS `craft_categorygroups_i18n`;


--
-- Schema for table `craft_categorygroups_i18n`
--
CREATE TABLE `craft_categorygroups_i18n` (
  `id` int(11) NOT NULL AUTO_INCREMENT,
  `groupId` int(11) NOT NULL,
  `locale` char(12) COLLATE utf8_unicode_ci NOT NULL,
  `urlFormat` text COLLATE utf8_unicode_ci,
  `nestedUrlFormat` text COLLATE utf8_unicode_ci,
  `dateCreated` datetime NOT NULL,
  `dateUpdated` datetime NOT NULL,
  `uid` char(36) COLLATE utf8_unicode_ci NOT NULL DEFAULT '0',
  PRIMARY KEY (`id`),
  UNIQUE KEY `craft_categorygroups_i18n_groupId_locale_unq_idx` (`groupId`,`locale`),
  KEY `craft_categorygroups_i18n_locale_fk` (`locale`)
) ENGINE=InnoDB DEFAULT CHARSET=utf8 COLLATE=utf8_unicode_ci;

DROP TABLE IF EXISTS `craft_content`;


--
-- Schema for table `craft_content`
--
CREATE TABLE `craft_content` (
  `id` int(11) NOT NULL AUTO_INCREMENT,
  `elementId` int(11) NOT NULL,
  `locale` char(12) COLLATE utf8_unicode_ci NOT NULL,
  `title` varchar(255) COLLATE utf8_unicode_ci DEFAULT NULL,
  `field_titoloEsterno` text COLLATE utf8_unicode_ci,
  `field_titoloInterno` text COLLATE utf8_unicode_ci,
  `field_titoloSalvaslip` text COLLATE utf8_unicode_ci,
  `field_percent` text COLLATE utf8_unicode_ci,
  `field_request` text COLLATE utf8_unicode_ci,
  `field_followus` text COLLATE utf8_unicode_ci,
  `field_close` text COLLATE utf8_unicode_ci,
  `field_home` text COLLATE utf8_unicode_ci,
  `field_about` text COLLATE utf8_unicode_ci,
  `field_pad` text COLLATE utf8_unicode_ci,
  `field_tampon` text COLLATE utf8_unicode_ci,
  `field_liner` text COLLATE utf8_unicode_ci,
  `field_contacts` text COLLATE utf8_unicode_ci,
  `field_intro` text COLLATE utf8_unicode_ci,
  `field_italic` text COLLATE utf8_unicode_ci,
  `field_yourname` text COLLATE utf8_unicode_ci,
  `field_youremail` text COLLATE utf8_unicode_ci,
  `field_yourphone` text COLLATE utf8_unicode_ci,
  `field_yourmessage` text COLLATE utf8_unicode_ci,
  `field_accept` text COLLATE utf8_unicode_ci,
  `field_thanks` text COLLATE utf8_unicode_ci,
  `field_send` text COLLATE utf8_unicode_ci,
  `field_text` text COLLATE utf8_unicode_ci,
  `field_scrollfor` text COLLATE utf8_unicode_ci,
  `field_titoloInternoShort` text COLLATE utf8_unicode_ci,
  `field_titoloEsternoShort` text COLLATE utf8_unicode_ci,
  `field_titoloSalvaslipShort` text COLLATE utf8_unicode_ci,
  `field_titoloSanity` text COLLATE utf8_unicode_ci,
  `field_titoloSanityShort` text COLLATE utf8_unicode_ci,
  `field_sanity` text COLLATE utf8_unicode_ci,
  `field_payoff` text COLLATE utf8_unicode_ci,
  `field_tss` text COLLATE utf8_unicode_ci,
  `field_tssTitle` text COLLATE utf8_unicode_ci,
  `field_aboutUs` text COLLATE utf8_unicode_ci,
  `field_piecesNumber` text COLLATE utf8_unicode_ci,
  `field_absorbance` text COLLATE utf8_unicode_ci,
  `field_linkInterno` text COLLATE utf8_unicode_ci,
  `field_shopNow` text COLLATE utf8_unicode_ci,
  `dateCreated` datetime NOT NULL,
  `dateUpdated` datetime NOT NULL,
  `uid` char(36) COLLATE utf8_unicode_ci NOT NULL DEFAULT '0',
  PRIMARY KEY (`id`),
  UNIQUE KEY `craft_content_elementId_locale_unq_idx` (`elementId`,`locale`),
  KEY `craft_content_title_idx` (`title`),
  KEY `craft_content_locale_fk` (`locale`)
) ENGINE=InnoDB AUTO_INCREMENT=97 DEFAULT CHARSET=utf8 COLLATE=utf8_unicode_ci;

--
-- Data for table `craft_content`
--

INSERT INTO `craft_content` (`id`, `elementId`, `locale`, `title`, `field_titoloEsterno`, `field_titoloInterno`, `field_titoloSalvaslip`, `field_percent`, `field_request`, `field_followus`, `field_close`, `field_home`, `field_about`, `field_pad`, `field_tampon`, `field_liner`, `field_contacts`, `field_intro`, `field_italic`, `field_yourname`, `field_youremail`, `field_yourphone`, `field_yourmessage`, `field_accept`, `field_thanks`, `field_send`, `field_text`, `field_scrollfor`, `field_titoloInternoShort`, `field_titoloEsternoShort`, `field_titoloSalvaslipShort`, `field_titoloSanity`, `field_titoloSanityShort`, `field_sanity`, `field_payoff`, `field_tss`, `field_tssTitle`, `field_aboutUs`, `field_piecesNumber`, `field_absorbance`, `field_linkInterno`, `field_shopNow`, `dateCreated`, `dateUpdated`, `uid`) VALUES
 ('1', '1', 'it', NULL, NULL, NULL, NULL, NULL, NULL, NULL, NULL, NULL, NULL, NULL, NULL, NULL, NULL, NULL, NULL, NULL, NULL, NULL, NULL, NULL, NULL, NULL, NULL, NULL, NULL, NULL, NULL, NULL, NULL, NULL, NULL, NULL, NULL, NULL, NULL, NULL, NULL, NULL, '2017-01-13 15:45:30', '2017-01-23 16:47:02', 'd752f961-6224-4986-9676-57e7b2c19d42'),
 ('2', '2', 'it', 'Home', NULL, NULL, NULL, NULL, NULL, NULL, NULL, NULL, NULL, NULL, NULL, NULL, NULL, NULL, NULL, NULL, NULL, NULL, NULL, NULL, NULL, NULL, NULL, NULL, NULL, NULL, NULL, NULL, NULL, NULL, NULL, NULL, NULL, NULL, NULL, NULL, NULL, NULL, '2017-01-13 15:45:33', '2017-01-20 18:34:29', '9cd1e548-1a9e-401a-a2f9-5c6f3e6dfa07'),
 ('4', '2', 'en', 'Welcome to Dot!', NULL, NULL, NULL, NULL, NULL, NULL, NULL, NULL, NULL, NULL, NULL, NULL, NULL, NULL, NULL, NULL, NULL, NULL, NULL, NULL, NULL, NULL, NULL, NULL, NULL, NULL, NULL, NULL, NULL, NULL, NULL, NULL, NULL, NULL, NULL, NULL, NULL, NULL, '2017-01-19 10:43:31', '2017-01-19 11:31:48', '34a2ab74-3eca-433a-8870-eeaa05558df9'),
 ('9', '6', 'it', 'About', NULL, NULL, NULL, NULL, NULL, NULL, NULL, NULL, NULL, NULL, NULL, NULL, NULL, NULL, NULL, NULL, NULL, NULL, NULL, NULL, NULL, NULL, NULL, NULL, NULL, NULL, NULL, NULL, NULL, NULL, NULL, NULL, NULL, NULL, NULL, NULL, NULL, NULL, '2017-01-19 16:36:20', '2018-01-24 09:35:55', '3a0cf337-9c8c-4cc2-80b2-7aa2f79c454d'),
 ('10', '6', 'en', 'About', NULL, NULL, NULL, NULL, NULL, NULL, NULL, NULL, NULL, NULL, NULL, NULL, NULL, NULL, NULL, NULL, NULL, NULL, NULL, NULL, NULL, NULL, NULL, NULL, NULL, NULL, NULL, NULL, NULL, NULL, NULL, NULL, NULL, NULL, NULL, NULL, NULL, NULL, '2017-01-19 16:36:20', '2018-01-23 15:13:36', '58f3a819-8054-4943-a455-60ec1d4df07a'),
 ('25', '17', 'it', 'Hygenic Pad', NULL, NULL, NULL, NULL, NULL, NULL, NULL, NULL, NULL, NULL, NULL, NULL, NULL, NULL, NULL, NULL, NULL, NULL, NULL, NULL, NULL, NULL, NULL, NULL, NULL, NULL, NULL, NULL, NULL, NULL, NULL, NULL, NULL, NULL, NULL, NULL, 'http://shop.stopthedot.com/assorbenti-esterni-34.html', NULL, '2017-01-20 09:52:56', '2018-01-10 14:34:08', 'eea9b7fa-6887-4602-9875-4e0eca94736a'),
 ('26', '17', 'en', 'Hygenic Pad', NULL, NULL, NULL, NULL, NULL, NULL, NULL, NULL, NULL, NULL, NULL, NULL, NULL, NULL, NULL, NULL, NULL, NULL, NULL, NULL, NULL, NULL, NULL, NULL, NULL, NULL, NULL, NULL, NULL, NULL, NULL, NULL, NULL, NULL, NULL, NULL, NULL, NULL, '2017-01-20 09:52:56', '2017-01-23 14:02:28', '4ca2b2a0-2c5c-48db-a9da-f7a8724c9234'),
 ('27', '24', 'it', 'Panty Liner', NULL, NULL, NULL, NULL, NULL, NULL, NULL, NULL, NULL, NULL, NULL, NULL, NULL, NULL, NULL, NULL, NULL, NULL, NULL, NULL, NULL, NULL, NULL, NULL, NULL, NULL, NULL, NULL, NULL, NULL, NULL, NULL, NULL, NULL, NULL, NULL, 'http://shop.stopthedot.com/salvaslip.html', NULL, '2017-01-20 10:12:54', '2018-01-10 14:34:20', '566c6a32-b9aa-4928-b8d6-d8d20b8477d2'),
 ('28', '24', 'en', 'Panty Liner', NULL, NULL, NULL, NULL, NULL, NULL, NULL, NULL, NULL, NULL, NULL, NULL, NULL, NULL, NULL, NULL, NULL, NULL, NULL, NULL, NULL, NULL, NULL, NULL, NULL, NULL, NULL, NULL, NULL, NULL, NULL, NULL, NULL, NULL, NULL, NULL, NULL, NULL, '2017-01-20 10:12:54', '2017-01-23 14:05:33', '56c2fe56-d02d-4ede-92b1-3d479a8b2427'),
 ('29', '28', 'it', 'Applicator Tampons', NULL, NULL, NULL, NULL, NULL, NULL, NULL, NULL, NULL, NULL, NULL, NULL, NULL, NULL, NULL, NULL, NULL, NULL, NULL, NULL, NULL, NULL, NULL, NULL, NULL, NULL, NULL, NULL, NULL, NULL, NULL, NULL, NULL, NULL, NULL, NULL, 'http://shop.stopthedot.com/assorbenti-interni.html', NULL, '2017-01-20 10:21:43', '2018-01-10 14:34:48', '21f7d152-4de9-4dfe-8ab5-d75036701f79'),
 ('30', '28', 'en', 'Applicator Tampons', NULL, NULL, NULL, NULL, NULL, NULL, NULL, NULL, NULL, NULL, NULL, NULL, NULL, NULL, NULL, NULL, NULL, NULL, NULL, NULL, NULL, NULL, NULL, NULL, NULL, NULL, NULL, NULL, NULL, NULL, NULL, NULL, NULL, NULL, NULL, NULL, NULL, NULL, '2017-01-20 10:21:43', '2017-01-20 17:15:27', '8118d9a7-1e39-4519-ae5c-066a8cf64a34'),
 ('33', '37', 'it', 'Contatta <b>dot</b>', NULL, NULL, NULL, NULL, NULL, NULL, NULL, NULL, NULL, NULL, NULL, NULL, NULL, NULL, NULL, NULL, NULL, NULL, NULL, NULL, NULL, NULL, ' Siamo qui proprio per ogni cosa.</br></br> <b>Chiamaci</b> oppure contattaci <b><a target=\"_blank\" href=\"http://shop.stopthedot.com/contatti\">qui</a></b></br> per qualsiasi tuo dubbio, domanda e curiosità.</br></br> <b>Promettiamo di rispondere al più presto!</b>', NULL, NULL, NULL, NULL, NULL, NULL, NULL, NULL, NULL, NULL, NULL, NULL, NULL, NULL, NULL, '2017-01-20 11:57:51', '2017-05-09 13:03:30', '23049276-9f6c-40d1-a093-8b33e2b1a76a'),
 ('34', '37', 'en', 'Contact <b>dot</b>', NULL, NULL, NULL, NULL, NULL, NULL, NULL, NULL, NULL, NULL, NULL, NULL, NULL, NULL, NULL, NULL, NULL, NULL, NULL, NULL, NULL, NULL, 'Contact us to have more informations about our products and to receive a home visit from one of our special retailers. <b>Dot</b>, by choice, is not available retail in GDO or in pharmacies: it is <b>distributed only by us</b> and with our <b>subscription formula</b>.', NULL, NULL, NULL, NULL, NULL, NULL, NULL, NULL, NULL, NULL, NULL, NULL, NULL, NULL, NULL, '2017-01-20 11:57:51', '2017-01-23 14:39:52', '5f443f99-1fc9-4512-a66b-429d86712038'),
 ('35', '38', 'it', NULL, 'Assorbenti<br><b>Esterni</b>', 'Tamponi<br><b>Interni</b>', 'Salva<br><b>Slip</b>', NULL, NULL, NULL, NULL, NULL, NULL, NULL, NULL, NULL, NULL, NULL, NULL, NULL, NULL, NULL, NULL, NULL, NULL, NULL, NULL, NULL, '<b>Interni</b>', '<b>Esterni</b>', '<b>Slip</b>', 'Assorbenti<br><b>Notte</b>', '<b>Notte</b>', NULL, NULL, NULL, 'Proteggiti<br><b>con dot</b>', 'Chi<br><b>Siamo</b>', NULL, NULL, NULL, NULL, '2017-01-20 12:02:09', '2018-01-22 10:33:22', '62bd3a73-e2c5-4243-9b56-6f95eff869ae'),
 ('36', '38', 'en', NULL, 'Hygenic<br><b>Pad</b>', 'Applicator<br><b>Tampons</b>', 'Panty<br><b>Liner</b>', NULL, NULL, NULL, NULL, NULL, NULL, NULL, NULL, NULL, NULL, NULL, NULL, NULL, NULL, NULL, NULL, NULL, NULL, NULL, NULL, NULL, '<b>Tampons</b>', '<b>Pad</b>', '<b>Liner</b>', 'Night<br><b>Pads</b>', '<b>Night</b>', NULL, NULL, NULL, 'Take care<br><b>with dot</b>', 'About<br><b>Us</b>', NULL, NULL, NULL, NULL, '2017-01-20 12:02:09', '2018-01-22 10:34:00', '849a217a-48ff-44ac-894a-12d013c05b9e'),
 ('37', '50', 'it', NULL, NULL, NULL, NULL, 'per cento', 'Richiedi', 'Seguici su', 'Chiudi', NULL, NULL, NULL, NULL, NULL, NULL, NULL, NULL, NULL, NULL, NULL, NULL, NULL, NULL, NULL, NULL, 'clicca qui per', NULL, NULL, NULL, NULL, NULL, NULL, 'L\'assorbente che ti protegge', NULL, NULL, NULL, 'numero di pezzi', 'grado assorbenza', NULL, 'Acquista ora', '2017-01-23 10:03:15', '2018-01-22 09:56:13', '32e16fe5-bc15-4457-aa0a-a054245e1f95'),
 ('38', '50', 'en', NULL, NULL, NULL, NULL, 'percent', 'Request', 'Follow us', 'Close', NULL, NULL, NULL, NULL, NULL, NULL, NULL, NULL, NULL, NULL, NULL, NULL, NULL, NULL, NULL, NULL, 'click here for', NULL, NULL, NULL, NULL, NULL, NULL, 'Hygienic pads and tampons that protect you', NULL, NULL, NULL, 'pieces number', 'absorbence', NULL, 'Shop now', '2017-01-23 10:03:15', '2018-01-22 09:43:10', 'a1d2b507-49e3-436c-b06b-020ead28c45c'),
 ('39', '54', 'it', NULL, NULL, NULL, NULL, NULL, NULL, NULL, NULL, 'home', 'chi siamo', 'esterni', 'interni', 'salvaslip', 'contatti', NULL, NULL, NULL, NULL, NULL, NULL, NULL, NULL, NULL, NULL, NULL, NULL, NULL, NULL, NULL, NULL, 'notte', NULL, 'tss', NULL, NULL, NULL, NULL, NULL, NULL, '2017-01-23 10:27:54', '2018-01-22 09:22:48', '17634c11-242a-4dac-8260-6603551e66bb'),
 ('40', '54', 'en', NULL, NULL, NULL, NULL, NULL, NULL, NULL, NULL, 'home', 'about us', 'hygenic pads', 'applicator tampons', 'panty liners', 'contacts', NULL, NULL, NULL, NULL, NULL, NULL, NULL, NULL, NULL, NULL, NULL, NULL, NULL, NULL, NULL, NULL, 'night pads', NULL, 'tss', NULL, NULL, NULL, NULL, NULL, NULL, '2017-01-23 10:27:54', '2018-01-10 14:00:07', '1167e070-d7b4-4a42-989d-3762f9c9de73'),
 ('41', '55', 'it', NULL, NULL, NULL, NULL, NULL, NULL, NULL, NULL, NULL, NULL, NULL, NULL, NULL, NULL, 'Niente più corse al negozio per “emergenze” con DOT: promettiamo di <b>arrivare quando serviamo</b>, nella <b>giusta quantità</b> e di <b>esserci finché avrai bisogno di noi</b>.', 'Costruisci il tuo piano con i prodotti che preferisci. Ricevili comodamente a casa ogni tre mesi. Metti in pausa o cancella il tuo abbonamento quando desideri, in totale trasparenza.', NULL, NULL, NULL, NULL, NULL, NULL, NULL, NULL, NULL, NULL, NULL, NULL, NULL, NULL, NULL, NULL, NULL, NULL, NULL, NULL, NULL, NULL, NULL, '2017-01-23 11:57:11', '2017-01-23 14:41:01', '3ff3a492-6dc3-40c9-9b98-854fa63433ef'),
 ('42', '55', 'en', NULL, NULL, NULL, NULL, NULL, NULL, NULL, NULL, NULL, NULL, NULL, NULL, NULL, NULL, 'No more runs to the store for “emergencies”. With DOT we promise you to <b>arrive when you need us</b>, with the <b>right quantity</b>, and to <b>be with you until you’ll need us</b>. ', 'Build your own plan with the products you prefer.  Comfortably receive them at home every three months. Pause or delete your subscription when you want, in total transparency.', NULL, NULL, NULL, NULL, NULL, NULL, NULL, NULL, NULL, NULL, NULL, NULL, NULL, NULL, NULL, NULL, NULL, NULL, NULL, NULL, NULL, NULL, NULL, '2017-01-23 11:57:11', '2017-01-23 14:41:48', 'ceb2eeda-cc8c-4356-bf0c-8302d83a2e88'),
 ('43', '56', 'it', NULL, NULL, NULL, NULL, NULL, NULL, NULL, NULL, NULL, NULL, NULL, NULL, NULL, NULL, NULL, NULL, 'Nome &amp; Cognome', 'La tua email', 'Numero di Telefono', 'Scrivici il tuo messaggio...', 'accetta', 'Grazie per averci contattato. Ti risponderemo a breve.', 'invia', NULL, NULL, NULL, NULL, NULL, NULL, NULL, NULL, NULL, NULL, NULL, NULL, NULL, NULL, NULL, NULL, '2017-01-23 11:59:19', '2017-01-23 13:58:57', '1d30ed50-fcde-4c16-b0b6-0fce750fe639'),
 ('44', '56', 'en', NULL, NULL, NULL, NULL, NULL, NULL, NULL, NULL, NULL, NULL, NULL, NULL, NULL, NULL, NULL, NULL, 'Name &amp; Surname', 'Your email', 'Your mobile phone number', 'Your message', 'accept', 'Thanks', 'send', NULL, NULL, NULL, NULL, NULL, NULL, NULL, NULL, NULL, NULL, NULL, NULL, NULL, NULL, NULL, NULL, '2017-01-23 11:59:19', '2017-01-23 14:01:14', 'f3019622-9448-49d4-a0ba-8c5556507a4f'),
 ('47', '64', 'it', 'Socialcard', NULL, NULL, NULL, NULL, NULL, NULL, NULL, NULL, NULL, NULL, NULL, NULL, NULL, NULL, NULL, NULL, NULL, NULL, NULL, NULL, NULL, NULL, NULL, NULL, NULL, NULL, NULL, NULL, NULL, NULL, NULL, NULL, NULL, NULL, NULL, NULL, NULL, NULL, '2017-01-31 10:52:12', '2018-01-22 10:14:18', '29ee0efc-d078-412b-89ac-f41e53629164'),
 ('48', '64', 'en', 'Socialcard', NULL, NULL, NULL, NULL, NULL, NULL, NULL, NULL, NULL, NULL, NULL, NULL, NULL, NULL, NULL, NULL, NULL, NULL, NULL, NULL, NULL, NULL, NULL, NULL, NULL, NULL, NULL, NULL, NULL, NULL, NULL, NULL, NULL, NULL, NULL, NULL, NULL, NULL, '2017-01-31 10:52:12', '2017-01-31 10:52:12', '9389f8a8-9a56-46cc-8b20-091fa9b3d93d'),
 ('49', '65', 'it', 'Night Pads', NULL, NULL, NULL, NULL, NULL, NULL, NULL, NULL, NULL, NULL, NULL, NULL, NULL, NULL, NULL, NULL, NULL, NULL, NULL, NULL, NULL, NULL, NULL, NULL, NULL, NULL, NULL, NULL, NULL, NULL, NULL, NULL, NULL, NULL, NULL, NULL, 'http://shop.stopthedot.com/assorbenti-esterni-34.html', NULL, '2017-09-14 10:04:49', '2018-01-10 14:34:05', '64f5ae24-c5fb-40ca-8523-5e4dac4573c2'),
 ('50', '65', 'en', 'Night Pads', NULL, NULL, NULL, NULL, NULL, NULL, NULL, NULL, NULL, NULL, NULL, NULL, NULL, NULL, NULL, NULL, NULL, NULL, NULL, NULL, NULL, NULL, NULL, NULL, NULL, NULL, NULL, NULL, NULL, NULL, NULL, NULL, NULL, NULL, NULL, NULL, NULL, NULL, '2017-09-14 10:04:49', '2017-09-14 10:22:13', '18fd3ab6-3aed-4665-87ea-5e2f443667f0'),
 ('51', '72', 'it', 'Tss', NULL, NULL, NULL, NULL, NULL, NULL, NULL, NULL, NULL, NULL, NULL, NULL, NULL, NULL, NULL, NULL, NULL, NULL, NULL, NULL, NULL, NULL, NULL, NULL, NULL, NULL, NULL, NULL, NULL, NULL, NULL, NULL, NULL, NULL, NULL, NULL, NULL, NULL, '2018-01-10 13:55:16', '2018-01-22 09:25:55', 'ca6dd987-8947-4280-a1f5-e61fe0ed21cb'),
 ('52', '72', 'en', 'Tss', NULL, NULL, NULL, NULL, NULL, NULL, NULL, NULL, NULL, NULL, NULL, NULL, NULL, NULL, NULL, NULL, NULL, NULL, NULL, NULL, NULL, NULL, NULL, NULL, NULL, NULL, NULL, NULL, NULL, NULL, NULL, NULL, NULL, NULL, NULL, NULL, NULL, NULL, '2018-01-10 13:55:16', '2018-01-22 09:27:03', '053b61c3-007b-4b84-8193-c99d6529e8fb'),
 ('55', '80', 'it', 'About First Sprite', NULL, NULL, NULL, NULL, NULL, NULL, NULL, NULL, NULL, NULL, NULL, NULL, NULL, NULL, NULL, NULL, NULL, NULL, NULL, NULL, NULL, NULL, NULL, NULL, NULL, NULL, NULL, NULL, NULL, NULL, NULL, NULL, NULL, NULL, NULL, NULL, NULL, NULL, '2018-01-22 10:14:09', '2018-01-22 10:14:09', '8e8e3b23-2e82-441f-a936-a4d02dacaf46'),
 ('56', '80', 'en', 'About First Sprite', NULL, NULL, NULL, NULL, NULL, NULL, NULL, NULL, NULL, NULL, NULL, NULL, NULL, NULL, NULL, NULL, NULL, NULL, NULL, NULL, NULL, NULL, NULL, NULL, NULL, NULL, NULL, NULL, NULL, NULL, NULL, NULL, NULL, NULL, NULL, NULL, NULL, NULL, '2018-01-22 10:14:10', '2018-01-22 10:14:10', '18b2970e-b693-46da-bef1-8f7d1b2611ff'),
 ('57', '81', 'it', 'Absorbent', NULL, NULL, NULL, NULL, NULL, NULL, NULL, NULL, NULL, NULL, NULL, NULL, NULL, NULL, NULL, NULL, NULL, NULL, NULL, NULL, NULL, NULL, NULL, NULL, NULL, NULL, NULL, NULL, NULL, NULL, NULL, NULL, NULL, NULL, NULL, NULL, NULL, NULL, '2018-01-22 10:14:10', '2018-01-22 10:14:10', '4c2f50c7-1615-4080-b62e-53601e904491'),
 ('58', '81', 'en', 'Absorbent', NULL, NULL, NULL, NULL, NULL, NULL, NULL, NULL, NULL, NULL, NULL, NULL, NULL, NULL, NULL, NULL, NULL, NULL, NULL, NULL, NULL, NULL, NULL, NULL, NULL, NULL, NULL, NULL, NULL, NULL, NULL, NULL, NULL, NULL, NULL, NULL, NULL, NULL, '2018-01-22 10:14:10', '2018-01-22 10:14:10', '6fd5ef9d-f751-4bef-bb83-80f9b4af62d8'),
 ('59', '82', 'it', 'About Mobile', NULL, NULL, NULL, NULL, NULL, NULL, NULL, NULL, NULL, NULL, NULL, NULL, NULL, NULL, NULL, NULL, NULL, NULL, NULL, NULL, NULL, NULL, NULL, NULL, NULL, NULL, NULL, NULL, NULL, NULL, NULL, NULL, NULL, NULL, NULL, NULL, NULL, NULL, '2018-01-22 10:14:10', '2018-01-22 10:14:10', '6a8f66d1-f8c3-45aa-abb1-49b6b64f1afc'),
 ('60', '82', 'en', 'About Mobile', NULL, NULL, NULL, NULL, NULL, NULL, NULL, NULL, NULL, NULL, NULL, NULL, NULL, NULL, NULL, NULL, NULL, NULL, NULL, NULL, NULL, NULL, NULL, NULL, NULL, NULL, NULL, NULL, NULL, NULL, NULL, NULL, NULL, NULL, NULL, NULL, NULL, NULL, '2018-01-22 10:14:10', '2018-01-22 10:14:10', '5ca8e7b3-0068-4e16-83b5-df9beb7aa9e7'),
 ('61', '83', 'it', 'About Second Sprite', NULL, NULL, NULL, NULL, NULL, NULL, NULL, NULL, NULL, NULL, NULL, NULL, NULL, NULL, NULL, NULL, NULL, NULL, NULL, NULL, NULL, NULL, NULL, NULL, NULL, NULL, NULL, NULL, NULL, NULL, NULL, NULL, NULL, NULL, NULL, NULL, NULL, NULL, '2018-01-22 10:14:10', '2018-01-22 10:14:10', '82199c60-176c-4f0c-8701-f49c25251015'),
 ('62', '83', 'en', 'About Second Sprite', NULL, NULL, NULL, NULL, NULL, NULL, NULL, NULL, NULL, NULL, NULL, NULL, NULL, NULL, NULL, NULL, NULL, NULL, NULL, NULL, NULL, NULL, NULL, NULL, NULL, NULL, NULL, NULL, NULL, NULL, NULL, NULL, NULL, NULL, NULL, NULL, NULL, NULL, '2018-01-22 10:14:10', '2018-01-22 10:14:10', '50c1027a-dc7b-4996-8dba-4c2ddd69d433'),
 ('63', '84', 'it', 'Android Icon', NULL, NULL, NULL, NULL, NULL, NULL, NULL, NULL, NULL, NULL, NULL, NULL, NULL, NULL, NULL, NULL, NULL, NULL, NULL, NULL, NULL, NULL, NULL, NULL, NULL, NULL, NULL, NULL, NULL, NULL, NULL, NULL, NULL, NULL, NULL, NULL, NULL, NULL, '2018-01-22 10:14:10', '2018-01-22 10:14:11', 'de356f00-341e-46d0-9209-b3c47e6d302d'),
 ('64', '84', 'en', 'Android Icon', NULL, NULL, NULL, NULL, NULL, NULL, NULL, NULL, NULL, NULL, NULL, NULL, NULL, NULL, NULL, NULL, NULL, NULL, NULL, NULL, NULL, NULL, NULL, NULL, NULL, NULL, NULL, NULL, NULL, NULL, NULL, NULL, NULL, NULL, NULL, NULL, NULL, NULL, '2018-01-22 10:14:10', '2018-01-22 10:14:10', '3aee9606-e2e5-4cef-85ba-e03d87d5eeb7'),
 ('65', '85', 'it', 'Apple Icon', NULL, NULL, NULL, NULL, NULL, NULL, NULL, NULL, NULL, NULL, NULL, NULL, NULL, NULL, NULL, NULL, NULL, NULL, NULL, NULL, NULL, NULL, NULL, NULL, NULL, NULL, NULL, NULL, NULL, NULL, NULL, NULL, NULL, NULL, NULL, NULL, NULL, NULL, '2018-01-22 10:14:11', '2018-01-22 10:14:11', '208e57fb-76cf-469c-bed3-91feb2e6884e'),
 ('66', '85', 'en', 'Apple Icon', NULL, NULL, NULL, NULL, NULL, NULL, NULL, NULL, NULL, NULL, NULL, NULL, NULL, NULL, NULL, NULL, NULL, NULL, NULL, NULL, NULL, NULL, NULL, NULL, NULL, NULL, NULL, NULL, NULL, NULL, NULL, NULL, NULL, NULL, NULL, NULL, NULL, NULL, '2018-01-22 10:14:11', '2018-01-22 10:14:11', 'e86a82ba-72ee-4dee-a65e-a063f3e1542a'),
 ('67', '86', 'it', 'Favicon', NULL, NULL, NULL, NULL, NULL, NULL, NULL, NULL, NULL, NULL, NULL, NULL, NULL, NULL, NULL, NULL, NULL, NULL, NULL, NULL, NULL, NULL, NULL, NULL, NULL, NULL, NULL, NULL, NULL, NULL, NULL, NULL, NULL, NULL, NULL, NULL, NULL, NULL, '2018-01-22 10:14:11', '2018-01-22 10:14:11', '8b5f38ed-5e4d-4e46-91a4-f5508241629c'),
 ('68', '86', 'en', 'Favicon', NULL, NULL, NULL, NULL, NULL, NULL, NULL, NULL, NULL, NULL, NULL, NULL, NULL, NULL, NULL, NULL, NULL, NULL, NULL, NULL, NULL, NULL, NULL, NULL, NULL, NULL, NULL, NULL, NULL, NULL, NULL, NULL, NULL, NULL, NULL, NULL, NULL, NULL, '2018-01-22 10:14:11', '2018-01-22 10:14:11', 'd8fb2585-cc98-412c-9677-2d4551e5dc4e'),
 ('69', '87', 'it', 'Bump', NULL, NULL, NULL, NULL, NULL, NULL, NULL, NULL, NULL, NULL, NULL, NULL, NULL, NULL, NULL, NULL, NULL, NULL, NULL, NULL, NULL, NULL, NULL, NULL, NULL, NULL, NULL, NULL, NULL, NULL, NULL, NULL, NULL, NULL, NULL, NULL, NULL, NULL, '2018-01-22 10:14:11', '2018-01-22 10:14:11', '1bd2c80e-87e5-41b4-9f7b-de84dd90cbc8'),
 ('70', '87', 'en', 'Bump', NULL, NULL, NULL, NULL, NULL, NULL, NULL, NULL, NULL, NULL, NULL, NULL, NULL, NULL, NULL, NULL, NULL, NULL, NULL, NULL, NULL, NULL, NULL, NULL, NULL, NULL, NULL, NULL, NULL, NULL, NULL, NULL, NULL, NULL, NULL, NULL, NULL, NULL, '2018-01-22 10:14:11', '2018-01-22 10:14:11', '7a2d3089-6dc9-4134-a62f-052addc49bd5'),
 ('71', '88', 'it', 'Diffuse', NULL, NULL, NULL, NULL, NULL, NULL, NULL, NULL, NULL, NULL, NULL, NULL, NULL, NULL, NULL, NULL, NULL, NULL, NULL, NULL, NULL, NULL, NULL, NULL, NULL, NULL, NULL, NULL, NULL, NULL, NULL, NULL, NULL, NULL, NULL, NULL, NULL, NULL, '2018-01-22 10:14:11', '2018-01-22 10:14:12', '53c816ae-0244-4e20-b183-aefd1bf6a07c'),
 ('72', '88', 'en', 'Diffuse', NULL, NULL, NULL, NULL, NULL, NULL, NULL, NULL, NULL, NULL, NULL, NULL, NULL, NULL, NULL, NULL, NULL, NULL, NULL, NULL, NULL, NULL, NULL, NULL, NULL, NULL, NULL, NULL, NULL, NULL, NULL, NULL, NULL, NULL, NULL, NULL, NULL, NULL, '2018-01-22 10:14:11', '2018-01-22 10:14:11', '5066fd4a-0c14-4fb6-86cf-e09b785bcdea'),
 ('73', '89', 'it', 'Liner Sprite', NULL, NULL, NULL, NULL, NULL, NULL, NULL, NULL, NULL, NULL, NULL, NULL, NULL, NULL, NULL, NULL, NULL, NULL, NULL, NULL, NULL, NULL, NULL, NULL, NULL, NULL, NULL, NULL, NULL, NULL, NULL, NULL, NULL, NULL, NULL, NULL, NULL, NULL, '2018-01-22 10:14:12', '2018-01-22 10:14:13', 'c91e28e0-44c4-4dc8-ae55-83a0793157d8'),
 ('74', '89', 'en', 'Liner Sprite', NULL, NULL, NULL, NULL, NULL, NULL, NULL, NULL, NULL, NULL, NULL, NULL, NULL, NULL, NULL, NULL, NULL, NULL, NULL, NULL, NULL, NULL, NULL, NULL, NULL, NULL, NULL, NULL, NULL, NULL, NULL, NULL, NULL, NULL, NULL, NULL, NULL, NULL, '2018-01-22 10:14:12', '2018-01-22 10:14:12', '72f56e64-9731-4795-91db-e52f558b823c'),
 ('75', '90', 'it', 'Logo', NULL, NULL, NULL, NULL, NULL, NULL, NULL, NULL, NULL, NULL, NULL, NULL, NULL, NULL, NULL, NULL, NULL, NULL, NULL, NULL, NULL, NULL, NULL, NULL, NULL, NULL, NULL, NULL, NULL, NULL, NULL, NULL, NULL, NULL, NULL, NULL, NULL, NULL, '2018-01-22 10:14:13', '2018-01-22 10:14:13', '9632759c-e5e2-4f32-8b34-ba00581ab4bb'),
 ('76', '90', 'en', 'Logo', NULL, NULL, NULL, NULL, NULL, NULL, NULL, NULL, NULL, NULL, NULL, NULL, NULL, NULL, NULL, NULL, NULL, NULL, NULL, NULL, NULL, NULL, NULL, NULL, NULL, NULL, NULL, NULL, NULL, NULL, NULL, NULL, NULL, NULL, NULL, NULL, NULL, NULL, '2018-01-22 10:14:13', '2018-01-22 10:14:13', 'd2caf32a-94c9-48ab-986a-390b26c7ff39'),
 ('77', '91', 'it', 'Ms Icon', NULL, NULL, NULL, NULL, NULL, NULL, NULL, NULL, NULL, NULL, NULL, NULL, NULL, NULL, NULL, NULL, NULL, NULL, NULL, NULL, NULL, NULL, NULL, NULL, NULL, NULL, NULL, NULL, NULL, NULL, NULL, NULL, NULL, NULL, NULL, NULL, NULL, NULL, '2018-01-22 10:14:13', '2018-01-22 10:14:13', '375bb837-f42c-4b9d-a872-01a9226a29dc'),
 ('78', '91', 'en', 'Ms Icon', NULL, NULL, NULL, NULL, NULL, NULL, NULL, NULL, NULL, NULL, NULL, NULL, NULL, NULL, NULL, NULL, NULL, NULL, NULL, NULL, NULL, NULL, NULL, NULL, NULL, NULL, NULL, NULL, NULL, NULL, NULL, NULL, NULL, NULL, NULL, NULL, NULL, NULL, '2018-01-22 10:14:13', '2018-01-22 10:14:13', 'c59db936-7a21-4b2b-a354-e24d1bdc3654'),
 ('79', '92', 'it', 'Bump', NULL, NULL, NULL, NULL, NULL, NULL, NULL, NULL, NULL, NULL, NULL, NULL, NULL, NULL, NULL, NULL, NULL, NULL, NULL, NULL, NULL, NULL, NULL, NULL, NULL, NULL, NULL, NULL, NULL, NULL, NULL, NULL, NULL, NULL, NULL, NULL, NULL, NULL, '2018-01-22 10:14:13', '2018-01-22 10:14:13', 'af1bd9a2-deb6-4693-b660-e6fbd1f6a786'),
 ('80', '92', 'en', 'Bump', NULL, NULL, NULL, NULL, NULL, NULL, NULL, NULL, NULL, NULL, NULL, NULL, NULL, NULL, NULL, NULL, NULL, NULL, NULL, NULL, NULL, NULL, NULL, NULL, NULL, NULL, NULL, NULL, NULL, NULL, NULL, NULL, NULL, NULL, NULL, NULL, NULL, NULL, '2018-01-22 10:14:13', '2018-01-22 10:14:13', '19c4a8e4-184f-4dbe-a3b3-55292f814ac0'),
 ('81', '93', 'it', 'Diffuse', NULL, NULL, NULL, NULL, NULL, NULL, NULL, NULL, NULL, NULL, NULL, NULL, NULL, NULL, NULL, NULL, NULL, NULL, NULL, NULL, NULL, NULL, NULL, NULL, NULL, NULL, NULL, NULL, NULL, NULL, NULL, NULL, NULL, NULL, NULL, NULL, NULL, NULL, '2018-01-22 10:14:14', '2018-01-22 10:14:14', '319b63c8-6701-4fae-b00f-408ccc13c174'),
 ('82', '93', 'en', 'Diffuse', NULL, NULL, NULL, NULL, NULL, NULL, NULL, NULL, NULL, NULL, NULL, NULL, NULL, NULL, NULL, NULL, NULL, NULL, NULL, NULL, NULL, NULL, NULL, NULL, NULL, NULL, NULL, NULL, NULL, NULL, NULL, NULL, NULL, NULL, NULL, NULL, NULL, NULL, '2018-01-22 10:14:14', '2018-01-22 10:14:14', '47144ed5-1f6e-4bcb-9acb-e2d01dfedb3d'),
 ('83', '94', 'it', 'Sprite', NULL, NULL, NULL, NULL, NULL, NULL, NULL, NULL, NULL, NULL, NULL, NULL, NULL, NULL, NULL, NULL, NULL, NULL, NULL, NULL, NULL, NULL, NULL, NULL, NULL, NULL, NULL, NULL, NULL, NULL, NULL, NULL, NULL, NULL, NULL, NULL, NULL, NULL, '2018-01-22 10:14:14', '2018-01-22 10:14:15', '72d29de4-77cc-41c9-ae21-41784ce7ccf1'),
 ('84', '94', 'en', 'Sprite', NULL, NULL, NULL, NULL, NULL, NULL, NULL, NULL, NULL, NULL, NULL, NULL, NULL, NULL, NULL, NULL, NULL, NULL, NULL, NULL, NULL, NULL, NULL, NULL, NULL, NULL, NULL, NULL, NULL, NULL, NULL, NULL, NULL, NULL, NULL, NULL, NULL, NULL, '2018-01-22 10:14:14', '2018-01-22 10:14:14', 'f2a9b4b6-13ea-448c-b3ba-d44c1ed7ac9c'),
 ('85', '95', 'it', 'Pad Sprite', NULL, NULL, NULL, NULL, NULL, NULL, NULL, NULL, NULL, NULL, NULL, NULL, NULL, NULL, NULL, NULL, NULL, NULL, NULL, NULL, NULL, NULL, NULL, NULL, NULL, NULL, NULL, NULL, NULL, NULL, NULL, NULL, NULL, NULL, NULL, NULL, NULL, NULL, '2018-01-22 10:14:15', '2018-01-22 10:14:17', '33528eae-6917-4315-833d-3519bf165070'),
 ('86', '95', 'en', 'Pad Sprite', NULL, NULL, NULL, NULL, NULL, NULL, NULL, NULL, NULL, NULL, NULL, NULL, NULL, NULL, NULL, NULL, NULL, NULL, NULL, NULL, NULL, NULL, NULL, NULL, NULL, NULL, NULL, NULL, NULL, NULL, NULL, NULL, NULL, NULL, NULL, NULL, NULL, NULL, '2018-01-22 10:14:16', '2018-01-22 10:14:16', '8ca52804-8d92-443f-96dc-2fd64f47cad8'),
 ('87', '96', 'it', 'Sanity Sprite', NULL, NULL, NULL, NULL, NULL, NULL, NULL, NULL, NULL, NULL, NULL, NULL, NULL, NULL, NULL, NULL, NULL, NULL, NULL, NULL, NULL, NULL, NULL, NULL, NULL, NULL, NULL, NULL, NULL, NULL, NULL, NULL, NULL, NULL, NULL, NULL, NULL, NULL, '2018-01-22 10:14:17', '2018-01-22 10:14:18', '436194c2-0dc1-4839-956b-d5aaf4185902'),
 ('88', '96', 'en', 'Sanity Sprite', NULL, NULL, NULL, NULL, NULL, NULL, NULL, NULL, NULL, NULL, NULL, NULL, NULL, NULL, NULL, NULL, NULL, NULL, NULL, NULL, NULL, NULL, NULL, NULL, NULL, NULL, NULL, NULL, NULL, NULL, NULL, NULL, NULL, NULL, NULL, NULL, NULL, NULL, '2018-01-22 10:14:17', '2018-01-22 10:14:17', '76c36352-8a6c-4f81-baae-fc835ef84b65'),
 ('89', '97', 'it', 'Tampon Sprite', NULL, NULL, NULL, NULL, NULL, NULL, NULL, NULL, NULL, NULL, NULL, NULL, NULL, NULL, NULL, NULL, NULL, NULL, NULL, NULL, NULL, NULL, NULL, NULL, NULL, NULL, NULL, NULL, NULL, NULL, NULL, NULL, NULL, NULL, NULL, NULL, NULL, NULL, '2018-01-22 10:14:18', '2018-01-22 10:14:20', 'c1100fde-79c2-4765-8945-f871e5c7440d'),
 ('90', '97', 'en', 'Tampon Sprite', NULL, NULL, NULL, NULL, NULL, NULL, NULL, NULL, NULL, NULL, NULL, NULL, NULL, NULL, NULL, NULL, NULL, NULL, NULL, NULL, NULL, NULL, NULL, NULL, NULL, NULL, NULL, NULL, NULL, NULL, NULL, NULL, NULL, NULL, NULL, NULL, NULL, NULL, '2018-01-22 10:14:18', '2018-01-22 10:14:18', '6d99789c-ce8c-4775-b2fe-131a41d67a28'),
 ('91', '98', 'it', 'Tss First Sprite', NULL, NULL, NULL, NULL, NULL, NULL, NULL, NULL, NULL, NULL, NULL, NULL, NULL, NULL, NULL, NULL, NULL, NULL, NULL, NULL, NULL, NULL, NULL, NULL, NULL, NULL, NULL, NULL, NULL, NULL, NULL, NULL, NULL, NULL, NULL, NULL, NULL, NULL, '2018-01-22 10:14:21', '2018-01-22 10:14:21', '10f45b71-0b8d-46c3-a404-6849b583466b'),
 ('92', '98', 'en', 'Tss First Sprite', NULL, NULL, NULL, NULL, NULL, NULL, NULL, NULL, NULL, NULL, NULL, NULL, NULL, NULL, NULL, NULL, NULL, NULL, NULL, NULL, NULL, NULL, NULL, NULL, NULL, NULL, NULL, NULL, NULL, NULL, NULL, NULL, NULL, NULL, NULL, NULL, NULL, NULL, '2018-01-22 10:14:21', '2018-01-22 10:14:21', 'd4f186c1-9a08-42ea-92a4-d20500693ea7'),
 ('93', '99', 'it', 'Tss Mobile', NULL, NULL, NULL, NULL, NULL, NULL, NULL, NULL, NULL, NULL, NULL, NULL, NULL, NULL, NULL, NULL, NULL, NULL, NULL, NULL, NULL, NULL, NULL, NULL, NULL, NULL, NULL, NULL, NULL, NULL, NULL, NULL, NULL, NULL, NULL, NULL, NULL, NULL, '2018-01-22 10:14:21', '2018-01-22 10:14:21', 'ea09c485-e87e-4e11-befe-51e78b0e9f53'),
 ('94', '99', 'en', 'Tss Mobile', NULL, NULL, NULL, NULL, NULL, NULL, NULL, NULL, NULL, NULL, NULL, NULL, NULL, NULL, NULL, NULL, NULL, NULL, NULL, NULL, NULL, NULL, NULL, NULL, NULL, NULL, NULL, NULL, NULL, NULL, NULL, NULL, NULL, NULL, NULL, NULL, NULL, NULL, '2018-01-22 10:14:21', '2018-01-22 10:14:21', 'ea351b9c-fc47-4575-8254-83960eb168bd'),
 ('95', '100', 'it', 'Tss Second Sprite', NULL, NULL, NULL, NULL, NULL, NULL, NULL, NULL, NULL, NULL, NULL, NULL, NULL, NULL, NULL, NULL, NULL, NULL, NULL, NULL, NULL, NULL, NULL, NULL, NULL, NULL, NULL, NULL, NULL, NULL, NULL, NULL, NULL, NULL, NULL, NULL, NULL, NULL, '2018-01-22 10:14:21', '2018-01-22 10:14:21', '259fec20-369d-44f6-826a-1b68bacace80'),
 ('96', '100', 'en', 'Tss Second Sprite', NULL, NULL, NULL, NULL, NULL, NULL, NULL, NULL, NULL, NULL, NULL, NULL, NULL, NULL, NULL, NULL, NULL, NULL, NULL, NULL, NULL, NULL, NULL, NULL, NULL, NULL, NULL, NULL, NULL, NULL, NULL, NULL, NULL, NULL, NULL, NULL, NULL, NULL, '2018-01-22 10:14:21', '2018-01-22 10:14:21', '073428e0-51f9-4dbd-bf7f-73d60641e0df');



DROP TABLE IF EXISTS `craft_deprecationerrors`;


--
-- Schema for table `craft_deprecationerrors`
--
CREATE TABLE `craft_deprecationerrors` (
  `id` int(11) NOT NULL AUTO_INCREMENT,
  `key` varchar(255) COLLATE utf8_unicode_ci NOT NULL,
  `fingerprint` varchar(255) COLLATE utf8_unicode_ci NOT NULL,
  `lastOccurrence` datetime NOT NULL,
  `file` varchar(255) COLLATE utf8_unicode_ci NOT NULL,
  `line` smallint(6) unsigned NOT NULL,
  `class` varchar(255) COLLATE utf8_unicode_ci DEFAULT NULL,
  `method` varchar(255) COLLATE utf8_unicode_ci DEFAULT NULL,
  `template` varchar(255) COLLATE utf8_unicode_ci DEFAULT NULL,
  `templateLine` smallint(6) unsigned DEFAULT NULL,
  `message` varchar(255) COLLATE utf8_unicode_ci DEFAULT NULL,
  `traces` text COLLATE utf8_unicode_ci,
  `dateCreated` datetime NOT NULL,
  `dateUpdated` datetime NOT NULL,
  `uid` char(36) COLLATE utf8_unicode_ci NOT NULL DEFAULT '0',
  PRIMARY KEY (`id`),
  UNIQUE KEY `craft_deprecationerrors_key_fingerprint_unq_idx` (`key`,`fingerprint`)
) ENGINE=InnoDB DEFAULT CHARSET=utf8 COLLATE=utf8_unicode_ci;

DROP TABLE IF EXISTS `craft_elementindexsettings`;


--
-- Schema for table `craft_elementindexsettings`
--
CREATE TABLE `craft_elementindexsettings` (
  `id` int(11) NOT NULL AUTO_INCREMENT,
  `type` varchar(150) COLLATE utf8_unicode_ci NOT NULL,
  `settings` text COLLATE utf8_unicode_ci,
  `dateCreated` datetime NOT NULL,
  `dateUpdated` datetime NOT NULL,
  `uid` char(36) COLLATE utf8_unicode_ci NOT NULL DEFAULT '0',
  PRIMARY KEY (`id`),
  UNIQUE KEY `craft_elementindexsettings_type_unq_idx` (`type`)
) ENGINE=InnoDB AUTO_INCREMENT=2 DEFAULT CHARSET=utf8 COLLATE=utf8_unicode_ci;

--
-- Data for table `craft_elementindexsettings`
--

INSERT INTO `craft_elementindexsettings` (`id`, `type`, `settings`, `dateCreated`, `dateUpdated`, `uid`) VALUES
 ('1', 'Asset', '{\"sources\":{\"folder:1\":{\"tableAttributes\":{\"1\":\"filename\",\"2\":\"size\",\"3\":\"dateModified\"}}}}', '2018-01-22 09:52:21', '2018-01-22 09:53:08', '7ea93dc3-0037-4a93-82d0-6ee15e154fbd');



DROP TABLE IF EXISTS `craft_elements`;


--
-- Schema for table `craft_elements`
--
CREATE TABLE `craft_elements` (
  `id` int(11) NOT NULL AUTO_INCREMENT,
  `type` varchar(150) COLLATE utf8_unicode_ci NOT NULL,
  `enabled` tinyint(1) unsigned NOT NULL DEFAULT '1',
  `archived` tinyint(1) unsigned NOT NULL DEFAULT '0',
  `dateCreated` datetime NOT NULL,
  `dateUpdated` datetime NOT NULL,
  `uid` char(36) COLLATE utf8_unicode_ci NOT NULL DEFAULT '0',
  PRIMARY KEY (`id`),
  KEY `craft_elements_type_idx` (`type`),
  KEY `craft_elements_enabled_idx` (`enabled`),
  KEY `craft_elements_archived_dateCreated_idx` (`archived`,`dateCreated`)
) ENGINE=InnoDB AUTO_INCREMENT=103 DEFAULT CHARSET=utf8 COLLATE=utf8_unicode_ci;

--
-- Data for table `craft_elements`
--

INSERT INTO `craft_elements` (`id`, `type`, `enabled`, `archived`, `dateCreated`, `dateUpdated`, `uid`) VALUES
 ('1', 'User', '1', '0', '2017-01-13 15:45:30', '2017-01-23 16:47:02', '791ead85-95b1-4658-bdfb-e2d550226c8a'),
 ('2', 'Entry', '1', '0', '2017-01-13 15:45:33', '2017-01-20 18:34:29', 'fef0d960-2c90-446c-9eb6-8aaef6a95450'),
 ('6', 'Entry', '1', '0', '2017-01-19 16:36:20', '2018-01-24 09:35:55', '48381d95-b9e6-42fa-afbf-aea2569c9caa'),
 ('7', 'MatrixBlock', '1', '0', '2017-01-19 16:36:20', '2017-01-19 16:36:20', 'a2cda8c0-2c7d-4a98-863f-33f7baf7fb07'),
 ('17', 'Entry', '1', '0', '2017-01-20 09:52:56', '2018-01-10 14:34:08', 'ed47cdba-686b-41d5-ad5c-31dfc3002232'),
 ('20', 'MatrixBlock', '1', '0', '2017-01-20 09:59:32', '2018-01-10 14:34:08', 'a40b0ce0-45e8-4ce5-80b5-854440547086'),
 ('22', 'MatrixBlock', '1', '0', '2017-01-20 10:10:46', '2018-01-10 14:34:08', '3c70e3cf-b716-4342-8b73-a24274bd93a3'),
 ('23', 'MatrixBlock', '1', '0', '2017-01-20 10:10:46', '2018-01-10 14:34:08', '05a9b68e-a8f2-4dc7-8c32-f6f7c67e669f'),
 ('24', 'Entry', '1', '0', '2017-01-20 10:12:54', '2018-01-10 14:34:20', '189f1a54-5b0d-4156-ae45-35a297cdfbe5'),
 ('28', 'Entry', '1', '0', '2017-01-20 10:21:43', '2018-01-10 14:34:48', 'bb165a12-d6f7-486f-a896-1dc04192f68a'),
 ('29', 'MatrixBlock', '1', '0', '2017-01-20 10:23:01', '2018-01-10 14:34:48', '3303d7aa-dbfa-4236-a068-b3c49d7976c4'),
 ('30', 'MatrixBlock', '1', '0', '2017-01-20 10:23:01', '2018-01-10 14:34:48', 'a521fd6a-b418-4776-a9a6-f4aa0a5919f9'),
 ('31', 'MatrixBlock', '1', '0', '2017-01-20 10:23:01', '2018-01-10 14:34:48', 'a91ef35f-fdb7-4885-a57b-a5e81ff12130'),
 ('32', 'MatrixBlock', '0', '0', '2017-01-20 10:33:18', '2018-01-23 15:13:36', '83fe304f-f520-4cb8-88e2-5247df02c547'),
 ('33', 'MatrixBlock', '0', '0', '2017-01-20 10:33:18', '2018-01-23 15:13:36', '416b7fe8-6061-4de1-b924-f533320adfb7'),
 ('37', 'Entry', '1', '0', '2017-01-20 11:57:51', '2017-05-09 13:03:30', '2d81d281-0ff1-4eea-a236-a7c301015050'),
 ('38', 'GlobalSet', '1', '0', '2017-01-20 12:02:09', '2018-01-22 10:34:00', '7b3ac3c4-7189-40b4-9ad8-2add1f3172af'),
 ('43', 'MatrixBlock', '1', '0', '2017-01-20 17:15:27', '2017-01-20 17:15:27', 'ed19dd8c-4026-41ec-9d76-a750ec286285'),
 ('44', 'MatrixBlock', '1', '0', '2017-01-20 17:15:27', '2017-01-20 17:15:27', '5db33faf-bc0a-4c1c-a4a9-71c785790214'),
 ('45', 'MatrixBlock', '1', '0', '2017-01-20 17:15:28', '2017-01-20 17:15:28', '3674b0f5-c709-4ad2-b999-c10171294778'),
 ('46', 'MatrixBlock', '0', '0', '2017-01-20 18:11:56', '2018-01-24 09:35:55', '7a6292d0-c952-458a-9a0b-f4aa68a6b38f'),
 ('47', 'MatrixBlock', '0', '0', '2017-01-20 18:11:56', '2018-01-24 09:35:55', '74c75da4-16d9-434c-886c-a62ec1c14153'),
 ('50', 'GlobalSet', '1', '0', '2017-01-23 10:03:15', '2018-01-22 09:56:13', 'ebf35e58-8d25-4889-8412-137cce952a45'),
 ('51', 'MatrixBlock', '1', '0', '2017-01-23 10:22:17', '2017-01-23 14:02:28', '0093f174-8a02-4056-8960-0865b65ae609'),
 ('52', 'MatrixBlock', '1', '0', '2017-01-23 10:22:17', '2017-01-23 14:02:28', 'db228dd3-5c28-4ccc-a4b0-32c013833a4a'),
 ('53', 'MatrixBlock', '1', '0', '2017-01-23 10:22:17', '2017-01-23 14:02:28', '5fa36c8d-4db6-4bc1-b0a8-0f3400904fcb'),
 ('54', 'GlobalSet', '1', '0', '2017-01-23 10:27:54', '2018-01-22 09:22:48', '1a485aa4-ddb2-4328-a67c-9051d1336871'),
 ('55', 'GlobalSet', '1', '0', '2017-01-23 11:57:11', '2017-01-23 14:41:48', '805ade6e-795e-4c00-97c8-c0c948cf13d2'),
 ('56', 'GlobalSet', '1', '0', '2017-01-23 11:59:19', '2017-01-23 14:01:14', 'e3b0f896-e924-4045-ad77-5f08cf2358b9'),
 ('57', 'MatrixBlock', '1', '0', '2017-01-23 14:05:09', '2018-01-10 14:34:20', '59a8fe83-905f-4ccd-9cc7-a2b538c33d14'),
 ('58', 'MatrixBlock', '1', '0', '2017-01-23 14:05:09', '2018-01-10 14:34:20', '72adf258-8dff-42ed-a72f-7213dd447bfc'),
 ('59', 'MatrixBlock', '1', '0', '2017-01-23 14:05:09', '2018-01-10 14:34:20', 'a242fe6f-09f3-46c5-95dd-36208eb18bcc'),
 ('60', 'MatrixBlock', '1', '0', '2017-01-23 14:05:33', '2017-01-23 14:05:33', '53d7daff-368e-4107-b127-e2b2c4f98533'),
 ('61', 'MatrixBlock', '1', '0', '2017-01-23 14:05:33', '2017-01-23 14:05:33', '83993d67-97de-4131-b37f-2b01c66ef9ad'),
 ('62', 'MatrixBlock', '1', '0', '2017-01-23 14:05:33', '2017-01-23 14:05:33', 'ee9ec991-b62e-41b0-9805-1f8580bf8280'),
 ('64', 'Asset', '1', '0', '2017-01-31 10:52:12', '2018-01-22 10:14:18', 'a2c50761-7c72-4a70-8907-b293f9b89e39'),
 ('65', 'Entry', '1', '0', '2017-09-14 10:04:49', '2018-01-10 14:34:05', '667f4bc6-804d-4f2b-8585-6b9d105ac482'),
 ('66', 'MatrixBlock', '1', '0', '2017-09-14 10:20:27', '2018-01-10 14:34:05', '2f8c3e0d-1698-4e8e-acb8-11fcbce4feb2'),
 ('67', 'MatrixBlock', '1', '0', '2017-09-14 10:20:40', '2018-01-10 14:34:05', '31899e4a-83a4-4b27-aa51-071115c957ac'),
 ('68', 'MatrixBlock', '1', '0', '2017-09-14 10:20:40', '2018-01-10 14:34:05', '27c10a2c-baa9-44b1-adb1-a56e84eb6321'),
 ('69', 'MatrixBlock', '1', '0', '2017-09-14 10:22:13', '2017-09-14 10:22:13', '2294a11c-a256-44d9-b518-dc486b8c8ecc'),
 ('70', 'MatrixBlock', '1', '0', '2017-09-14 10:22:13', '2017-09-14 10:22:13', 'a6130db7-21f2-4809-90f3-88c57d5aac09'),
 ('71', 'MatrixBlock', '1', '0', '2017-09-14 10:22:13', '2017-09-14 10:22:13', '1fef1712-b3b5-41b4-99d3-51af857bb342'),
 ('72', 'Entry', '1', '0', '2018-01-10 13:55:16', '2018-01-22 09:27:03', '849da9cc-8098-431e-8744-021b4d717657'),
 ('73', 'MatrixBlock', '1', '0', '2018-01-10 14:02:36', '2018-01-22 09:25:55', '9210910d-1f43-4ccb-b203-3f93f9670705'),
 ('74', 'MatrixBlock', '1', '0', '2018-01-10 14:02:36', '2018-01-22 09:25:55', '1800e71e-fee1-4f5c-8335-620e1913b0de'),
 ('75', 'MatrixBlock', '1', '0', '2018-01-22 09:27:03', '2018-01-22 09:27:03', '063c4506-e44b-4795-8ec2-7aebf7fbfe8a'),
 ('76', 'MatrixBlock', '1', '0', '2018-01-22 09:27:03', '2018-01-22 09:27:03', '141ecf27-4d9e-4255-8585-7a5833e33c02'),
 ('77', 'MatrixBlock', '1', '0', '2018-01-22 09:28:29', '2018-01-24 09:35:55', 'c1a958ae-e0e9-4d27-b0a3-b72557058250'),
 ('78', 'MatrixBlock', '1', '0', '2018-01-22 09:28:29', '2018-01-24 09:35:55', '65978524-b298-4555-954e-f3777a6beaa2'),
 ('80', 'Asset', '1', '0', '2018-01-22 10:14:09', '2018-01-22 10:14:09', '9a08fe08-2dca-43a8-84eb-1f2eb3de3bae'),
 ('81', 'Asset', '1', '0', '2018-01-22 10:14:10', '2018-01-22 10:14:10', 'c62354b3-a483-420d-9eff-9b3bc4ca125e'),
 ('82', 'Asset', '1', '0', '2018-01-22 10:14:10', '2018-01-22 10:14:10', '4405cc23-6fc3-4770-bcf4-ec3dc5446a39'),
 ('83', 'Asset', '1', '0', '2018-01-22 10:14:10', '2018-01-22 10:14:10', 'a4f942ca-947e-4fcf-9df5-b94acb3b4fbe'),
 ('84', 'Asset', '1', '0', '2018-01-22 10:14:10', '2018-01-22 10:14:11', '572e61b1-1b53-4d9c-bf03-6910383bf270'),
 ('85', 'Asset', '1', '0', '2018-01-22 10:14:11', '2018-01-22 10:14:11', '434093dd-1c85-4986-b061-904a0aee8249'),
 ('86', 'Asset', '1', '0', '2018-01-22 10:14:11', '2018-01-22 10:14:11', 'c6a4a5e9-0cee-4326-9ec7-de1539be4c5a'),
 ('87', 'Asset', '1', '0', '2018-01-22 10:14:11', '2018-01-22 10:14:11', '681a8e17-b1c5-4b93-b9ea-25697220e496'),
 ('88', 'Asset', '1', '0', '2018-01-22 10:14:11', '2018-01-22 10:14:12', '8be17971-2ea8-46e5-a11d-442166338718'),
 ('89', 'Asset', '1', '0', '2018-01-22 10:14:12', '2018-01-22 10:14:13', 'bb38037c-ac08-40e5-ab10-99c3bb2edcdc'),
 ('90', 'Asset', '1', '0', '2018-01-22 10:14:13', '2018-01-22 10:14:13', 'ca403a77-48e1-4b74-99bf-2c2305a02aad'),
 ('91', 'Asset', '1', '0', '2018-01-22 10:14:13', '2018-01-22 10:14:13', 'b08f2d94-d570-454c-9915-8fcada1c4f04'),
 ('92', 'Asset', '1', '0', '2018-01-22 10:14:13', '2018-01-22 10:14:13', 'e6980787-6801-4900-a41f-3e898553c23c'),
 ('93', 'Asset', '1', '0', '2018-01-22 10:14:14', '2018-01-22 10:14:14', 'b7ddc797-acf0-4b7e-921b-303d98859d59'),
 ('94', 'Asset', '1', '0', '2018-01-22 10:14:14', '2018-01-22 10:14:15', 'df986ec4-dc79-49ed-8e34-5c1149ff94f6'),
 ('95', 'Asset', '1', '0', '2018-01-22 10:14:15', '2018-01-22 10:14:17', '06486f54-2b01-4a68-bf34-eedc3727059f'),
 ('96', 'Asset', '1', '0', '2018-01-22 10:14:17', '2018-01-22 10:14:18', '72d04053-d336-4f26-9fea-98190e75509d'),
 ('97', 'Asset', '1', '0', '2018-01-22 10:14:18', '2018-01-22 10:14:20', '0b689473-f729-4b33-8ef2-f27bc86bd011'),
 ('98', 'Asset', '1', '0', '2018-01-22 10:14:21', '2018-01-22 10:14:21', 'b27d39db-0cba-4d27-8b99-263f03f8f6f7'),
 ('99', 'Asset', '1', '0', '2018-01-22 10:14:21', '2018-01-22 10:14:21', '38d7a563-7fb0-47a9-92ac-2a26cde29175'),
 ('100', 'Asset', '1', '0', '2018-01-22 10:14:21', '2018-01-22 10:14:21', 'c806e676-1227-4e7d-a2ca-c58dbab98d29'),
 ('101', 'MatrixBlock', '1', '0', '2018-01-23 14:20:36', '2018-01-23 15:13:36', '61aca046-83e6-496c-a283-86c993f2eedc'),
 ('102', 'MatrixBlock', '1', '0', '2018-01-23 14:20:36', '2018-01-23 15:13:36', '2c6b9a56-c27f-4ab3-bab9-e381e27f51df');



DROP TABLE IF EXISTS `craft_elements_i18n`;


--
-- Schema for table `craft_elements_i18n`
--
CREATE TABLE `craft_elements_i18n` (
  `id` int(11) NOT NULL AUTO_INCREMENT,
  `elementId` int(11) NOT NULL,
  `locale` char(12) COLLATE utf8_unicode_ci NOT NULL,
  `slug` varchar(255) COLLATE utf8_unicode_ci DEFAULT NULL,
  `uri` varchar(255) COLLATE utf8_unicode_ci DEFAULT NULL,
  `enabled` tinyint(1) unsigned NOT NULL DEFAULT '1',
  `dateCreated` datetime NOT NULL,
  `dateUpdated` datetime NOT NULL,
  `uid` char(36) COLLATE utf8_unicode_ci NOT NULL DEFAULT '0',
  PRIMARY KEY (`id`),
  UNIQUE KEY `craft_elements_i18n_elementId_locale_unq_idx` (`elementId`,`locale`),
  UNIQUE KEY `craft_elements_i18n_uri_locale_unq_idx` (`uri`,`locale`),
  KEY `craft_elements_i18n_slug_locale_idx` (`slug`,`locale`),
  KEY `craft_elements_i18n_enabled_idx` (`enabled`),
  KEY `craft_elements_i18n_locale_fk` (`locale`)
) ENGINE=InnoDB AUTO_INCREMENT=151 DEFAULT CHARSET=utf8 COLLATE=utf8_unicode_ci;

--
-- Data for table `craft_elements_i18n`
--

INSERT INTO `craft_elements_i18n` (`id`, `elementId`, `locale`, `slug`, `uri`, `enabled`, `dateCreated`, `dateUpdated`, `uid`) VALUES
 ('1', '1', 'it', '', NULL, '1', '2017-01-13 15:45:30', '2017-01-23 16:47:02', 'd6e6595b-d6cc-40e7-bb27-fc44b9e412bd'),
 ('2', '2', 'it', 'homepage', '__home__', '1', '2017-01-13 15:45:33', '2017-01-20 18:34:29', 'e091bcd8-6536-4dad-ac50-71ce4dbe5c4f'),
 ('4', '2', 'en', 'homepage', '__home__', '1', '2017-01-19 10:43:31', '2017-01-20 18:34:29', 'f9d3cf67-8747-4dd3-932f-8cadf2feda8e'),
 ('9', '6', 'it', 'first', 'about', '1', '2017-01-19 16:36:20', '2018-01-24 09:35:55', '9fa48e95-92c8-4311-91bb-e954ad307ded'),
 ('10', '6', 'en', 'first', 'about', '1', '2017-01-19 16:36:20', '2018-01-24 09:35:55', '43e493bd-bd19-4388-aedf-57b8097845b0'),
 ('11', '7', 'it', '', NULL, '1', '2017-01-19 16:36:21', '2017-01-19 16:36:21', '09f896a3-8984-4dc2-bdb7-ab73c0d755ab'),
 ('22', '17', 'it', 'esterno', 'hygenic-pad', '1', '2017-01-20 09:52:56', '2018-01-10 14:34:08', 'aa765f1f-9163-4e44-b61d-2819f8e4a8b5'),
 ('23', '17', 'en', 'esterno', 'hygenic-pad', '1', '2017-01-20 09:52:56', '2018-01-10 14:34:08', 'c639b624-2168-4d0c-892a-72278c19f25e'),
 ('26', '20', 'it', '', NULL, '1', '2017-01-20 09:59:32', '2018-01-10 14:34:08', 'beacd0c9-6391-4ed4-89d6-c47610044f3e'),
 ('28', '22', 'it', '', NULL, '1', '2017-01-20 10:10:46', '2018-01-10 14:34:08', 'f42866f1-123a-4d5f-a8cb-3e5cb7582cd1'),
 ('29', '23', 'it', '', NULL, '1', '2017-01-20 10:10:46', '2018-01-10 14:34:08', 'b43f9460-4432-4192-b706-c9140823433c'),
 ('30', '24', 'it', 'panty-liner', 'panty-liner', '1', '2017-01-20 10:12:54', '2018-01-10 14:34:20', 'd34abd4e-301b-4169-87f7-fc89bc70a07a'),
 ('31', '24', 'en', 'panty-liner', 'panty-liner', '1', '2017-01-20 10:12:54', '2018-01-10 14:34:20', '038539b6-3277-4a8a-8b97-36fb8dc3ac58'),
 ('35', '28', 'it', 'applicator-tampon', 'applicator-tampons', '1', '2017-01-20 10:21:43', '2018-01-10 14:34:48', '8a89578b-666b-4e21-ac2d-bc6c708bd445'),
 ('36', '28', 'en', 'applicator-tampon', 'applicator-tampons', '1', '2017-01-20 10:21:43', '2018-01-10 14:34:48', '663e8378-cb5f-4c3b-b1d9-4ec9d8c67105'),
 ('37', '29', 'it', '', NULL, '1', '2017-01-20 10:23:01', '2018-01-10 14:34:48', '30e20238-c370-4a48-a578-d42ab2c36b2a'),
 ('38', '30', 'it', '', NULL, '1', '2017-01-20 10:23:01', '2018-01-10 14:34:48', '41320ec3-c061-4a49-b095-d03d3c08eb46'),
 ('39', '31', 'it', '', NULL, '1', '2017-01-20 10:23:01', '2018-01-10 14:34:48', '5e561f69-053e-4e4d-bab4-75b202c19e67'),
 ('46', '37', 'it', 'contact', 'contact', '1', '2017-01-20 11:57:51', '2017-05-09 13:03:30', '5fb0e896-3d28-41a7-8edc-9a809a4d5abc'),
 ('47', '37', 'en', 'contact', 'contact', '1', '2017-01-20 11:57:51', '2017-05-09 13:03:30', '396f39ed-6bb6-45e7-a038-9fdd6862dcee'),
 ('48', '38', 'it', '', NULL, '1', '2017-01-20 12:02:09', '2018-01-22 10:34:00', 'ba686740-f096-476e-a101-dd2c91dd89af'),
 ('49', '38', 'en', '', NULL, '1', '2017-01-20 12:02:09', '2018-01-22 10:34:00', '7fc78af5-e8b4-4d1a-9982-315e619a1c6e'),
 ('54', '43', 'en', '', NULL, '1', '2017-01-20 17:15:27', '2017-01-20 17:15:27', 'b435e1e0-d320-460d-8e5c-94663a1f492e'),
 ('55', '44', 'en', '', NULL, '1', '2017-01-20 17:15:28', '2017-01-20 17:15:28', 'a2f39253-613f-40b6-b82c-e5a7778fbb3a'),
 ('56', '45', 'en', '', NULL, '1', '2017-01-20 17:15:28', '2017-01-20 17:15:28', '76f754cc-7398-410f-a39c-2f42fbc0abee'),
 ('57', '32', 'en', '', NULL, '1', '2017-01-20 17:59:56', '2018-01-23 15:13:36', '59ca0e80-530e-4068-b257-9e35bf24b3a1'),
 ('58', '33', 'en', '', NULL, '1', '2017-01-20 17:59:56', '2018-01-23 15:13:36', 'c718ab65-1c63-4b6a-a346-bccaa65cf490'),
 ('64', '46', 'it', '', NULL, '1', '2017-01-20 18:11:56', '2018-01-24 09:35:55', '5a91046c-3aa2-4eba-aeda-2ca246c61bc7'),
 ('65', '47', 'it', '', NULL, '1', '2017-01-20 18:11:56', '2018-01-24 09:35:55', '4cce5634-201b-4fd8-ae47-e24f3446932e'),
 ('68', '50', 'it', '', NULL, '1', '2017-01-23 10:03:15', '2018-01-22 09:56:13', 'b8317d95-1079-4860-8b3b-f1df658d00f4'),
 ('69', '50', 'en', '', NULL, '1', '2017-01-23 10:03:15', '2018-01-22 09:56:13', '8728baae-34e7-4fb2-95b8-9c83f20787ff'),
 ('70', '51', 'en', '', NULL, '1', '2017-01-23 10:22:17', '2017-01-23 14:02:28', 'c9244481-a6dd-4cf8-b205-12655ad2917a'),
 ('71', '52', 'en', '', NULL, '1', '2017-01-23 10:22:17', '2017-01-23 14:02:28', '851b71e7-7a61-4c9b-9716-87ab7f411577'),
 ('72', '53', 'en', '', NULL, '1', '2017-01-23 10:22:17', '2017-01-23 14:02:28', '6e1ef799-7c1a-47f5-b79e-8fbf58148b1a'),
 ('73', '54', 'it', '', NULL, '1', '2017-01-23 10:27:54', '2018-01-22 09:22:48', 'f3b9dd86-2c1a-4524-9867-053d66fd0535'),
 ('74', '54', 'en', '', NULL, '1', '2017-01-23 10:27:54', '2018-01-22 09:22:48', 'f53c8ce5-6cd0-4792-8c85-69cf22e7682a'),
 ('75', '55', 'it', '', NULL, '1', '2017-01-23 11:57:11', '2017-01-23 14:41:48', '9c3ecef9-04bb-49f0-b9e0-8b4c4f750fa9'),
 ('76', '55', 'en', '', NULL, '1', '2017-01-23 11:57:11', '2017-01-23 14:41:48', '32a54cc3-6e29-4194-9bac-4baa2c747296'),
 ('77', '56', 'it', '', NULL, '1', '2017-01-23 11:59:19', '2017-01-23 14:01:14', '77e89b91-be0e-416e-ae30-0a9ac56ee4d0'),
 ('78', '56', 'en', '', NULL, '1', '2017-01-23 11:59:19', '2017-01-23 14:01:14', 'cb299a2a-1fcd-4733-9889-4faaccc35526'),
 ('79', '57', 'it', '', NULL, '1', '2017-01-23 14:05:09', '2018-01-10 14:34:20', 'cc88caec-0b5d-4d64-8f51-aa27c7ffb2b9'),
 ('80', '58', 'it', '', NULL, '1', '2017-01-23 14:05:09', '2018-01-10 14:34:20', '86378b29-dd36-46db-b827-d0ccb50ada66'),
 ('81', '59', 'it', '', NULL, '1', '2017-01-23 14:05:09', '2018-01-10 14:34:20', '2cc47fc8-1a3f-4444-8941-2aa50580e975'),
 ('82', '60', 'en', '', NULL, '1', '2017-01-23 14:05:33', '2017-01-23 14:05:33', '7c99739c-0aba-43cc-99f8-3e671bdc2af1'),
 ('83', '61', 'en', '', NULL, '1', '2017-01-23 14:05:33', '2017-01-23 14:05:33', '1ff1c414-8b7b-4529-a931-9102542e7711'),
 ('84', '62', 'en', '', NULL, '1', '2017-01-23 14:05:33', '2017-01-23 14:05:33', '90988c68-1237-4d56-aa03-b5a8ccdf83a9'),
 ('87', '64', 'it', 'socialcard', NULL, '1', '2017-01-31 10:52:12', '2018-01-22 10:14:18', '9cf4076e-d5a7-47bb-a31f-dcbc77d5468e'),
 ('88', '64', 'en', 'socialcard', NULL, '1', '2017-01-31 10:52:12', '2018-01-22 10:14:18', '8e898666-ad8c-4729-9bea-cd5f750313ae'),
 ('89', '65', 'it', 'night-pads', 'night-pads', '1', '2017-09-14 10:04:49', '2018-01-10 14:34:05', '720679dc-a784-4abf-aa86-b98c1dc88e40'),
 ('90', '65', 'en', 'night-pads', 'night-pads', '1', '2017-09-14 10:04:49', '2018-01-10 14:34:05', '7b00e421-fbed-4161-9429-b5dc5d60300b'),
 ('91', '66', 'it', '', NULL, '1', '2017-09-14 10:20:27', '2018-01-10 14:34:05', 'b2b8a457-8dfc-431a-ae37-b4c28ed144b8'),
 ('92', '67', 'it', '', NULL, '1', '2017-09-14 10:20:40', '2018-01-10 14:34:05', '9b2bcdd1-9288-4e87-9a55-bdffec6f0dce'),
 ('93', '68', 'it', '', NULL, '1', '2017-09-14 10:20:40', '2018-01-10 14:34:05', '8abdf0a9-1ca2-4655-ba91-c50ba50b6fff'),
 ('94', '69', 'en', '', NULL, '1', '2017-09-14 10:22:13', '2017-09-14 10:22:13', '3d9cacc1-af7b-4a02-9b56-8674639fa0c0'),
 ('95', '70', 'en', '', NULL, '1', '2017-09-14 10:22:13', '2017-09-14 10:22:13', 'd9f07f1b-c9f1-4b7b-bb2c-81049ba93134'),
 ('96', '71', 'en', '', NULL, '1', '2017-09-14 10:22:13', '2017-09-14 10:22:13', '4b4f7e6d-3229-46a1-a7e7-245fd9eb4f1a'),
 ('97', '72', 'it', 'tss', 'tss', '1', '2018-01-10 13:55:16', '2018-01-22 09:27:03', 'ff061ad0-684b-4c03-a7d0-e11e477e2095'),
 ('98', '72', 'en', 'tss', 'tss', '1', '2018-01-10 13:55:16', '2018-01-22 09:27:03', '393c2f28-7ac6-4a15-aad9-9ca53bfd4b3c'),
 ('99', '73', 'it', '', NULL, '1', '2018-01-10 14:02:36', '2018-01-22 09:25:55', '39c84b88-0a41-44b3-8016-523365bcfe72'),
 ('100', '74', 'it', '', NULL, '1', '2018-01-10 14:02:36', '2018-01-22 09:25:55', '11dea52a-8a0d-4d73-90e7-5ac8e4650a19'),
 ('101', '75', 'en', '', NULL, '1', '2018-01-22 09:27:03', '2018-01-22 09:27:03', 'a60b050b-7777-49e8-b81c-dc4e25c5d49d'),
 ('102', '76', 'en', '', NULL, '1', '2018-01-22 09:27:03', '2018-01-22 09:27:03', 'f90949f1-3744-4e84-8498-da5db72a8b76'),
 ('103', '77', 'it', '', NULL, '1', '2018-01-22 09:28:29', '2018-01-24 09:35:55', '369ce4f5-36d7-4646-93b5-90c8cfeafc31'),
 ('104', '78', 'it', '', NULL, '1', '2018-01-22 09:28:29', '2018-01-24 09:35:55', '9c9f7c2f-df76-414e-9bf4-03d23ae8d0db'),
 ('107', '80', 'it', 'about-first-sprite', NULL, '1', '2018-01-22 10:14:10', '2018-01-22 10:14:10', 'd44b233b-0963-4411-a120-a1836b2bcb84'),
 ('108', '80', 'en', 'about-first-sprite', NULL, '1', '2018-01-22 10:14:10', '2018-01-22 10:14:10', 'a4fef60e-8024-4651-9c34-35eec6003db8'),
 ('109', '81', 'it', 'absorbent', NULL, '1', '2018-01-22 10:14:10', '2018-01-22 10:14:10', '30e2e4b4-0036-44d6-83e7-07b2fe202d40'),
 ('110', '81', 'en', 'absorbent', NULL, '1', '2018-01-22 10:14:10', '2018-01-22 10:14:10', 'f5dd4c8f-e457-48fd-b1e8-2e0a544ce938'),
 ('111', '82', 'it', 'about-mobile', NULL, '1', '2018-01-22 10:14:10', '2018-01-22 10:14:10', '42fdc582-d201-435d-a512-e91f93678099'),
 ('112', '82', 'en', 'about-mobile', NULL, '1', '2018-01-22 10:14:10', '2018-01-22 10:14:10', 'ea0a08f3-409c-48c9-8db4-7d90e74fd2ca'),
 ('113', '83', 'it', 'about-second-sprite', NULL, '1', '2018-01-22 10:14:10', '2018-01-22 10:14:10', '21c7f783-50d3-41f1-8ec0-5ea18b50b112'),
 ('114', '83', 'en', 'about-second-sprite', NULL, '1', '2018-01-22 10:14:10', '2018-01-22 10:14:10', 'e1bbe51b-819e-4bad-9a52-9e1983cd24b5'),
 ('115', '84', 'it', 'android-icon', NULL, '1', '2018-01-22 10:14:10', '2018-01-22 10:14:11', '1041aab4-73bd-4671-8939-d4a521d7886a'),
 ('116', '84', 'en', 'android-icon', NULL, '1', '2018-01-22 10:14:10', '2018-01-22 10:14:11', '94eedb7e-3499-4e1d-88c1-9340f1c8630c'),
 ('117', '85', 'it', 'apple-icon', NULL, '1', '2018-01-22 10:14:11', '2018-01-22 10:14:11', 'd715f27a-3970-457d-ab4b-c413322eb33f'),
 ('118', '85', 'en', 'apple-icon', NULL, '1', '2018-01-22 10:14:11', '2018-01-22 10:14:11', 'b0cac4fd-45b1-48a3-8fe7-e7330dd69b97'),
 ('119', '86', 'it', 'favicon', NULL, '1', '2018-01-22 10:14:11', '2018-01-22 10:14:11', '40a21264-1b84-4a09-950f-85e5d764b256'),
 ('120', '86', 'en', 'favicon', NULL, '1', '2018-01-22 10:14:11', '2018-01-22 10:14:11', '699103f9-3c3d-4e55-9017-ff6b651e9cba'),
 ('121', '87', 'it', 'bump', NULL, '1', '2018-01-22 10:14:11', '2018-01-22 10:14:11', '402ec16e-6443-4ff8-beb6-ebfc8afdc3f4'),
 ('122', '87', 'en', 'bump', NULL, '1', '2018-01-22 10:14:11', '2018-01-22 10:14:11', '183e9d6c-dad6-4838-9eb5-5ea21fda4d2d'),
 ('123', '88', 'it', 'diffuse', NULL, '1', '2018-01-22 10:14:11', '2018-01-22 10:14:12', '22068b9a-0844-4427-a851-8534f8734f8c'),
 ('124', '88', 'en', 'diffuse', NULL, '1', '2018-01-22 10:14:11', '2018-01-22 10:14:12', 'f9217938-2007-482f-aa64-8c315079515a'),
 ('125', '89', 'it', 'liner-sprite', NULL, '1', '2018-01-22 10:14:12', '2018-01-22 10:14:13', '5dc1f6ff-d4f1-4c1d-a706-bd49e96aec51'),
 ('126', '89', 'en', 'liner-sprite', NULL, '1', '2018-01-22 10:14:12', '2018-01-22 10:14:13', 'ea13dbd8-1980-4c9a-ba66-2a4ac1b7b58d'),
 ('127', '90', 'it', 'logo', NULL, '1', '2018-01-22 10:14:13', '2018-01-22 10:14:13', '82db6e9f-491b-4406-bf01-c07ff30b85b2'),
 ('128', '90', 'en', 'logo', NULL, '1', '2018-01-22 10:14:13', '2018-01-22 10:14:13', '049ff96c-ae1f-4edf-b689-fc0d3463e12f'),
 ('129', '91', 'it', 'ms-icon', NULL, '1', '2018-01-22 10:14:13', '2018-01-22 10:14:13', '6027be88-b48e-4dab-894c-e5b451f1722d'),
 ('130', '91', 'en', 'ms-icon', NULL, '1', '2018-01-22 10:14:13', '2018-01-22 10:14:13', '413eebe4-362a-446d-aea9-79633e1a8c81'),
 ('131', '92', 'it', 'bump', NULL, '1', '2018-01-22 10:14:13', '2018-01-22 10:14:13', '59912aa9-d0fe-4fa1-a7fe-4db3bb96a60a'),
 ('132', '92', 'en', 'bump', NULL, '1', '2018-01-22 10:14:13', '2018-01-22 10:14:13', '6c5ddd4b-abdc-4aee-9ef9-128fa8f13e30'),
 ('133', '93', 'it', 'diffuse', NULL, '1', '2018-01-22 10:14:14', '2018-01-22 10:14:14', '74977c84-2249-41aa-84e5-fb898b3bd0ca'),
 ('134', '93', 'en', 'diffuse', NULL, '1', '2018-01-22 10:14:14', '2018-01-22 10:14:14', '240469a8-5fa9-43df-9d3b-9c5f5fa68710'),
 ('135', '94', 'it', 'sprite', NULL, '1', '2018-01-22 10:14:14', '2018-01-22 10:14:15', 'cd5d4641-1d35-4783-bd9f-c9edadf900d3'),
 ('136', '94', 'en', 'sprite', NULL, '1', '2018-01-22 10:14:14', '2018-01-22 10:14:15', 'bec46b90-7b73-4017-969f-e5ad9dede893'),
 ('137', '95', 'it', 'pad-sprite', NULL, '1', '2018-01-22 10:14:16', '2018-01-22 10:14:17', 'a133047f-3fb3-4b49-94a7-38d6cec365cc'),
 ('138', '95', 'en', 'pad-sprite', NULL, '1', '2018-01-22 10:14:16', '2018-01-22 10:14:17', '6fc7a537-00d0-4ea8-95c8-78751b5fe158'),
 ('139', '96', 'it', 'sanity-sprite', NULL, '1', '2018-01-22 10:14:17', '2018-01-22 10:14:18', '34292355-82ab-4c85-99e8-4a52cb585ec6'),
 ('140', '96', 'en', 'sanity-sprite', NULL, '1', '2018-01-22 10:14:17', '2018-01-22 10:14:18', '98a1413e-9199-46a4-8a48-581e1d200857'),
 ('141', '97', 'it', 'tampon-sprite', NULL, '1', '2018-01-22 10:14:18', '2018-01-22 10:14:20', '324b7097-fa7c-4252-af07-b0f818332d95'),
 ('142', '97', 'en', 'tampon-sprite', NULL, '1', '2018-01-22 10:14:18', '2018-01-22 10:14:20', '7336cb1f-38b9-4840-9074-18630b779bc2');
INSERT INTO `craft_elements_i18n` (`id`, `elementId`, `locale`, `slug`, `uri`, `enabled`, `dateCreated`, `dateUpdated`, `uid`) VALUES
 ('143', '98', 'it', 'tss-first-sprite', NULL, '1', '2018-01-22 10:14:21', '2018-01-22 10:14:21', '441cd7f9-1112-4496-a60d-10f4615a2386'),
 ('144', '98', 'en', 'tss-first-sprite', NULL, '1', '2018-01-22 10:14:21', '2018-01-22 10:14:21', '640e5ad9-3998-4de7-b0a8-ca301d769b52'),
 ('145', '99', 'it', 'tss-mobile', NULL, '1', '2018-01-22 10:14:21', '2018-01-22 10:14:21', '9d529d4a-6946-4022-a700-1656f0f4e392'),
 ('146', '99', 'en', 'tss-mobile', NULL, '1', '2018-01-22 10:14:21', '2018-01-22 10:14:21', '76217c64-6f5f-40b2-90ad-791382895e6b'),
 ('147', '100', 'it', 'tss-second-sprite', NULL, '1', '2018-01-22 10:14:21', '2018-01-22 10:14:21', 'f18b37d5-2f12-4676-9802-440aee8db623'),
 ('148', '100', 'en', 'tss-second-sprite', NULL, '1', '2018-01-22 10:14:21', '2018-01-22 10:14:21', 'f1820d65-76f2-44ed-9ed8-6e2e673e94eb'),
 ('149', '101', 'en', '', NULL, '1', '2018-01-23 14:20:36', '2018-01-23 15:13:36', '7ac21459-d594-4514-9d0e-e227a780a8e2'),
 ('150', '102', 'en', '', NULL, '1', '2018-01-23 14:20:36', '2018-01-23 15:13:36', 'dd357aa7-037b-4e41-a6e2-6eae17053d1e');



DROP TABLE IF EXISTS `craft_emailmessages`;


--
-- Schema for table `craft_emailmessages`
--
CREATE TABLE `craft_emailmessages` (
  `id` int(11) NOT NULL AUTO_INCREMENT,
  `key` char(150) COLLATE utf8_unicode_ci NOT NULL,
  `locale` char(12) COLLATE utf8_unicode_ci NOT NULL,
  `subject` varchar(1000) COLLATE utf8_unicode_ci NOT NULL,
  `body` text COLLATE utf8_unicode_ci NOT NULL,
  `dateCreated` datetime NOT NULL,
  `dateUpdated` datetime NOT NULL,
  `uid` char(36) COLLATE utf8_unicode_ci NOT NULL DEFAULT '0',
  PRIMARY KEY (`id`),
  UNIQUE KEY `craft_emailmessages_key_locale_unq_idx` (`key`,`locale`),
  KEY `craft_emailmessages_locale_fk` (`locale`)
) ENGINE=InnoDB DEFAULT CHARSET=utf8 COLLATE=utf8_unicode_ci;

DROP TABLE IF EXISTS `craft_entries`;


--
-- Schema for table `craft_entries`
--
CREATE TABLE `craft_entries` (
  `id` int(11) NOT NULL,
  `sectionId` int(11) NOT NULL,
  `typeId` int(11) DEFAULT NULL,
  `authorId` int(11) DEFAULT NULL,
  `postDate` datetime DEFAULT NULL,
  `expiryDate` datetime DEFAULT NULL,
  `dateCreated` datetime NOT NULL,
  `dateUpdated` datetime NOT NULL,
  `uid` char(36) COLLATE utf8_unicode_ci NOT NULL DEFAULT '0',
  PRIMARY KEY (`id`),
  KEY `craft_entries_sectionId_idx` (`sectionId`),
  KEY `craft_entries_typeId_idx` (`typeId`),
  KEY `craft_entries_postDate_idx` (`postDate`),
  KEY `craft_entries_expiryDate_idx` (`expiryDate`),
  KEY `craft_entries_authorId_fk` (`authorId`)
) ENGINE=InnoDB DEFAULT CHARSET=utf8 COLLATE=utf8_unicode_ci;

--
-- Data for table `craft_entries`
--

INSERT INTO `craft_entries` (`id`, `sectionId`, `typeId`, `authorId`, `postDate`, `expiryDate`, `dateCreated`, `dateUpdated`, `uid`) VALUES
 ('2', '1', '1', NULL, '2017-01-20 18:34:29', NULL, '2017-01-13 15:45:33', '2017-01-20 18:34:29', '3002f94d-9876-4b35-95ac-aef911465317'),
 ('6', '5', '5', NULL, '2017-01-20 18:09:06', NULL, '2017-01-19 16:36:21', '2018-01-24 09:35:55', 'bbf60412-06c3-4ab6-a913-774d566eda2a'),
 ('17', '7', '7', NULL, '2017-01-20 18:34:34', NULL, '2017-01-20 09:52:56', '2018-01-10 14:34:08', '4986c228-c58b-40d6-8cd6-b5f0a84860ad'),
 ('24', '8', '8', NULL, '2017-01-20 18:34:39', NULL, '2017-01-20 10:12:55', '2018-01-10 14:34:20', 'a1caabf7-a3a4-4b38-bdad-c9a6eea20f1c'),
 ('28', '9', '9', NULL, '2017-01-20 18:34:17', NULL, '2017-01-20 10:21:43', '2018-01-10 14:34:48', 'ef19f55c-634b-4bf3-8b72-730d847647f0'),
 ('37', '11', '11', NULL, '2017-01-23 14:06:45', NULL, '2017-01-20 11:57:51', '2017-05-09 13:03:30', 'fa6e0118-9675-4876-bc46-27497f595fbe'),
 ('65', '12', '12', NULL, '2017-09-14 10:05:03', NULL, '2017-09-14 10:04:49', '2018-01-10 14:34:05', '13df260f-e113-40ac-9814-54b31ca404df'),
 ('72', '13', '13', NULL, '2018-01-10 14:08:46', NULL, '2018-01-10 13:55:16', '2018-01-22 09:27:03', 'fbf00809-affa-4f64-ada9-707193dcd3fe');



DROP TABLE IF EXISTS `craft_entrydrafts`;


--
-- Schema for table `craft_entrydrafts`
--
CREATE TABLE `craft_entrydrafts` (
  `id` int(11) NOT NULL AUTO_INCREMENT,
  `entryId` int(11) NOT NULL,
  `sectionId` int(11) NOT NULL,
  `creatorId` int(11) NOT NULL,
  `locale` char(12) COLLATE utf8_unicode_ci NOT NULL,
  `name` varchar(255) COLLATE utf8_unicode_ci NOT NULL,
  `notes` tinytext COLLATE utf8_unicode_ci,
  `data` mediumtext COLLATE utf8_unicode_ci NOT NULL,
  `dateCreated` datetime NOT NULL,
  `dateUpdated` datetime NOT NULL,
  `uid` char(36) COLLATE utf8_unicode_ci NOT NULL DEFAULT '0',
  PRIMARY KEY (`id`),
  KEY `craft_entrydrafts_entryId_locale_idx` (`entryId`,`locale`),
  KEY `craft_entrydrafts_sectionId_fk` (`sectionId`),
  KEY `craft_entrydrafts_creatorId_fk` (`creatorId`),
  KEY `craft_entrydrafts_locale_fk` (`locale`)
) ENGINE=InnoDB DEFAULT CHARSET=utf8 COLLATE=utf8_unicode_ci;

DROP TABLE IF EXISTS `craft_entrytypes`;


--
-- Schema for table `craft_entrytypes`
--
CREATE TABLE `craft_entrytypes` (
  `id` int(11) NOT NULL AUTO_INCREMENT,
  `sectionId` int(11) NOT NULL,
  `fieldLayoutId` int(11) DEFAULT NULL,
  `name` varchar(255) COLLATE utf8_unicode_ci NOT NULL,
  `handle` varchar(255) COLLATE utf8_unicode_ci NOT NULL,
  `hasTitleField` tinyint(1) unsigned NOT NULL DEFAULT '1',
  `titleLabel` varchar(255) COLLATE utf8_unicode_ci DEFAULT 'Title',
  `titleFormat` varchar(255) COLLATE utf8_unicode_ci DEFAULT NULL,
  `sortOrder` smallint(6) unsigned DEFAULT NULL,
  `dateCreated` datetime NOT NULL,
  `dateUpdated` datetime NOT NULL,
  `uid` char(36) COLLATE utf8_unicode_ci NOT NULL DEFAULT '0',
  PRIMARY KEY (`id`),
  UNIQUE KEY `craft_entrytypes_name_sectionId_unq_idx` (`name`,`sectionId`),
  UNIQUE KEY `craft_entrytypes_handle_sectionId_unq_idx` (`handle`,`sectionId`),
  KEY `craft_entrytypes_sectionId_fk` (`sectionId`),
  KEY `craft_entrytypes_fieldLayoutId_fk` (`fieldLayoutId`)
) ENGINE=InnoDB AUTO_INCREMENT=14 DEFAULT CHARSET=utf8 COLLATE=utf8_unicode_ci;

--
-- Data for table `craft_entrytypes`
--

INSERT INTO `craft_entrytypes` (`id`, `sectionId`, `fieldLayoutId`, `name`, `handle`, `hasTitleField`, `titleLabel`, `titleFormat`, `sortOrder`, `dateCreated`, `dateUpdated`, `uid`) VALUES
 ('1', '1', '6', 'Homepage', 'homepage', '1', 'Title', NULL, '1', '2017-01-13 15:45:33', '2017-01-19 10:41:19', 'd9c3f7da-0c7b-4e27-9912-1c29a87416b5'),
 ('5', '5', '49', 'About', 'aboutSlide', '1', 'Titolo', NULL, '1', '2017-01-19 16:32:52', '2017-01-20 17:59:34', '059ef1c2-3438-4393-a6ca-1b4f53dcb2cd'),
 ('7', '7', '94', 'Hygenic Pad', 'esterno', '0', NULL, '{section.name|raw}', '1', '2017-01-20 09:52:56', '2018-01-10 14:32:29', '40e639ec-56f5-409d-b6d2-30a8d512c1cf'),
 ('8', '8', '96', 'Panty Liner', 'pantyLiner', '0', NULL, '{section.name|raw}', '1', '2017-01-20 10:12:54', '2018-01-10 14:32:42', '10420100-48ee-4a25-8838-9e47fa7fe674'),
 ('9', '9', '93', 'Applicator Tampons', 'applicatorTampon', '0', NULL, '{section.name|raw}', '1', '2017-01-20 10:21:43', '2018-01-10 14:32:17', '8d49cef4-3853-4e65-8421-42ec8b303d7b'),
 ('11', '11', '66', 'Contact', 'contact', '1', 'title', NULL, '1', '2017-01-20 11:57:51', '2017-01-23 14:23:12', 'd9c33f2d-b6b7-4ca0-ac7a-96cbbaadde7f'),
 ('12', '12', '95', 'Night Pads', 'nightPads', '0', NULL, '{section.name|raw}', '1', '2017-09-14 10:04:31', '2018-01-10 14:32:36', 'bffae257-6086-4478-8411-52072f4012d9'),
 ('13', '13', '82', 'Tss', 'tss', '0', NULL, '{section.name|raw}', '1', '2018-01-10 13:55:16', '2018-01-10 14:02:16', '52d3a051-55d3-4396-8f0b-ab31cd9987d4');



DROP TABLE IF EXISTS `craft_entryversions`;


--
-- Schema for table `craft_entryversions`
--
CREATE TABLE `craft_entryversions` (
  `id` int(11) NOT NULL AUTO_INCREMENT,
  `entryId` int(11) NOT NULL,
  `sectionId` int(11) NOT NULL,
  `creatorId` int(11) DEFAULT NULL,
  `locale` char(12) COLLATE utf8_unicode_ci NOT NULL,
  `num` smallint(6) unsigned NOT NULL,
  `notes` tinytext COLLATE utf8_unicode_ci,
  `data` mediumtext COLLATE utf8_unicode_ci NOT NULL,
  `dateCreated` datetime NOT NULL,
  `dateUpdated` datetime NOT NULL,
  `uid` char(36) COLLATE utf8_unicode_ci NOT NULL DEFAULT '0',
  PRIMARY KEY (`id`),
  KEY `craft_entryversions_entryId_locale_idx` (`entryId`,`locale`),
  KEY `craft_entryversions_sectionId_fk` (`sectionId`),
  KEY `craft_entryversions_creatorId_fk` (`creatorId`),
  KEY `craft_entryversions_locale_fk` (`locale`)
) ENGINE=InnoDB AUTO_INCREMENT=135 DEFAULT CHARSET=utf8 COLLATE=utf8_unicode_ci;

--
-- Data for table `craft_entryversions`
--

INSERT INTO `craft_entryversions` (`id`, `entryId`, `sectionId`, `creatorId`, `locale`, `num`, `notes`, `data`, `dateCreated`, `dateUpdated`, `uid`) VALUES
 ('1', '2', '1', '1', 'it', '1', NULL, '{\"typeId\":\"1\",\"authorId\":null,\"title\":\"Homepage\",\"slug\":\"homepage\",\"postDate\":1484322333,\"expiryDate\":null,\"enabled\":1,\"parentId\":null,\"fields\":[]}', '2017-01-13 15:45:33', '2017-01-13 15:45:33', '3b146136-52b1-4d31-9ca0-7cf36447f81c'),
 ('2', '2', '1', '1', 'it', '2', NULL, '{\"typeId\":null,\"authorId\":null,\"title\":\"Welcome to Dot!\",\"slug\":\"homepage\",\"postDate\":1484322333,\"expiryDate\":null,\"enabled\":\"1\",\"parentId\":null,\"fields\":{\"1\":\"<p>It\\u2019s true, this site doesn\\u2019t have a whole lot of content yet, but don\\u2019t worry. Our web developers have just installed the CMS, and they\\u2019re setting things up for the content editors this very moment. Soon Dot will be an oasis of fresh perspectives, sharp analyses, and astute opinions that will keep you coming back again and again.<\\/p>\"}}', '2017-01-13 15:45:33', '2017-01-13 15:45:33', '47715520-b0e2-4007-aac0-d77935380802'),
 ('3', '2', '1', '1', 'it', '3', '', '{\"typeId\":\"1\",\"authorId\":null,\"title\":\"Home\",\"slug\":\"homepage\",\"postDate\":1484823294,\"expiryDate\":null,\"enabled\":1,\"parentId\":null,\"fields\":{\"1\":\"<p>It\\u2019s true, this site doesn\\u2019t have a whole lot of content yet, but don\\u2019t worry. Our web developers have just installed the CMS, and they\\u2019re setting things up for the content editors this very moment. Soon Dot will be an oasis of fresh perspectives, sharp analyses, and astute opinions that will keep you coming back again and again.<\\/p>\"}}', '2017-01-19 10:57:45', '2017-01-19 10:57:45', '5e897c0d-82bd-4c0e-9849-db431ee930c5'),
 ('4', '2', '1', '1', 'it', '4', '', '{\"typeId\":\"1\",\"authorId\":null,\"title\":\"Home\",\"slug\":\"homepage\",\"postDate\":1484823294,\"expiryDate\":null,\"enabled\":1,\"parentId\":null,\"fields\":{\"1\":\"It\\u2019s true, this site doesn\\u2019t have a whole lot of content yet, but don\\u2019t worry. Our web developers have just installed the CMS, and they\\u2019re setting things up for the content editors this very moment. Soon Dot will be an oasis of fresh perspectives, sharp analyses, and astute opinions that will keep you coming back again and again.\"}}', '2017-01-19 11:31:11', '2017-01-19 11:31:11', 'bf584460-3dfe-4be3-861c-b0ee9a8b4cc1'),
 ('5', '2', '1', '1', 'it', '5', '', '{\"typeId\":\"1\",\"authorId\":null,\"title\":\"Home\",\"slug\":\"homepage\",\"postDate\":1484823294,\"expiryDate\":null,\"enabled\":1,\"parentId\":null,\"fields\":{\"1\":\"<p>Questo \\u00e8 in italiano<\\/p>\"}}', '2017-01-19 11:31:31', '2017-01-19 11:31:31', '9b0f01d4-10a4-4de2-9413-adedbd31a546'),
 ('6', '2', '1', '1', 'en', '1', '', '{\"typeId\":\"1\",\"authorId\":null,\"title\":\"Welcome to Dot!\",\"slug\":\"homepage\",\"postDate\":1484823294,\"expiryDate\":null,\"enabled\":1,\"parentId\":null,\"fields\":{\"1\":\"<p>This is in english.<\\/p>\"}}', '2017-01-19 11:31:48', '2017-01-19 11:31:48', '4050bca5-dfde-4c67-a214-68521878bffe'),
 ('8', '6', '5', '1', 'it', '1', '', '{\"typeId\":null,\"authorId\":\"1\",\"title\":\"first\",\"slug\":\"first\",\"postDate\":1484843760,\"expiryDate\":null,\"enabled\":1,\"parentId\":\"\",\"fields\":{\"6\":{\"new1\":{\"type\":\"first\",\"enabled\":\"1\",\"fields\":{\"first\":\"yes\",\"second\":\"yeah\"}}}}}', '2017-01-19 16:36:21', '2017-01-19 16:36:21', 'edf078c4-50ac-4ff6-9dc4-21a1f11d5ef9'),
 ('9', '6', '5', '1', 'it', '2', '', '{\"typeId\":\"5\",\"authorId\":\"1\",\"title\":\"first\",\"slug\":\"first\",\"postDate\":1484843760,\"expiryDate\":null,\"enabled\":1,\"parentId\":\"\",\"fields\":{\"6\":\"primo\",\"9\":\"secondo\"}}', '2017-01-19 17:04:40', '2017-01-19 17:04:40', '05d56b43-1f0a-4333-8dd3-4bce202c97f3'),
 ('12', '6', '5', '1', 'en', '1', '', '{\"typeId\":\"5\",\"authorId\":\"1\",\"title\":\"first\",\"slug\":\"first\",\"postDate\":1484843760,\"expiryDate\":null,\"enabled\":1,\"parentId\":\"\",\"fields\":{\"6\":\"english\",\"9\":\"english\"}}', '2017-01-19 17:15:52', '2017-01-19 17:15:52', 'ccbb3566-4863-4f1c-a68b-a6afdbd1442f'),
 ('13', '6', '5', '1', 'it', '3', '', '{\"typeId\":\"5\",\"authorId\":\"1\",\"title\":\"first\",\"slug\":\"first\",\"postDate\":1484843760,\"expiryDate\":null,\"enabled\":1,\"parentId\":\"\",\"fields\":{\"6\":\"primo\",\"9\":\"secondo\"}}', '2017-01-20 08:54:42', '2017-01-20 08:54:42', '5e8cfeeb-3938-40bb-9fef-b103c6f6e968'),
 ('14', '6', '5', '1', 'en', '2', '', '{\"typeId\":\"5\",\"authorId\":\"1\",\"title\":\"first\",\"slug\":\"first\",\"postDate\":1484843760,\"expiryDate\":null,\"enabled\":1,\"parentId\":\"\",\"fields\":{\"6\":\"first\",\"9\":\"second\"}}', '2017-01-20 08:54:56', '2017-01-20 08:54:56', '3ed2a20c-3aa2-44e1-b037-154dbc1ec28a'),
 ('16', '6', '5', '1', 'it', '4', '', '{\"typeId\":\"5\",\"authorId\":\"1\",\"title\":\"first\",\"slug\":\"first\",\"postDate\":1484843760,\"expiryDate\":null,\"enabled\":1,\"parentId\":\"\",\"fields\":{\"6\":\"\\\"<b>DOT<\\/b> \\u00e8 una linea di <b>prodotti innovativi<\\/b>, dedicati al mondo dell\\u2019<b>igiene femminile<\\/b>, nel periodo del ciclo mestruale.<br \\/> Grazie alla loro formulazione in <b>100% cotone<\\/b> ed ad uno speciale <b>brevetto Combimedica<\\/b>, non solo sono <b>anallergici,<\\/b> ma anche <b>naturalmente antibatterici<\\/b>.\\\"\",\"9\":\"second\"}}', '2017-01-20 08:56:03', '2017-01-20 08:56:03', 'fe9f0b18-491b-4bce-a86d-d08b96855e47'),
 ('17', '6', '5', '1', 'it', '5', '', '{\"typeId\":\"5\",\"authorId\":\"1\",\"title\":\"first\",\"slug\":\"first\",\"postDate\":1484843760,\"expiryDate\":null,\"enabled\":1,\"parentId\":\"\",\"fields\":{\"6\":\"<b>DOT<\\/b> \\u00e8 una linea di <b>prodotti innovativi<\\/b>, dedicati al mondo dell\\u2019<b>igiene femminile<\\/b>, nel periodo del ciclo mestruale.<br \\/> Grazie alla loro formulazione in <b>100% cotone<\\/b> ed ad uno speciale <b>brevetto Combimedica<\\/b>, non solo sono <b>anallergici,<\\/b> ma anche <b>naturalmente antibatterici<\\/b>.\",\"9\":\"second\"}}', '2017-01-20 08:56:11', '2017-01-20 08:56:11', '1c351fa1-1295-48cc-ba7a-1ba8a246ec54'),
 ('18', '6', '5', '1', 'it', '6', '', '{\"typeId\":\"5\",\"authorId\":\"1\",\"title\":\"prima slide\",\"slug\":\"first\",\"postDate\":1484843760,\"expiryDate\":null,\"enabled\":1,\"parentId\":\"\",\"fields\":{\"6\":\"<b>DOT<\\/b> \\u00e8 una linea di <b>prodotti innovativi<\\/b>, dedicati al mondo dell\\u2019<b>igiene femminile<\\/b>, nel periodo del ciclo mestruale.<br \\/> Grazie alla loro formulazione in <b>100% cotone<\\/b> ed ad uno speciale <b>brevetto Combimedica<\\/b>, non solo sono <b>anallergici,<\\/b> ma anche <b>naturalmente antibatterici<\\/b>.\",\"9\":\"second\"}}', '2017-01-20 08:56:30', '2017-01-20 08:56:30', '4f24f9cb-6809-45e3-b298-2ee86f7f9daa'),
 ('19', '6', '5', '1', 'en', '3', '', '{\"typeId\":\"5\",\"authorId\":\"1\",\"title\":\"seconda slide\",\"slug\":\"first\",\"postDate\":1484843760,\"expiryDate\":null,\"enabled\":1,\"parentId\":\"\",\"fields\":{\"6\":\"first\",\"9\":\"second\"}}', '2017-01-20 08:56:37', '2017-01-20 08:56:37', 'cc24eb74-9ef1-4935-ae7e-ecab54352289'),
 ('20', '6', '5', '1', 'it', '7', '', '{\"typeId\":\"5\",\"authorId\":\"1\",\"title\":\"prima slide\",\"slug\":\"first\",\"postDate\":1484843760,\"expiryDate\":null,\"enabled\":1,\"parentId\":\"\",\"fields\":{\"6\":\"<b>DOT<\\/b> \\u00e8 una linea di <b>prodotti innovativi<\\/b>, dedicati al mondo dell\\u2019<b>igiene femminile<\\/b>, nel periodo del ciclo mestruale.<br \\/> Grazie alla loro formulazione in <b>100% cotone<\\/b> ed ad uno speciale <b>brevetto Combimedica<\\/b>, non solo sono <b>anallergici,<\\/b> ma anche <b>naturalmente antibatterici<\\/b>.\",\"9\":\"<b>DOT<\\/b> \\u00e8 disponibile nei pi\\u00f9 comuni formati: <b>Assorbenti con ali giorno e notte<\\/b>, <b>Salvaslip<\\/b> e <b>Tamponi interni<\\/b>.<br \\/>Diverse varianti, pensate in base <b>grado di assorbenza desiderato<\\/b>; perch\\u00e9 il nostro obiettivo \\u00e8 quello di farti sentire a tuo agio e protetta in modo sicuro e naturale.\"}}', '2017-01-20 08:56:56', '2017-01-20 08:56:56', '535a6387-e4c0-47d6-afe1-e44590b4fba5'),
 ('21', '6', '5', '1', 'it', '8', '', '{\"typeId\":\"5\",\"authorId\":\"1\",\"title\":\"prima slide\",\"slug\":\"first\",\"postDate\":1484843760,\"expiryDate\":null,\"enabled\":1,\"parentId\":\"\",\"fields\":{\"6\":\"<b>DOT<\\/b> \\u00e8 una linea di <b>prodotti innovativi<\\/b>, dedicati al mondo dell\\u2019<b>igiene femminile<\\/b>, nel periodo del ciclo mestruale.<br \\/> Grazie alla loro formulazione in <b>100% cotone<\\/b> ed ad uno speciale <b>brevetto Combimedica<\\/b>, non solo sono <b>anallergici,<\\/b> ma anche <b>naturalmente antibatterici<\\/b>.\",\"9\":\"<b>DOT<\\/b> \\u00e8 disponibile nei pi\\u00f9 comuni formati: <b>Assorbenti con ali giorno e notte<\\/b>, <b>Salvaslip<\\/b> e <b>Tamponi interni<\\/b>.<br \\/>Diverse varianti, pensate in base <b>grado di assorbenza desiderato<\\/b>; perch\\u00e9 il nostro obiettivo \\u00e8 quello di farti sentire a tuo agio e protetta in modo sicuro e naturale.\"}}', '2017-01-20 08:57:41', '2017-01-20 08:57:41', '9018f262-8bd5-487a-bf32-8587926c79e5'),
 ('22', '6', '5', '1', 'it', '9', '', '{\"typeId\":\"5\",\"authorId\":\"1\",\"title\":\"prima slide\",\"slug\":\"first\",\"postDate\":1484843760,\"expiryDate\":null,\"enabled\":1,\"parentId\":\"\",\"fields\":{\"6\":\"<p><strong>DOT<\\/strong> \\u00e8 una linea di <strong>prodotti innovativi<\\/strong>, dedicati al mondo dell\\u2019<strong>igiene femminile<\\/strong>, nel periodo del ciclo mestruale.<br> Grazie alla loro formulazione in <strong>100% cotone<\\/strong> ed ad uno speciale <strong>brevetto Combimedica<\\/strong>, non solo sono <strong>anallergici,<\\/strong> ma anche <strong>naturalmente antibatterici<\\/strong>.<\\/p>\",\"9\":\"<p><strong>DOT<\\/strong> \\u00e8 disponibile nei pi\\u00f9 comuni formati: <strong>Assorbenti con ali giorno e notte<\\/strong>, <strong>Salvaslip<\\/strong> e <strong>Tamponi interni<\\/strong>.<br>Diverse varianti, pensate in base <strong>grado di assorbenza desiderato<\\/strong>; perch\\u00e9 il nostro obiettivo \\u00e8 quello di farti sentire a tuo agio e protetta in modo sicuro e naturale.<\\/p>\"}}', '2017-01-20 08:59:52', '2017-01-20 08:59:52', '82710857-7b2a-4747-8eae-0a134df114c3'),
 ('28', '6', '5', '1', 'it', '10', '', '{\"typeId\":\"5\",\"authorId\":\"1\",\"title\":\"prima slide\",\"slug\":\"first\",\"postDate\":1484843760,\"expiryDate\":null,\"enabled\":1,\"parentId\":\"\",\"fields\":{\"6\":\"<b>DOT<\\/b> \\u00e8 una linea di <b>prodotti innovativi<\\/b>, dedicati al mondo dell\\u2019<b>igiene femminile<\\/b>, nel periodo del ciclo mestruale.<br \\/> Grazie alla loro formulazione in <b>100% cotone<\\/b> ed ad uno speciale <b>brevetto Combimedica<\\/b>, non solo sono <b>anallergici,<\\/b> ma anche <b>naturalmente antibatterici<\\/b>.\",\"9\":\"<p><strong>DOT<\\/strong> \\u00e8 disponibile nei pi\\u00f9 comuni formati: <strong>Assorbenti con ali giorno e notte<\\/strong>, <strong>Salvaslip<\\/strong> e <strong>Tamponi interni<\\/strong>.<br>Diverse varianti, pensate in base <strong>grado di assorbenza desiderato<\\/strong>; perch\\u00e9 il nostro obiettivo \\u00e8 quello di farti sentire a tuo agio e protetta in modo sicuro e naturale.<\\/p>\"}}', '2017-01-20 09:06:45', '2017-01-20 09:06:45', 'e639e2bf-bed6-4497-82d9-e40462024f83'),
 ('29', '6', '5', '1', 'it', '11', '', '{\"typeId\":\"5\",\"authorId\":\"1\",\"title\":\"prima slide\",\"slug\":\"first\",\"postDate\":1484843760,\"expiryDate\":null,\"enabled\":1,\"parentId\":\"\",\"fields\":{\"6\":\"<b>DOT<\\/b> \\u00e8 una linea di <b>prodotti innovativi<\\/b>, dedicati al mondo dell\\u2019<b>igiene femminile<\\/b>, nel periodo del ciclo mestruale.<br \\/> Grazie alla loro formulazione in <b>100% cotone<\\/b> ed ad uno speciale <b>brevetto Combimedica<\\/b>, non solo sono <b>anallergici,<\\/b> ma anche <b>naturalmente antibatterici<\\/b>.\",\"9\":\"<b>DOT<\\/b> \\u00e8 disponibile nei pi\\u00f9 comuni formati: <b>Assorbenti con ali giorno e notte<\\/b>, <b>Salvaslip<\\/b> e <b>Tamponi interni<\\/b>.<br \\/>Diverse varianti, pensate in base <b>grado di assorbenza desiderato<\\/b>; perch\\u00e9 il nostro obiettivo \\u00e8 quello di farti sentire a tuo agio e protetta in modo sicuro e naturale.\"}}', '2017-01-20 09:07:56', '2017-01-20 09:07:56', '1d8dddc5-317a-4f5d-8aac-2156040e598a'),
 ('38', '17', '7', '1', 'it', '1', NULL, '{\"typeId\":\"7\",\"authorId\":null,\"title\":\"Esterno\",\"slug\":\"esterno\",\"postDate\":1484905976,\"expiryDate\":null,\"enabled\":1,\"parentId\":null,\"fields\":[]}', '2017-01-20 09:52:56', '2017-01-20 09:52:56', '6fe83190-7bb4-4de9-8f9c-7089cf05dc02'),
 ('39', '17', '7', '1', 'it', '2', '', '{\"typeId\":null,\"authorId\":null,\"title\":\"Esterno\",\"slug\":\"esterno\",\"postDate\":1484905976,\"expiryDate\":null,\"enabled\":1,\"parentId\":null,\"fields\":{\"18\":{\"new1\":{\"type\":\"prima\",\"enabled\":\"1\",\"fields\":{\"uno\":\"ciao\",\"due\":\"pollo\"}},\"new2\":{\"type\":\"prima\",\"enabled\":\"1\",\"fields\":{\"uno\":\"\",\"due\":\"\"}}}}}', '2017-01-20 09:53:39', '2017-01-20 09:53:39', '88185942-722b-4b5e-a055-acda93197da1'),
 ('40', '17', '7', '1', 'it', '3', '', '{\"typeId\":null,\"authorId\":null,\"title\":\"Esterno\",\"slug\":\"esterno\",\"postDate\":1484905976,\"expiryDate\":null,\"enabled\":1,\"parentId\":null,\"fields\":{\"18\":{\"new1\":{\"type\":\"prima\",\"enabled\":\"1\",\"fields\":{\"uno\":\"ciao\",\"due\":\"pollo\"}},\"new2\":{\"type\":\"seconda\",\"enabled\":\"1\",\"fields\":{\"uno\":\"ciao\",\"due\":\"prosciutto\"}}}}}', '2017-01-20 09:59:32', '2017-01-20 09:59:32', '7bb8e440-7da7-4a5c-8094-43d7b485d463'),
 ('41', '17', '7', '1', 'it', '4', '', '{\"typeId\":null,\"authorId\":null,\"title\":\"Esterno\",\"slug\":\"esterno\",\"postDate\":1484905976,\"expiryDate\":null,\"enabled\":1,\"parentId\":null,\"fields\":{\"18\":{\"20\":{\"type\":\"prima\",\"enabled\":\"1\",\"fields\":{\"uno\":\"ciao\",\"due\":\"pollo\"}},\"21\":{\"type\":\"seconda\",\"enabled\":\"1\",\"fields\":{\"uno\":\"ciao\",\"due\":\"prosciutto\"}}}}}', '2017-01-20 10:02:38', '2017-01-20 10:02:38', '36885605-be80-4cca-8bdd-d67e42e6ae3e'),
 ('42', '17', '7', '1', 'it', '5', '', '{\"typeId\":\"7\",\"authorId\":null,\"title\":\"Hygenic Pad\",\"slug\":\"esterno\",\"postDate\":1484906709,\"expiryDate\":null,\"enabled\":1,\"parentId\":null,\"fields\":{\"18\":{\"20\":{\"type\":\"prima\",\"enabled\":\"1\",\"fields\":{\"uno\":\"ciao\",\"due\":\"pollo\"}},\"21\":{\"type\":\"seconda\",\"enabled\":\"1\",\"fields\":{\"uno\":\"due\",\"due\":\"prosciutto\"}}}}}', '2017-01-20 10:07:38', '2017-01-20 10:07:38', '2c0e30a4-28e6-47e6-baed-7a15e2ce64ab'),
 ('43', '17', '7', '1', 'it', '6', '', '{\"typeId\":\"7\",\"authorId\":null,\"title\":\"Hygenic Pad\",\"slug\":\"esterno\",\"postDate\":1484906709,\"expiryDate\":null,\"enabled\":1,\"parentId\":null,\"fields\":{\"18\":{\"20\":{\"type\":\"prima\",\"enabled\":\"1\",\"fields\":{\"uno\":\"ciao\",\"due\":\"\"}},\"21\":{\"type\":\"seconda\",\"enabled\":\"1\",\"fields\":{\"uno\":\"due\",\"due\":\"\"}}}}}', '2017-01-20 10:07:48', '2017-01-20 10:07:48', 'ddafb4d4-fa0b-4fc1-abc7-de60a39df416'),
 ('44', '17', '7', '1', 'it', '7', '', '{\"typeId\":\"7\",\"authorId\":null,\"title\":\"Hygenic Pad\",\"slug\":\"esterno\",\"postDate\":1484906709,\"expiryDate\":null,\"enabled\":1,\"parentId\":null,\"fields\":{\"18\":{\"20\":{\"type\":\"singola\",\"enabled\":\"1\",\"fields\":{\"uno\":\"Una linea unica di <b>assorbenti esterni con ali<\\/b> in <b>100% cotone organico<\\/b>, che garantisce comfort e protezione.<br \\/>                             I modelli <b>DOT<\\/b> con ali sia per il <b>giorno<\\/b> che per la <b>notte<\\/b>, si adattano alle diverse esigenze di flusso rispettando il tuo corpo naturalmente.\"}},\"new1\":{\"type\":\"singola\",\"enabled\":\"1\",\"fields\":{\"uno\":\"<b>DOT<\\/b> esterno con ali ergonomico, \\u00e8 dotato di barriera Odour-block e di un esclusivo <b>Top-sheet antibatterico brevettato<\\/b>; previene l\\u2019insorgenza delle pi\\u00f9 comuni infezioni batteriche grazie alla composizione <b>naturale e brevettata<\\/b>.\"}},\"new2\":{\"type\":\"singola\",\"enabled\":\"1\",\"fields\":{\"uno\":\"Disponibile nelle varianti <b>Regular<\\/b> e <b>Super<\\/b>, rispettivamente per flussi normali e flussi intensi come quelli della notte.<br \\/> Il design con ali garantisce una maggiore protezione per tutto il giorno, cos\\u00ec potrai <b>sentirti pi\\u00f9 sicura e a tuo agio<\\/b> sempre.\"}}}}}', '2017-01-20 10:10:46', '2017-01-20 10:10:46', 'e7fb8fd1-9d91-49d9-9da1-8ea0fb481426'),
 ('45', '24', '8', '1', 'it', '1', NULL, '{\"typeId\":\"8\",\"authorId\":null,\"title\":\"Panty Liner\",\"slug\":\"panty-liner\",\"postDate\":1484907174,\"expiryDate\":null,\"enabled\":1,\"parentId\":null,\"fields\":[]}', '2017-01-20 10:12:55', '2017-01-20 10:12:55', 'c24eab99-5437-499a-ba85-d6ef8afe5e78'),
 ('46', '24', '8', '1', 'it', '2', '', '{\"typeId\":null,\"authorId\":null,\"title\":\"Panty Liner\",\"slug\":\"panty-liner\",\"postDate\":1484907174,\"expiryDate\":null,\"enabled\":1,\"parentId\":null,\"fields\":{\"18\":{\"new1\":{\"type\":\"singola\",\"enabled\":\"1\",\"fields\":{\"uno\":\"<b>DOT<\\/b> proteggi slip in <b>100% cotone<\\/b> ti offre tutta la protezione e il comfort che cerchi.<br \\/>La sua <b>formula traspirante<\\/b> si prende cura delicatamente della tua pelle, facendoti sentire al meglio tutto il giorno, ogni giorno.\"}},\"new2\":{\"type\":\"singola\",\"enabled\":\"1\",\"fields\":{\"uno\":\"Il salvaslip <b>DOT<\\/b> sono traspiranti e donano una sensazione di <b>freschezza<\\/b> e <b>asciutto<\\/b> garantendo un <b>elevato comfort<\\/b> anche dopo un lungo periodo.<br \\/>\"}},\"new3\":{\"type\":\"singola\",\"enabled\":\"1\",\"fields\":{\"uno\":\"Un\\u2019innovativa linea di prodotti per l\\u2019igiene femminile, disponibile nella variante <b>Soft<\\/b>.<br \\/>Un\\u2019 <b>extra-protezione<\\/b> per sentirti pi\\u00f9 <b>sicura<\\/b> con te stessa ed in mezzo agli altri.\"}}}}}', '2017-01-20 10:19:16', '2017-01-20 10:19:16', '11cba3a1-2726-4385-832d-67c8a30b4ff8'),
 ('47', '28', '9', '1', 'it', '1', NULL, '{\"typeId\":\"9\",\"authorId\":null,\"title\":\"Applicator Tampon\",\"slug\":\"applicator-tampon\",\"postDate\":1484907703,\"expiryDate\":null,\"enabled\":1,\"parentId\":null,\"fields\":[]}', '2017-01-20 10:21:43', '2017-01-20 10:21:43', '52e3c0b6-9e53-4045-9b6b-759462d8d6a9'),
 ('48', '6', '5', '1', 'it', '12', '', '{\"typeId\":\"5\",\"authorId\":null,\"title\":\"About\",\"slug\":\"first\",\"postDate\":1484907638,\"expiryDate\":null,\"enabled\":1,\"parentId\":null,\"fields\":{\"18\":\"\"}}', '2017-01-20 10:22:11', '2017-01-20 10:22:11', '6826c395-1039-458f-b885-373b532d9f22'),
 ('49', '28', '9', '1', 'it', '2', '', '{\"typeId\":null,\"authorId\":null,\"title\":\"Applicator Tampon\",\"slug\":\"applicator-tampon\",\"postDate\":1484907703,\"expiryDate\":null,\"enabled\":1,\"parentId\":null,\"fields\":{\"18\":{\"new1\":{\"type\":\"singola\",\"enabled\":\"1\",\"fields\":{\"uno\":\"<b>DOT assorbenti interni<\\/b> in <b>100% cotone organico<\\/b> offre una protezione pratica e totale grazie all\\u2019esclusivo applicatore igienico ed ergonomico che ne facilita l\\u2019introduzione.\"}},\"new2\":{\"type\":\"singola\",\"enabled\":\"1\",\"fields\":{\"uno\":\"I tamponi <b>DOT<\\/b> contribuiscono al benessere del tuo corpo: <b>non irritano, rispettano il tuo ph naturale e la flora vaginale<\\/b>.<br \\/>Il design degli assorbenti interni DOT permette un <b>inserimento e una rimozione facili<\\/b> ed \\u00e8 studiato per offrirti tutta la <b>protezione e praticit\\u00e0 di cui hai bisogno<\\/b>.\"}},\"new3\":{\"type\":\"singola\",\"enabled\":\"1\",\"fields\":{\"uno\":\"Un\\u2019innovativa linea di prodotti per l\\u2019igiene femminile, disponibile nelle varianti <b>Soft, Regular<\\/b> e <b>Super<\\/b>, rispettivamente per flussi da leggeri a medi fino a quelli per i giorni pi\\u00f9 intensi.<br \\/>L\\u2019utilizzo del cotone 100% organico <b>riduce l\\u2019insorgenza della sindrome della TSS allo 0%<\\/b>.\"}}}}}', '2017-01-20 10:23:01', '2017-01-20 10:23:01', '589c72f0-38ea-4187-988d-64526a7d6a95'),
 ('50', '28', '9', '1', 'it', '3', '', '{\"typeId\":null,\"authorId\":null,\"title\":\"Applicator Tampon\",\"slug\":\"applicator-tampon\",\"postDate\":1484907703,\"expiryDate\":null,\"enabled\":1,\"parentId\":null,\"fields\":{\"18\":{\"29\":{\"type\":\"singola\",\"enabled\":\"1\",\"fields\":{\"uno\":\"<b>DOT assorbenti interni<\\/b> in <b>100% cotone organico<\\/b> offre una protezione pratica e totale grazie all\\u2019esclusivo applicatore igienico ed ergonomico che ne facilita l\\u2019introduzione.\"}},\"30\":{\"type\":\"singola\",\"enabled\":\"1\",\"fields\":{\"uno\":\"I tamponi <b>DOT<\\/b> contribuiscono al benessere del tuo corpo: <b>non irritano, rispettano il tuo ph naturale e la flora vaginale<\\/b>.<br \\/>Il design degli assorbenti interni DOT permette un <b>inserimento e una rimozione facili<\\/b> ed \\u00e8 studiato per offrirti tutta la <b>protezione e praticit\\u00e0 di cui hai bisogno<\\/b>.\"}},\"31\":{\"type\":\"singola\",\"enabled\":\"1\",\"fields\":{\"uno\":\"Un\\u2019innovativa linea di prodotti per l\\u2019igiene femminile, disponibile nelle varianti <b>Soft, Regular<\\/b> e <b>Super<\\/b>, rispettivamente per flussi da leggeri a medi fino a quelli per i giorni pi\\u00f9 intensi.<br \\/>L\\u2019utilizzo del cotone 100% organico <b>riduce l\\u2019insorgenza della sindrome della TSS allo 0%<\\/b>.\"}}}}}', '2017-01-20 10:27:24', '2017-01-20 10:27:24', '808116e0-9343-4cc4-9781-2ff2d205b566'),
 ('51', '6', '5', '1', 'it', '13', '', '{\"typeId\":\"5\",\"authorId\":null,\"title\":\"About\",\"slug\":\"first\",\"postDate\":1484907638,\"expiryDate\":null,\"enabled\":1,\"parentId\":null,\"fields\":{\"18\":{\"new1\":{\"type\":\"doppia\",\"enabled\":\"1\",\"fields\":{\"uno\":\"<b>DOT<\\/b> \\u00e8 una linea di <b>prodotti innovativi<\\/b>, dedicati al mondo dell\\u2019<b>igiene femminile<\\/b>, nel periodo del ciclo mestruale.<br \\/> Grazie alla loro formulazione in <b>100% cotone<\\/b> ed ad uno speciale <b>brevetto Combimedica<\\/b>, non solo sono <b>anallergici,<\\/b> ma anche <b>naturalmente antibatterici<\\/b>.\",\"due\":\"<b>DOT<\\/b> \\u00e8 disponibile nei pi\\u00f9 comuni formati: <b>Assorbenti con ali giorno e notte<\\/b>, <b>Salvaslip<\\/b> e <b>Tamponi interni<\\/b>.<br \\/>Diverse varianti, pensate in base <b>grado di assorbenza desiderato<\\/b>; perch\\u00e9 il nostro obiettivo \\u00e8 quello di farti sentire a tuo agio e protetta in modo sicuro e naturale.\"}},\"new2\":{\"type\":\"doppia\",\"enabled\":\"1\",\"fields\":{\"uno\":\"Vogliamo rendere un periodo complicato del mese, un po\\u2019 meno pesante:<\\/br>in media una donna passa <b>10 anni<\\/b> della sua vita in compagnia del ciclo mestruale;\",\"due\":\"Si calcola che in un\\u2019intera vita, una donna, possa arrivare ad utilizzare all\\u2019incirca <b>11.000 tamponi<\\/b> e che <br>il numero di cicli che una donna sperimenta mediamente durante la vita ammonta a <b>450<\\/b>.\"}},\"new3\":{\"type\":\"doppia\",\"enabled\":\"1\",\"fields\":{\"uno\":\"Lo sapevi che l\\u2019utilizzo di assorbenti interni in 100% cotone organico, <b>riduce l\\u2019insorgenza della TSS<\\/b> (Sindrome da shock tossico) <b>allo 0%<\\/b>?\",\"due\":\"Producendo i nostri prodotti con <b>filiera controllata e in 100% cotone<\\/b>, vogliamo differenziarci: informandoti facendoti per\\u00f2 sentire <b>protetta<\\/b> ed in <b>totale comfort<\\/b>.\"}},\"new4\":{\"type\":\"doppia\",\"enabled\":\"1\",\"fields\":{\"uno\":\"La <b>sindrome da shock tossico<\\/b>, anche conosciuta come TSS, \\u00e8 una <b>malattia rara<\\/b> che si pu\\u00f2 verificare <b>utilizzando assorbenti interni di scarsa qualit\\u00e0<\\/b> o con additivi dannosi per le mucose interne.\",\"due\":\"Ricordati di <b>alternare<\\/b>, durante il ciclo, <b>l\\u2019utilizzo di assorbenti interni ed esterni<\\/b> e di <b>cambiare spesso il tuo assorbente interno<\\/b> e <b>utilizza tamponi in 100% cotone organico<\\/b> come i nostri.<br \\/>\"}}}}}', '2017-01-20 10:33:18', '2017-01-20 10:33:18', '0a17f1c0-5bec-4a72-8a7c-1944e9b36db2'),
 ('53', '37', '11', '1', 'it', '1', NULL, '{\"typeId\":\"11\",\"authorId\":null,\"title\":\"Contact\",\"slug\":\"contact\",\"postDate\":1484913471,\"expiryDate\":null,\"enabled\":1,\"parentId\":null,\"fields\":[]}', '2017-01-20 11:57:51', '2017-01-20 11:57:51', '724e605e-5ca8-4002-8203-89ce38c6a19d'),
 ('54', '6', '5', '1', 'en', '4', '', '{\"typeId\":\"5\",\"authorId\":null,\"title\":\"about\",\"slug\":\"first\",\"postDate\":1484927872,\"expiryDate\":null,\"enabled\":1,\"parentId\":null,\"fields\":{\"18\":\"\"}}', '2017-01-20 15:58:08', '2017-01-20 15:58:08', 'da1eb33b-bfe7-4d26-ab1c-8a49159efeee'),
 ('55', '6', '5', '1', 'it', '14', '', '{\"typeId\":\"5\",\"authorId\":null,\"title\":\"about\",\"slug\":\"first\",\"postDate\":1484927872,\"expiryDate\":null,\"enabled\":1,\"parentId\":null,\"fields\":{\"18\":{\"32\":{\"type\":\"doppia\",\"enabled\":\"1\",\"fields\":{\"uno\":\"<b>DOT<\\/b> \\u00e8 una linea di <b>prodotti innovativi<\\/b>, dedicati al mondo dell\\u2019<b>igiene femminile<\\/b>, nel periodo del ciclo mestruale.<br \\/> Grazie alla loro formulazione in <b>100% cotone<\\/b> ed ad uno speciale <b>brevetto Combimedica<\\/b>, non solo sono <b>anallergici,<\\/b> ma anche <b>naturalmente antibatterici<\\/b>.\",\"due\":\"<b>DOT<\\/b> \\u00e8 disponibile nei pi\\u00f9 comuni formati: <b>Assorbenti con ali giorno e notte<\\/b>, <b>Salvaslip<\\/b> e <b>Tamponi interni<\\/b>.<br \\/>Diverse varianti, pensate in base <b>grado di assorbenza desiderato<\\/b>; perch\\u00e9 il nostro obiettivo \\u00e8 quello di farti sentire a tuo agio e protetta in modo sicuro e naturale.\"}},\"33\":{\"type\":\"doppia\",\"enabled\":\"1\",\"fields\":{\"uno\":\"Vogliamo rendere un periodo complicato del mese, un po\\u2019 meno pesante:<\\/br>in media una donna passa <b>10 anni<\\/b> della sua vita in compagnia del ciclo mestruale;\",\"due\":\"Si calcola che in un\\u2019intera vita, una donna, possa arrivare ad utilizzare all\\u2019incirca <b>11.000 tamponi<\\/b> e che <br>il numero di cicli che una donna sperimenta mediamente durante la vita ammonta a <b>450<\\/b>.\"}},\"34\":{\"type\":\"doppia\",\"enabled\":\"1\",\"fields\":{\"uno\":\"Lo sapevi che l\\u2019utilizzo di assorbenti interni in 100% cotone organico, <b>riduce l\\u2019insorgenza della TSS<\\/b> (Sindrome da shock tossico) <b>allo 0%<\\/b>?\",\"due\":\"Producendo i nostri prodotti con <b>filiera controllata e in 100% cotone<\\/b>, vogliamo differenziarci: informandoti facendoti per\\u00f2 sentire <b>protetta<\\/b> ed in <b>totale comfort<\\/b>.\"}},\"35\":{\"type\":\"doppia\",\"enabled\":\"1\",\"fields\":{\"uno\":\"La <b>sindrome da shock tossico<\\/b>, anche conosciuta come TSS, \\u00e8 una <b>malattia rara<\\/b> che si pu\\u00f2 verificare <b>utilizzando assorbenti interni di scarsa qualit\\u00e0<\\/b> o con additivi dannosi per le mucose interne.\",\"due\":\"Ricordati di <b>alternare<\\/b>, durante il ciclo, <b>l\\u2019utilizzo di assorbenti interni ed esterni<\\/b> e di <b>cambiare spesso il tuo assorbente interno<\\/b> e <b>utilizza tamponi in 100% cotone organico<\\/b> come i nostri.<br \\/>\"}}}}}', '2017-01-20 15:58:16', '2017-01-20 15:58:16', '1a42670f-a987-474c-b77d-f18b1853fe7f'),
 ('56', '6', '5', '1', 'it', '15', '', '{\"typeId\":\"5\",\"authorId\":null,\"title\":\"About\",\"slug\":\"first\",\"postDate\":1484927872,\"expiryDate\":null,\"enabled\":1,\"parentId\":null,\"fields\":{\"18\":{\"32\":{\"type\":\"doppia\",\"enabled\":\"1\",\"fields\":{\"uno\":\"<b>DOT<\\/b> \\u00e8 una linea di <b>prodotti innovativi<\\/b>, dedicati al mondo dell\\u2019<b>igiene femminile<\\/b>, nel periodo del ciclo mestruale.<br \\/> Grazie alla loro formulazione in <b>100% cotone<\\/b> ed ad uno speciale <b>brevetto Combimedica<\\/b>, non solo sono <b>anallergici,<\\/b> ma anche <b>naturalmente antibatterici<\\/b>.\",\"due\":\"<b>DOT<\\/b> \\u00e8 disponibile nei pi\\u00f9 comuni formati: <b>Assorbenti con ali giorno e notte<\\/b>, <b>Salvaslip<\\/b> e <b>Tamponi interni<\\/b>.<br \\/>Diverse varianti, pensate in base <b>grado di assorbenza desiderato<\\/b>; perch\\u00e9 il nostro obiettivo \\u00e8 quello di farti sentire a tuo agio e protetta in modo sicuro e naturale.\"}},\"33\":{\"type\":\"doppia\",\"enabled\":\"1\",\"fields\":{\"uno\":\"Vogliamo rendere un periodo complicato del mese, un po\\u2019 meno pesante:<\\/br>in media una donna passa <b>10 anni<\\/b> della sua vita in compagnia del ciclo mestruale;\",\"due\":\"Si calcola che in un\\u2019intera vita, una donna, possa arrivare ad utilizzare all\\u2019incirca <b>11.000 tamponi<\\/b> e che <br>il numero di cicli che una donna sperimenta mediamente durante la vita ammonta a <b>450<\\/b>.\"}},\"34\":{\"type\":\"doppia\",\"enabled\":\"1\",\"fields\":{\"uno\":\"Lo sapevi che l\\u2019utilizzo di assorbenti interni in 100% cotone organico, <b>riduce l\\u2019insorgenza della TSS<\\/b> (Sindrome da shock tossico) <b>allo 0%<\\/b>?\",\"due\":\"Producendo i nostri prodotti con <b>filiera controllata e in 100% cotone<\\/b>, vogliamo differenziarci: informandoti facendoti per\\u00f2 sentire <b>protetta<\\/b> ed in <b>totale comfort<\\/b>.\"}},\"35\":{\"type\":\"doppia\",\"enabled\":\"1\",\"fields\":{\"uno\":\"La <b>sindrome da shock tossico<\\/b>, anche conosciuta come TSS, \\u00e8 una <b>malattia rara<\\/b> che si pu\\u00f2 verificare <b>utilizzando assorbenti interni di scarsa qualit\\u00e0<\\/b> o con additivi dannosi per le mucose interne.\",\"due\":\"Ricordati di <b>alternare<\\/b>, durante il ciclo, <b>l\\u2019utilizzo di assorbenti interni ed esterni<\\/b> e di <b>cambiare spesso il tuo assorbente interno<\\/b> e <b>utilizza tamponi in 100% cotone organico<\\/b> come i nostri.<br \\/>\"}}}}}', '2017-01-20 15:58:26', '2017-01-20 15:58:26', 'dd7bbba8-8e6c-4148-a327-3cf1722d0366'),
 ('57', '6', '5', '1', 'en', '5', '', '{\"typeId\":\"5\",\"authorId\":null,\"title\":\"About\",\"slug\":\"first\",\"postDate\":1484927872,\"expiryDate\":null,\"enabled\":1,\"parentId\":null,\"fields\":{\"18\":\"\"}}', '2017-01-20 15:58:36', '2017-01-20 15:58:36', '8407fe15-0a92-4bb5-8f79-9461b6bcac84'),
 ('58', '6', '5', '1', 'en', '6', '', '{\"typeId\":\"5\",\"authorId\":null,\"title\":\"About\",\"slug\":\"first\",\"postDate\":1484927872,\"expiryDate\":null,\"enabled\":1,\"parentId\":null,\"fields\":{\"18\":{\"new2\":{\"type\":\"doppia\",\"enabled\":\"1\",\"fields\":{\"uno\":\"<b>DOT<\\/b> is a line of innovative products, dedicated to feminine and hygienic world during the menstrual cycle. Thanks to their <b>100% Cotton<\\/b> formulation and to its special <b>Combimedica patent<\\/b>, they are not only <b>hypoallergenic<\\/b> but also <b>naturally antibacterial<\\/b>.\",\"due\":\"<b>DOT is available in the most common formats, these include<\\/b>: Pads with wings for the day, Pads with wings for the night, Pantyliners and Tampons. Every <b>DOT<\\/b> is available in different variants, depending to the desired absorbency degree. That\\u2019s because the aim of every product is to make you feel comfortable and safely protected.\"}},\"new3\":{\"type\":\"doppia\",\"enabled\":\"1\",\"fields\":{\"uno\":\"\",\"due\":\"\"}},\"new4\":{\"type\":\"doppia\",\"enabled\":\"1\",\"fields\":{\"uno\":\"\",\"due\":\"\"}},\"new5\":{\"type\":\"doppia\",\"enabled\":\"1\",\"fields\":{\"uno\":\"\",\"due\":\"\"}}}}}', '2017-01-20 17:01:41', '2017-01-20 17:01:41', '21581afa-31f7-4588-98d2-dd7514d207a3'),
 ('59', '6', '5', '1', 'en', '7', '', '{\"typeId\":\"5\",\"authorId\":null,\"title\":\"About\",\"slug\":\"first\",\"postDate\":1484927872,\"expiryDate\":null,\"enabled\":1,\"parentId\":null,\"fields\":{\"18\":{\"39\":{\"type\":\"doppia\",\"enabled\":\"1\",\"fields\":{\"uno\":\"<b>DOT<\\/b> is a line of innovative products, dedicated to feminine and hygienic world during the menstrual cycle. Thanks to their <b>100% Cotton<\\/b> formulation and to its special <b>Combimedica patent<\\/b>, they are not only <b>hypoallergenic<\\/b> but also <b>naturally antibacterial<\\/b>.\",\"due\":\"<b>DOT is available in the most common formats, these include<\\/b>: Pads with wings for the day, Pads with wings for the night, Pantyliners and Tampons. Every <b>DOT<\\/b> is available in different variants, depending to the desired absorbency degree. That\\u2019s because the aim of every product is to make you feel comfortable and safely protected.\"}},\"40\":{\"type\":\"doppia\",\"enabled\":\"1\",\"fields\":{\"uno\":\"We are trying to turn a complicated period of the month into something <b>less heavy<\\/b>. On average, Women spend <b>10 years<\\/b> having periods in their lifetime;\",\"due\":\"The average woman will use nearly <b>11\\u2019000 tampons<\\/b> over her lifetime; Women will experience about <b>450 periods<\\/b> over their lifetime. \"}},\"41\":{\"type\":\"doppia\",\"enabled\":\"1\",\"fields\":{\"uno\":\"\",\"due\":\"\"}},\"42\":{\"type\":\"doppia\",\"enabled\":\"1\",\"fields\":{\"uno\":\"\",\"due\":\"\"}}}}}', '2017-01-20 17:02:30', '2017-01-20 17:02:30', '4709bdd2-9471-42d9-9447-6bfb1044a739'),
 ('60', '6', '5', '1', 'en', '8', '', '{\"typeId\":\"5\",\"authorId\":null,\"title\":\"About\",\"slug\":\"first\",\"postDate\":1484927872,\"expiryDate\":null,\"enabled\":1,\"parentId\":null,\"fields\":{\"18\":{\"39\":{\"type\":\"doppia\",\"enabled\":\"1\",\"fields\":{\"uno\":\"<b>DOT<\\/b> is a line of innovative products, dedicated to feminine and hygienic world during the menstrual cycle. Thanks to their <b>100% Cotton<\\/b> formulation and to its special <b>Combimedica patent<\\/b>, they are not only <b>hypoallergenic<\\/b> but also <b>naturally antibacterial<\\/b>.\",\"due\":\"<b>DOT is available in the most common formats, these include<\\/b>: Pads with wings for the day, Pads with wings for the night, Pantyliners and Tampons. Every <b>DOT<\\/b> is available in different variants, depending to the desired absorbency degree. That\\u2019s because the aim of every product is to make you feel comfortable and safely protected.\"}},\"40\":{\"type\":\"doppia\",\"enabled\":\"1\",\"fields\":{\"uno\":\"We are trying to turn a complicated period of the month into something <b>less heavy<\\/b>. On average, Women spend <b>10 years<\\/b> having periods in their lifetime;\",\"due\":\"The average woman will use nearly <b>11\\u2019000 tampons<\\/b> over her lifetime; Women will experience about <b>450 periods<\\/b> over their lifetime. \"}},\"41\":{\"type\":\"doppia\",\"enabled\":\"1\",\"fields\":{\"uno\":\"Did you know that the use of <b>100% Organic Cotton Tampons <\\/b>, reduces the occurrence of TSS (Toxic Shock Syndrome) to <b>0%<\\/b>? \",\"due\":\"Producing our products with channelled system and in <b>100%<\\/b> cotton, we want to differentiate ourselves informing you and making you feel protected, in complete comfort.\"}},\"42\":{\"type\":\"doppia\",\"enabled\":\"1\",\"fields\":{\"uno\":\"The occurrence of the <b>Menstrual TSS Syndrome<\\/b> may occurr while using poor quality Tampons or Tampons with harmful additives for the internal mucous. \",\"due\":\"Remember preferably to alternate, during the Menstrual cycle, the use of Internal and external Pads and to frequently change your Tampons using <b>100% Organic Cotton Tampons<\\/b> like our <b>DOT<\\/b>.\"}}}}}', '2017-01-20 17:03:50', '2017-01-20 17:03:50', '347e3e66-fbae-469e-bf8a-d6727c2c2d3f'),
 ('61', '6', '5', '1', 'it', '16', '', '{\"typeId\":\"5\",\"authorId\":null,\"title\":\"About\",\"slug\":\"first\",\"postDate\":1484927872,\"expiryDate\":null,\"enabled\":1,\"parentId\":null,\"fields\":{\"18\":{\"32\":{\"type\":\"doppia\",\"enabled\":\"1\",\"fields\":{\"uno\":\"<b>DOT<\\/b> \\u00e8 una linea di <b>prodotti innovativi<\\/b>, dedicati al mondo dell\\u2019<b>igiene femminile<\\/b>, nel periodo del ciclo mestruale.<br \\/> Grazie alla loro formulazione in <b>100% cotone<\\/b> ed ad uno speciale <b>brevetto Combimedica<\\/b>, non solo sono <b>anallergici,<\\/b> ma anche <b>naturalmente antibatterici<\\/b>.\",\"due\":\"<b>DOT<\\/b> \\u00e8 disponibile nei pi\\u00f9 comuni formati: <b>Assorbenti con ali giorno e notte<\\/b>, <b>Salvaslip<\\/b> e <b>Tamponi interni<\\/b>.<br \\/>Diverse varianti, pensate in base <b>grado di assorbenza desiderato<\\/b>; perch\\u00e9 il nostro obiettivo \\u00e8 quello di farti sentire a tuo agio e protetta in modo sicuro e naturale.\"}},\"33\":{\"type\":\"doppia\",\"enabled\":\"1\",\"fields\":{\"uno\":\"Vogliamo rendere un periodo complicato del mese, un po\\u2019 meno pesante:<\\/br>in media una donna passa <b>10 anni<\\/b> della sua vita in compagnia del ciclo mestruale;\",\"due\":\"Si calcola che in un\\u2019intera vita, una donna, possa arrivare ad utilizzare all\\u2019incirca <b>11.000 tamponi<\\/b> e che <br>il numero di cicli che una donna sperimenta mediamente durante la vita ammonta a <b>450<\\/b>.\"}},\"34\":{\"type\":\"doppia\",\"enabled\":\"1\",\"fields\":{\"uno\":\"Lo sapevi che l\\u2019utilizzo di assorbenti interni in 100% cotone organico, <b>riduce l\\u2019insorgenza della TSS<\\/b> (Sindrome da shock tossico) <b>allo 0%<\\/b>?\",\"due\":\"Producendo i nostri prodotti con <b>filiera controllata e in 100% cotone<\\/b>, vogliamo differenziarci: informandoti facendoti per\\u00f2 sentire <b>protetta<\\/b> ed in <b>totale comfort<\\/b>.\"}},\"35\":{\"type\":\"doppia\",\"enabled\":\"1\",\"fields\":{\"uno\":\"La <b>sindrome da shock tossico<\\/b>, anche conosciuta come TSS, \\u00e8 una <b>malattia rara<\\/b> che si pu\\u00f2 verificare <b>utilizzando assorbenti interni di scarsa qualit\\u00e0<\\/b> o con additivi dannosi per le mucose interne.\",\"due\":\"Ricordati di <b>alternare<\\/b>, durante il ciclo, <b>l\\u2019utilizzo di assorbenti interni ed esterni<\\/b> e di <b>cambiare spesso il tuo assorbente interno<\\/b> e <b>utilizza tamponi in 100% cotone organico<\\/b> come i nostri.<br \\/>\"}}}}}', '2017-01-20 17:13:11', '2017-01-20 17:13:11', 'b5055746-aac0-45ef-b191-980999c32cc6'),
 ('62', '28', '9', '1', 'en', '1', '', '{\"typeId\":\"9\",\"authorId\":null,\"title\":\"Applicator Tampons\",\"slug\":\"applicator-tampon\",\"postDate\":1484918650,\"expiryDate\":null,\"enabled\":1,\"parentId\":null,\"fields\":{\"18\":{\"new1\":{\"type\":\"singola\",\"enabled\":\"1\",\"fields\":{\"uno\":\"<b>DOT Tampons<\\/b> in <b>100% organic cotton<\\/b> offer to you an handy and total protection thanks to the exclusive <b>hygienic and ergonomic applicator<\\/b> that allows an easy insertion.\"}},\"new2\":{\"type\":\"singola\",\"enabled\":\"1\",\"fields\":{\"uno\":\"<b>DOT Tampons<\\/b> contribute to your body wellness: it does not irritate, it respects your natural Ph and Vaginal flora. The <b>innovative small sized design<\\/b>, guarantees greater insertion simplicity, to offer you all the protection and that you <b>need<\\/b>.\"}},\"new3\":{\"type\":\"singola\",\"enabled\":\"1\",\"fields\":{\"uno\":\"An innovative line of products for the feminine hygiene, available in the <b>Soft, Regular<\\/b> and <b>Ultra<\\/b> variants, respectively for flows from light to medium, till those for more intense days. The use of the 100% Organic Cotton <b>reduces the occurence of the TSS* syndrome to 0%<\\/ b>.\"}}}}}', '2017-01-20 17:15:28', '2017-01-20 17:15:28', '96726bdc-d82e-4d07-bb2a-478cb65eb837'),
 ('63', '6', '5', '1', 'it', '17', '', '{\"typeId\":\"5\",\"authorId\":null,\"title\":\"About\",\"slug\":\"first\",\"postDate\":1484927872,\"expiryDate\":null,\"enabled\":1,\"parentId\":null,\"fields\":{\"18\":{\"32\":{\"type\":\"doppia\",\"enabled\":\"1\",\"fields\":{\"uno\":\"<b>DOT<\\/b> \\u00e8 una linea di <b>prodotti innovativi<\\/b>, dedicati al mondo dell\\u2019<b>igiene femminile<\\/b>, nel periodo del ciclo mestruale.<br \\/> Grazie alla loro formulazione in <b>100% cotone<\\/b> ed ad uno speciale <b>brevetto Combimedica<\\/b>, non solo sono <b>anallergici,<\\/b> ma anche <b>naturalmente antibatterici<\\/b>. \",\"due\":\"<b>DOT<\\/b> \\u00e8 disponibile nei pi\\u00f9 comuni formati: <b>Assorbenti con ali giorno e notte<\\/b>, <b>Salvaslip<\\/b> e <b>Tamponi interni<\\/b>.<br \\/>Diverse varianti, pensate in base <b>grado di assorbenza desiderato<\\/b>; perch\\u00e9 il nostro obiettivo \\u00e8 quello di farti sentire a tuo agio e protetta in modo sicuro e naturale.\"}},\"33\":{\"type\":\"doppia\",\"enabled\":\"1\",\"fields\":{\"uno\":\"Vogliamo rendere un periodo complicato del mese, un po\\u2019 meno pesante:<\\/br>in media una donna passa <b>10 anni<\\/b> della sua vita in compagnia del ciclo mestruale;\",\"due\":\"Si calcola che in un\\u2019intera vita, una donna, possa arrivare ad utilizzare all\\u2019incirca <b>11.000 tamponi<\\/b> e che <br>il numero di cicli che una donna sperimenta mediamente durante la vita ammonta a <b>450<\\/b>.\"}},\"34\":{\"type\":\"doppia\",\"enabled\":\"1\",\"fields\":{\"uno\":\"Lo sapevi che l\\u2019utilizzo di assorbenti interni in 100% cotone organico, <b>riduce l\\u2019insorgenza della TSS<\\/b> (Sindrome da shock tossico) <b>allo 0%<\\/b>?\",\"due\":\"Producendo i nostri prodotti con <b>filiera controllata e in 100% cotone<\\/b>, vogliamo differenziarci: informandoti facendoti per\\u00f2 sentire <b>protetta<\\/b> ed in <b>totale comfort<\\/b>.\"}},\"35\":{\"type\":\"doppia\",\"enabled\":\"1\",\"fields\":{\"uno\":\"La <b>sindrome da shock tossico<\\/b>, anche conosciuta come TSS, \\u00e8 una <b>malattia rara<\\/b> che si pu\\u00f2 verificare <b>utilizzando assorbenti interni di scarsa qualit\\u00e0<\\/b> o con additivi dannosi per le mucose interne.\",\"due\":\"Ricordati di <b>alternare<\\/b>, durante il ciclo, <b>l\\u2019utilizzo di assorbenti interni ed esterni<\\/b> e di <b>cambiare spesso il tuo assorbente interno<\\/b> e <b>utilizza tamponi in 100% cotone organico<\\/b> come i nostri.<br \\/>\"}}}}}', '2017-01-20 17:51:45', '2017-01-20 17:51:45', '4c53b9db-4fd2-4007-a6cc-f30d0e925865'),
 ('64', '6', '5', '1', 'it', '18', '', '{\"typeId\":\"5\",\"authorId\":null,\"title\":\"About\",\"slug\":\"first\",\"postDate\":1484927872,\"expiryDate\":null,\"enabled\":1,\"parentId\":null,\"fields\":{\"18\":{\"32\":{\"type\":\"doppia\",\"enabled\":\"1\",\"fields\":{\"uno\":\"<b>DOT<\\/b> \\u00e8 una linea di <b>prodotti innovativi<\\/b>, dedicati al mondo dell\\u2019<b>igiene femminile<\\/b>, nel periodo del ciclo mestruale.<br \\/> Grazie alla loro formulazione in <b>100% cotone<\\/b> ed ad uno speciale <b>brevetto Combimedica<\\/b>, non solo sono <b>anallergici,<\\/b> ma anche <b>naturalmente antibatterici<\\/b>.\",\"due\":\"<b>DOT<\\/b> \\u00e8 disponibile nei pi\\u00f9 comuni formati: <b>Assorbenti con ali giorno e notte<\\/b>, <b>Salvaslip<\\/b> e <b>Tamponi interni<\\/b>.<br \\/>Diverse varianti, pensate in base <b>grado di assorbenza desiderato<\\/b>; perch\\u00e9 il nostro obiettivo \\u00e8 quello di farti sentire a tuo agio e protetta in modo sicuro e naturale.\"}},\"33\":{\"type\":\"doppia\",\"enabled\":\"1\",\"fields\":{\"uno\":\"Vogliamo rendere un periodo complicato del mese, un po\\u2019 meno pesante:<\\/br>in media una donna passa <b>10 anni<\\/b> della sua vita in compagnia del ciclo mestruale;\",\"due\":\"Si calcola che in un\\u2019intera vita, una donna, possa arrivare ad utilizzare all\\u2019incirca <b>11.000 tamponi<\\/b> e che <br>il numero di cicli che una donna sperimenta mediamente durante la vita ammonta a <b>450<\\/b>.\"}},\"34\":{\"type\":\"doppia\",\"enabled\":\"1\",\"fields\":{\"uno\":\"Lo sapevi che l\\u2019utilizzo di assorbenti interni in 100% cotone organico, <b>riduce l\\u2019insorgenza della TSS<\\/b> (Sindrome da shock tossico) <b>allo 0%<\\/b>?\",\"due\":\"Producendo i nostri prodotti con <b>filiera controllata e in 100% cotone<\\/b>, vogliamo differenziarci: informandoti facendoti per\\u00f2 sentire <b>protetta<\\/b> ed in <b>totale comfort<\\/b>.\"}},\"35\":{\"type\":\"doppia\",\"enabled\":\"1\",\"fields\":{\"uno\":\"La <b>sindrome da shock tossico<\\/b>, anche conosciuta come TSS, \\u00e8 una <b>malattia rara<\\/b> che si pu\\u00f2 verificare <b>utilizzando assorbenti interni di scarsa qualit\\u00e0<\\/b> o con additivi dannosi per le mucose interne.\",\"due\":\"Ricordati di <b>alternare<\\/b>, durante il ciclo, <b>l\\u2019utilizzo di assorbenti interni ed esterni<\\/b> e di <b>cambiare spesso il tuo assorbente interno<\\/b> e <b>utilizza tamponi in 100% cotone organico<\\/b> come i nostri.<br \\/>\"}}}}}', '2017-01-20 17:51:46', '2017-01-20 17:51:46', 'eb0ee12d-689b-4aa2-b7b0-2aba8569d29c'),
 ('65', '6', '5', '1', 'it', '19', '', '{\"typeId\":\"5\",\"authorId\":null,\"title\":\"About\",\"slug\":\"first\",\"postDate\":1484927872,\"expiryDate\":null,\"enabled\":1,\"parentId\":null,\"fields\":{\"18\":{\"32\":{\"type\":\"doppia\",\"enabled\":\"1\",\"fields\":{\"uno\":\"<b>DOT<\\/b> \\u00e8 una linea di <b>prodotti innovativi<\\/b>, dedicati al mondo dell\\u2019<b>igiene femminile<\\/b>, nel periodo del ciclo mestruale.<br \\/> Grazie alla loro formulazione in <b>100% cotone<\\/b> ed ad uno speciale <b>brevetto Combimedica<\\/b>, non solo sono <b>anallergici,<\\/b> ma anche <b>naturalmente antibatterici<\\/b>.\",\"due\":\"<b>DOT<\\/b> \\u00e8 disponibile nei pi\\u00f9 comuni formati: <b>Assorbenti con ali giorno e notte<\\/b>, <b>Salvaslip<\\/b> e <b>Tamponi interni<\\/b>.<br \\/>Diverse varianti, pensate in base <b>grado di assorbenza desiderato<\\/b>; perch\\u00e9 il nostro obiettivo \\u00e8 quello di farti sentire a tuo agio e protetta in modo sicuro e naturale. \"}},\"33\":{\"type\":\"doppia\",\"enabled\":\"1\",\"fields\":{\"uno\":\"Vogliamo rendere un periodo complicato del mese, un po\\u2019 meno pesante:<\\/br>in media una donna passa <b>10 anni<\\/b> della sua vita in compagnia del ciclo mestruale;\",\"due\":\"Si calcola che in un\\u2019intera vita, una donna, possa arrivare ad utilizzare all\\u2019incirca <b>11.000 tamponi<\\/b> e che <br>il numero di cicli che una donna sperimenta mediamente durante la vita ammonta a <b>450<\\/b>.\"}},\"34\":{\"type\":\"doppia\",\"enabled\":\"1\",\"fields\":{\"uno\":\"Lo sapevi che l\\u2019utilizzo di assorbenti interni in 100% cotone organico, <b>riduce l\\u2019insorgenza della TSS<\\/b> (Sindrome da shock tossico) <b>allo 0%<\\/b>?\",\"due\":\"Producendo i nostri prodotti con <b>filiera controllata e in 100% cotone<\\/b>, vogliamo differenziarci: informandoti facendoti per\\u00f2 sentire <b>protetta<\\/b> ed in <b>totale comfort<\\/b>.\"}},\"35\":{\"type\":\"doppia\",\"enabled\":\"1\",\"fields\":{\"uno\":\"La <b>sindrome da shock tossico<\\/b>, anche conosciuta come TSS, \\u00e8 una <b>malattia rara<\\/b> che si pu\\u00f2 verificare <b>utilizzando assorbenti interni di scarsa qualit\\u00e0<\\/b> o con additivi dannosi per le mucose interne.\",\"due\":\"Ricordati di <b>alternare<\\/b>, durante il ciclo, <b>l\\u2019utilizzo di assorbenti interni ed esterni<\\/b> e di <b>cambiare spesso il tuo assorbente interno<\\/b> e <b>utilizza tamponi in 100% cotone organico<\\/b> come i nostri.<br \\/>\"}}}}}', '2017-01-20 17:52:05', '2017-01-20 17:52:05', '5e9f2584-6586-4943-bc60-8a6673abde20'),
 ('66', '6', '5', '1', 'it', '20', '', '{\"typeId\":\"5\",\"authorId\":null,\"title\":\"About\",\"slug\":\"first\",\"postDate\":1484927872,\"expiryDate\":null,\"enabled\":1,\"parentId\":null,\"fields\":{\"18\":{\"32\":{\"type\":\"doppia\",\"enabled\":\"1\",\"fields\":{\"uno\":\"<b>DOT<\\/b> \\u00e8 una linea di <b>prodotti innovativi<\\/b>, dedicati al mondo dell\\u2019<b>igiene femminile<\\/b>, nel periodo del ciclo mestruale.<br \\/> Grazie alla loro formulazione in <b>100% cotone<\\/b> ed ad uno speciale <b>brevetto Combimedica<\\/b>, non solo sono <b>anallergici,<\\/b> ma anche <b>naturalmente antibatterici<\\/b>.\",\"due\":\"<b>DOT<\\/b> \\u00e8 disponibile nei pi\\u00f9 comuni formati: <b>Assorbenti con ali giorno e notte<\\/b>, <b>Salvaslip<\\/b> e <b>Tamponi interni<\\/b>.<br \\/>Diverse varianti, pensate in base <b>grado di assorbenza desiderato<\\/b>; perch\\u00e9 il nostro obiettivo \\u00e8 quello di farti sentire a tuo agio e protetta in modo sicuro e naturale.\"}},\"33\":{\"type\":\"doppia\",\"enabled\":\"1\",\"fields\":{\"uno\":\"Vogliamo rendere un periodo complicato del mese, un po\\u2019 meno pesante:<\\/br>in media una donna passa <b>10 anni<\\/b> della sua vita in compagnia del ciclo mestruale;\",\"due\":\"Si calcola che in un\\u2019intera vita, una donna, possa arrivare ad utilizzare all\\u2019incirca <b>11.000 tamponi<\\/b> e che <br>il numero di cicli che una donna sperimenta mediamente durante la vita ammonta a <b>450<\\/b>.\"}},\"34\":{\"type\":\"doppia\",\"enabled\":\"1\",\"fields\":{\"uno\":\"Lo sapevi che l\\u2019utilizzo di assorbenti interni in 100% cotone organico, <b>riduce l\\u2019insorgenza della TSS<\\/b> (Sindrome da shock tossico) <b>allo 0%<\\/b>?\",\"due\":\"Producendo i nostri prodotti con <b>filiera controllata e in 100% cotone<\\/b>, vogliamo differenziarci: informandoti facendoti per\\u00f2 sentire <b>protetta<\\/b> ed in <b>totale comfort<\\/b>.\"}},\"35\":{\"type\":\"doppia\",\"enabled\":\"1\",\"fields\":{\"uno\":\"La <b>sindrome da shock tossico<\\/b>, anche conosciuta come TSS, \\u00e8 una <b>malattia rara<\\/b> che si pu\\u00f2 verificare <b>utilizzando assorbenti interni di scarsa qualit\\u00e0<\\/b> o con additivi dannosi per le mucose interne.\",\"due\":\"Ricordati di <b>alternare<\\/b>, durante il ciclo, <b>l\\u2019utilizzo di assorbenti interni ed esterni<\\/b> e di <b>cambiare spesso il tuo assorbente interno<\\/b> e <b>utilizza tamponi in 100% cotone organico<\\/b> come i nostri.<br \\/>\"}}}}}', '2017-01-20 17:52:25', '2017-01-20 17:52:25', '58e71700-e5c4-4f1d-9839-ae8daf75773b'),
 ('67', '6', '5', '1', 'it', '21', '', '{\"typeId\":\"5\",\"authorId\":null,\"title\":\"About\",\"slug\":\"first\",\"postDate\":1484927872,\"expiryDate\":null,\"enabled\":1,\"parentId\":null,\"fields\":{\"18\":{\"32\":{\"type\":\"doppia\",\"enabled\":\"1\",\"fields\":{\"uno\":\"<b>DOT<\\/b> \\u00e8 una linea di <b>prodotti innovativi<\\/b>, dedicati al mondo dell\\u2019<b>igiene femminile<\\/b>, nel periodo del ciclo mestruale.<br \\/> Grazie alla loro formulazione in <b>100% cotone<\\/b> ed ad uno speciale <b>brevetto Combimedica<\\/b>, non solo sono <b>anallergici,<\\/b> ma anche <b>naturalmente antibatterici<\\/b>.\",\"due\":\"<b>DOT<\\/b> \\u00e8 disponibile nei pi\\u00f9 comuni formati: <b>Assorbenti con ali giorno e notte<\\/b>, <b>Salvaslip<\\/b> e <b>Tamponi interni<\\/b>.<br \\/>Diverse varianti, pensate in base <b>grado di assorbenza desiderato<\\/b>; perch\\u00e9 il nostro obiettivo \\u00e8 quello di farti sentire a tuo agio e protetta in modo sicuro e naturale.\"}},\"33\":{\"type\":\"doppia\",\"enabled\":\"1\",\"fields\":{\"uno\":\"Vogliamo rendere un periodo complicato del mese, un po\\u2019 meno pesante:<\\/br>in media una donna passa <b>10 anni<\\/b> della sua vita in compagnia del ciclo mestruale;\",\"due\":\"Si calcola che in un\\u2019intera vita, una donna, possa arrivare ad utilizzare all\\u2019incirca <b>11.000 tamponi<\\/b> e che <br>il numero di cicli che una donna sperimenta mediamente durante la vita ammonta a <b>450<\\/b>.\"}},\"34\":{\"type\":\"doppia\",\"enabled\":\"1\",\"fields\":{\"uno\":\"Lo sapevi che l\\u2019utilizzo di assorbenti interni in 100% cotone organico, <b>riduce l\\u2019insorgenza della TSS<\\/b> (Sindrome da shock tossico) <b>allo 0%<\\/b>?\",\"due\":\"Producendo i nostri prodotti con <b>filiera controllata e in 100% cotone<\\/b>, vogliamo differenziarci: informandoti facendoti per\\u00f2 sentire <b>protetta<\\/b> ed in <b>totale comfort<\\/b>.\"}},\"35\":{\"type\":\"doppia\",\"enabled\":\"1\",\"fields\":{\"uno\":\"La <b>sindrome da shock tossico<\\/b>, anche conosciuta come TSS, \\u00e8 una <b>malattia rara<\\/b> che si pu\\u00f2 verificare <b>utilizzando assorbenti interni di scarsa qualit\\u00e0<\\/b> o con additivi dannosi per le mucose interne.\",\"due\":\"Ricordati di <b>alternare<\\/b>, durante il ciclo, <b>l\\u2019utilizzo di assorbenti interni ed esterni<\\/b> e di <b>cambiare spesso il tuo assorbente interno<\\/b> e <b>utilizza tamponi in 100% cotone organico<\\/b> come i nostri.<br \\/>\"}}},\"26\":\"yesss\"}}', '2017-01-20 17:59:56', '2017-01-20 17:59:56', '3e43dcf4-d815-4bdd-802e-461e5380ccde'),
 ('68', '6', '5', '1', 'en', '9', '', '{\"typeId\":\"5\",\"authorId\":null,\"title\":\"About\",\"slug\":\"first\",\"postDate\":1484927872,\"expiryDate\":null,\"enabled\":1,\"parentId\":null,\"fields\":{\"18\":{\"32\":{\"type\":\"doppia\",\"enabled\":\"1\",\"fields\":{\"uno\":\"<b>DOT<\\/b> \\u00e8 una linea di <b>prodotti innovativi<\\/b>, dedicati al mondo dell\\u2019<b>igiene femminile<\\/b>, nel periodo del ciclo mestruale.<br \\/> Grazie alla loro formulazione in <b>100% cotone<\\/b> ed ad uno speciale <b>brevetto Combimedica<\\/b>, non solo sono <b>anallergici,<\\/b> ma anche <b>naturalmente antibatterici<\\/b>.\",\"due\":\"<b>DOT<\\/b> \\u00e8 disponibile nei pi\\u00f9 comuni formati: <b>Assorbenti con ali giorno e notte<\\/b>, <b>Salvaslip<\\/b> e <b>Tamponi interni<\\/b>.<br \\/>Diverse varianti, pensate in base <b>grado di assorbenza desiderato<\\/b>; perch\\u00e9 il nostro obiettivo \\u00e8 quello di farti sentire a tuo agio e protetta in modo sicuro e naturale.\"}},\"33\":{\"type\":\"doppia\",\"enabled\":\"1\",\"fields\":{\"uno\":\"Vogliamo rendere un periodo complicato del mese, un po\\u2019 meno pesante:<\\/br>in media una donna passa <b>10 anni<\\/b> della sua vita in compagnia del ciclo mestruale;\",\"due\":\"Si calcola che in un\\u2019intera vita, una donna, possa arrivare ad utilizzare all\\u2019incirca <b>11.000 tamponi<\\/b> e che <br>il numero di cicli che una donna sperimenta mediamente durante la vita ammonta a <b>450<\\/b>.\"}},\"34\":{\"type\":\"doppia\",\"enabled\":\"1\",\"fields\":{\"uno\":\"Lo sapevi che l\\u2019utilizzo di assorbenti interni in 100% cotone organico, <b>riduce l\\u2019insorgenza della TSS<\\/b> (Sindrome da shock tossico) <b>allo 0%<\\/b>?\",\"due\":\"Producendo i nostri prodotti con <b>filiera controllata e in 100% cotone<\\/b>, vogliamo differenziarci: informandoti facendoti per\\u00f2 sentire <b>protetta<\\/b> ed in <b>totale comfort<\\/b>.\"}},\"35\":{\"type\":\"doppia\",\"enabled\":\"1\",\"fields\":{\"uno\":\"La <b>sindrome da shock tossico<\\/b>, anche conosciuta come TSS, \\u00e8 una <b>malattia rara<\\/b> che si pu\\u00f2 verificare <b>utilizzando assorbenti interni di scarsa qualit\\u00e0<\\/b> o con additivi dannosi per le mucose interne.\",\"due\":\"Ricordati di <b>alternare<\\/b>, durante il ciclo, <b>l\\u2019utilizzo di assorbenti interni ed esterni<\\/b> e di <b>cambiare spesso il tuo assorbente interno<\\/b> e <b>utilizza tamponi in 100% cotone organico<\\/b> come i nostri.<br \\/>\"}}},\"26\":\"inglese\"}}', '2017-01-20 18:00:07', '2017-01-20 18:00:07', '819eea98-956e-457e-9ac1-5e5c8e59b0f1'),
 ('69', '17', '7', '1', 'it', '8', '', '{\"typeId\":\"7\",\"authorId\":null,\"title\":\"Hygenic Pad\",\"slug\":\"esterno\",\"postDate\":1484906709,\"expiryDate\":null,\"enabled\":1,\"parentId\":null,\"fields\":{\"18\":{\"20\":{\"type\":\"singola\",\"enabled\":\"1\",\"fields\":{\"uno\":\"Una linea unica di <b>assorbenti esterni con ali<\\/b> in <b>100% cotone organico<\\/b>, che garantisce comfort e protezione.<br \\/>                             I modelli <b>DOT<\\/b> con ali sia per il <b>giorno<\\/b> che per la <b>notte<\\/b>, si adattano alle diverse esigenze di flusso rispettando il tuo corpo naturalmente.\"}},\"22\":{\"type\":\"singola\",\"enabled\":\"1\",\"fields\":{\"uno\":\"<b>DOT<\\/b> esterno con ali ergonomico, \\u00e8 dotato di barriera Odour-block e di un esclusivo <b>Top-sheet antibatterico brevettato<\\/b>; previene l\\u2019insorgenza delle pi\\u00f9 comuni infezioni batteriche grazie alla composizione <b>naturale e brevettata<\\/b>.\"}},\"23\":{\"type\":\"singola\",\"enabled\":\"1\",\"fields\":{\"uno\":\"Disponibile nelle varianti <b>Regular<\\/b> e <b>Super<\\/b>, rispettivamente per flussi normali e flussi intensi come quelli della notte.<br \\/> Il design con ali garantisce una maggiore protezione per tutto il giorno, cos\\u00ec potrai <b>sentirti pi\\u00f9 sicura e a tuo agio<\\/b> sempre.\"}}},\"26\":\"prova\"}}', '2017-01-20 18:05:27', '2017-01-20 18:05:27', 'f641a15c-55bf-44b8-858c-66c3f024f98f'),
 ('70', '17', '7', '1', 'en', '1', '', '{\"typeId\":\"7\",\"authorId\":null,\"title\":\"Hygenic Pad\",\"slug\":\"esterno\",\"postDate\":1484906709,\"expiryDate\":null,\"enabled\":1,\"parentId\":null,\"fields\":{\"18\":{\"20\":{\"type\":\"singola\",\"enabled\":\"1\",\"fields\":{\"uno\":\"Una linea unica di <b>assorbenti esterni con ali<\\/b> in <b>100% cotone organico<\\/b>, che garantisce comfort e protezione.<br \\/>                             I modelli <b>DOT<\\/b> con ali sia per il <b>giorno<\\/b> che per la <b>notte<\\/b>, si adattano alle diverse esigenze di flusso rispettando il tuo corpo naturalmente.\"}},\"22\":{\"type\":\"singola\",\"enabled\":\"1\",\"fields\":{\"uno\":\"<b>DOT<\\/b> esterno con ali ergonomico, \\u00e8 dotato di barriera Odour-block e di un esclusivo <b>Top-sheet antibatterico brevettato<\\/b>; previene l\\u2019insorgenza delle pi\\u00f9 comuni infezioni batteriche grazie alla composizione <b>naturale e brevettata<\\/b>.\"}},\"23\":{\"type\":\"singola\",\"enabled\":\"1\",\"fields\":{\"uno\":\"Disponibile nelle varianti <b>Regular<\\/b> e <b>Super<\\/b>, rispettivamente per flussi normali e flussi intensi come quelli della notte.<br \\/> Il design con ali garantisce una maggiore protezione per tutto il giorno, cos\\u00ec potrai <b>sentirti pi\\u00f9 sicura e a tuo agio<\\/b> sempre.\"}}},\"26\":\"test\"}}', '2017-01-20 18:06:55', '2017-01-20 18:06:55', 'bdf255b6-8037-4450-a576-d7483d8c8120'),
 ('71', '6', '5', '1', 'en', '10', '', '{\"typeId\":\"5\",\"authorId\":null,\"title\":\"About\",\"slug\":\"first\",\"postDate\":1484935746,\"expiryDate\":null,\"enabled\":1,\"parentId\":null,\"fields\":{\"18\":{\"32\":{\"type\":\"doppia\",\"enabled\":\"1\",\"fields\":{\"uno\":\"<b>DOT<\\/b> is a line of innovative products, dedicated to feminine and hygienic world during the menstrual cycle. Thanks to their <b>100% Cotton<\\/b> formulation and to its special <b>Combimedica patent<\\/b>, they are not only <b>hypoallergenic<\\/b> but also <b>naturally antibacterial<\\/b>\",\"due\":\"<b>DOT is available in the most common formats, these include<\\/b>: Pads with wings for the day, Pads with wings for the night, Pantyliners and Tampons. Every <b>DOT<\\/b> is available in different variants, depending to the desired absorbency degree. That\\u2019s because the aim of every product is to make you feel comfortable and safely protected.\"}},\"33\":{\"type\":\"doppia\",\"enabled\":\"1\",\"fields\":{\"uno\":\"Vogliamo rendere un periodo complicato del mese, un po\\u2019 meno pesante:<\\/br>in media una donna passa <b>10 anni<\\/b> della sua vita in compagnia del ciclo mestruale;\",\"due\":\"Si calcola che in un\\u2019intera vita, una donna, possa arrivare ad utilizzare all\\u2019incirca <b>11.000 tamponi<\\/b> e che <br>il numero di cicli che una donna sperimenta mediamente durante la vita ammonta a <b>450<\\/b>.\"}},\"34\":{\"type\":\"doppia\",\"enabled\":\"1\",\"fields\":{\"uno\":\"Lo sapevi che l\\u2019utilizzo di assorbenti interni in 100% cotone organico, <b>riduce l\\u2019insorgenza della TSS<\\/b> (Sindrome da shock tossico) <b>allo 0%<\\/b>?\",\"due\":\"Producendo i nostri prodotti con <b>filiera controllata e in 100% cotone<\\/b>, vogliamo differenziarci: informandoti facendoti per\\u00f2 sentire <b>protetta<\\/b> ed in <b>totale comfort<\\/b>.\"}},\"35\":{\"type\":\"doppia\",\"enabled\":\"1\",\"fields\":{\"uno\":\"La <b>sindrome da shock tossico<\\/b>, anche conosciuta come TSS, \\u00e8 una <b>malattia rara<\\/b> che si pu\\u00f2 verificare <b>utilizzando assorbenti interni di scarsa qualit\\u00e0<\\/b> o con additivi dannosi per le mucose interne.\",\"due\":\"Ricordati di <b>alternare<\\/b>, durante il ciclo, <b>l\\u2019utilizzo di assorbenti interni ed esterni<\\/b> e di <b>cambiare spesso il tuo assorbente interno<\\/b> e <b>utilizza tamponi in 100% cotone organico<\\/b> come i nostri.<br \\/>\"}}}}}', '2017-01-20 18:11:56', '2017-01-20 18:11:56', 'fd5558a2-dffe-45fe-ace5-dcdef7f2a1ad'),
 ('72', '6', '5', '1', 'en', '11', '', '{\"typeId\":\"5\",\"authorId\":null,\"title\":\"About\",\"slug\":\"first\",\"postDate\":1484935746,\"expiryDate\":null,\"enabled\":1,\"parentId\":null,\"fields\":{\"18\":{\"32\":{\"type\":\"doppia\",\"enabled\":\"1\",\"fields\":{\"uno\":\"<b>DOT<\\/b> is a line of innovative products, dedicated to feminine and hygienic world during the menstrual cycle. Thanks to their <b>100% Cotton<\\/b> formulation and to its special <b>Combimedica patent<\\/b>, they are not only <b>hypoallergenic<\\/b> but also <b>naturally antibacterial<\\/b>\",\"due\":\"<b>DOT is available in the most common formats, these include<\\/b>: Pads with wings for the day, Pads with wings for the night, Pantyliners and Tampons. Every <b>DOT<\\/b> is available in different variants, depending to the desired absorbency degree. That\\u2019s because the aim of every product is to make you feel comfortable and safely protected.\"}},\"33\":{\"type\":\"doppia\",\"enabled\":\"1\",\"fields\":{\"uno\":\"We are trying to turn a complicated period of the month into something <b>less heavy<\\/b>. On average, Women spend <b>10 years<\\/b> having periods in their lifetime;\",\"due\":\"The average woman will use nearly <b>11\\u2019000 tampons<\\/b> over her lifetime; Women will experience about <b>450 periods<\\/b> over their lifetime. \"}},\"34\":{\"type\":\"doppia\",\"enabled\":\"1\",\"fields\":{\"uno\":\"Did you know that the use of <b>100% Organic Cotton Tampons <\\/b>, reduces the occurrence of TSS (Toxic Shock Syndrome) to <b>0%<\\/b>? \",\"due\":\"Producing our products with channelled system and in <b>100%<\\/b> cotton, we want to differentiate ourselves informing you and making you feel protected, in complete comfort.\"}},\"35\":{\"type\":\"doppia\",\"enabled\":\"1\",\"fields\":{\"uno\":\"The occurrence of the <b>Menstrual TSS Syndrome<\\/b> may occurr while using poor quality Tampons or Tampons with harmful additives for the internal mucous. \",\"due\":\"Remember preferably to alternate, during the Menstrual cycle, the use of Internal and external Pads and to frequently change your Tampons using <b>100% Organic Cotton Tampons<\\/b> like our <b>DOT<\\/b>.\"}}}}}', '2017-01-20 18:38:46', '2017-01-20 18:38:46', '2d08befd-ee02-44c3-97af-0db006929ff2'),
 ('73', '6', '5', '1', 'en', '12', '', '{\"typeId\":\"5\",\"authorId\":null,\"title\":\"About\",\"slug\":\"first\",\"postDate\":1484935746,\"expiryDate\":null,\"enabled\":1,\"parentId\":null,\"fields\":{\"18\":{\"32\":{\"type\":\"doppia\",\"enabled\":\"1\",\"fields\":{\"uno\":\"<b>DOT<\\/b> is a line of innovative products, dedicated to feminine and hygienic world during the menstrual cycle. Thanks to their <b>100% Cotton<\\/b> formulation and to its special <b>Combimedica patent<\\/b>, they are not only <b>hypoallergenic<\\/b> but also <b>naturally antibacterial<\\/b>\",\"due\":\"<b>DOT is available in the most common formats, these include<\\/b>: Pads with wings for the day, Pads with wings for the night, Pantyliners and Tampons. Every <b>DOT<\\/b> is available in different variants, depending to the desired absorbency degree. That\\u2019s because the aim of every product is to make you feel comfortable and safely protected.\"}},\"33\":{\"type\":\"doppia\",\"enabled\":\"1\",\"fields\":{\"uno\":\"We are trying to turn a complicated period of the month into something <b>less heavy<\\/b>. On average, Women spend <b>10 years<\\/b> having periods in their lifetime;\",\"due\":\"The average woman will use nearly <b>11\\u2019000 tampons<\\/b> over her lifetime; Women will experience about <b>450 periods<\\/b> over their lifetime. \"}},\"34\":{\"type\":\"doppia\",\"enabled\":\"1\",\"fields\":{\"uno\":\"Did you know that the use of <b>100% Organic Cotton Tampons <\\/b>, reduces the occurrence of TSS (Toxic Shock Syndrome) to <b>0%<\\/b>? \",\"due\":\"Producing our products with channelled system and in <b>100%<\\/b> cotton, we want to differentiate ourselves informing you and making you feel protected, in complete comfort.\"}},\"35\":{\"type\":\"doppia\",\"enabled\":\"1\",\"fields\":{\"uno\":\"The occurrence of the <b>Menstrual TSS Syndrome<\\/b> may occurr while using poor quality Tampons or Tampons with harmful additives for the internal mucous. \",\"due\":\"Remember preferably to alternate, during the Menstrual cycle, the use of Internal and external Pads and to frequently change your Tampons using <b>100% Organic Cotton Tampons<\\/b> like our <b>DOT<\\/b>.\"}}}}}', '2017-01-20 18:55:21', '2017-01-20 18:55:21', '12f3f28d-18ba-4f0c-96d3-ba2001ee15fe'),
 ('74', '17', '7', '1', 'it', '9', '', '{\"typeId\":\"7\",\"authorId\":null,\"title\":\"Hygenic Pad\",\"slug\":\"esterno\",\"postDate\":1484937274,\"expiryDate\":null,\"enabled\":1,\"parentId\":null,\"fields\":{\"18\":{\"20\":{\"type\":\"singola\",\"enabled\":\"1\",\"fields\":{\"uno\":\"Una linea unica di <b>assorbenti esterni con ali<\\/b> in <b>100% cotone<\\/b>, che garantisce comfort e protezione.<br \\/>                             I modelli <b>DOT<\\/b> con ali sia per il <b>giorno<\\/b> che per la <b>notte<\\/b>, si adattano alle diverse esigenze di flusso rispettando il tuo corpo naturalmente.\"}},\"22\":{\"type\":\"singola\",\"enabled\":\"1\",\"fields\":{\"uno\":\"<b>DOT<\\/b> esterno con ali ergonomico, \\u00e8 dotato di barriera Odour-block e di un esclusivo <b>Top-sheet antibatterico brevettato<\\/b>; previene l\\u2019insorgenza delle pi\\u00f9 comuni infezioni batteriche grazie alla composizione <b>naturale e brevettata<\\/b>.\"}},\"23\":{\"type\":\"singola\",\"enabled\":\"1\",\"fields\":{\"uno\":\"Disponibile nelle varianti <b>Regular<\\/b> e <b>Super<\\/b>, rispettivamente per flussi normali e flussi intensi come quelli della notte.<br \\/> Il design con ali garantisce una maggiore protezione per tutto il giorno, cos\\u00ec potrai <b>sentirti pi\\u00f9 sicura e a tuo agio<\\/b> sempre.\"}}}}}', '2017-01-23 10:22:17', '2017-01-23 10:22:17', 'dd9fa97e-cb6a-4aac-a796-5d50f0c4ee08'),
 ('75', '17', '7', '1', 'en', '2', '', '{\"typeId\":\"7\",\"authorId\":null,\"title\":\"Hygenic Pad\",\"slug\":\"esterno\",\"postDate\":1484937274,\"expiryDate\":null,\"enabled\":1,\"parentId\":null,\"fields\":{\"18\":{\"51\":{\"type\":\"singola\",\"enabled\":\"1\",\"fields\":{\"uno\":\"A unique line of Pads with wings made in <b>100% cotton<\\/b> that guarantees comfort and protection. <b>DOT\\u2019s<\\/b> models with wings whether for the day or the night, are adaptable to different flows needs, taking care of your body <b>naturally<\\/b>.\"}},\"52\":{\"type\":\"singola\",\"enabled\":\"1\",\"fields\":{\"uno\":\"<b>DOT<\\/b> is an unique pad of its kind. <b>Ergonomically<\\/b> designed with the <b>Odour-block barrier<\\/b> and the exclusive patented <b>antibacterial Top-sheet<\\/b>, it prevents the occurrence of the most common bacterial infections thanks to the natural and patented composition. \"}},\"53\":{\"type\":\"singola\",\"enabled\":\"1\",\"fields\":{\"uno\":\"An innovative line of products for the <b>feminine hygiene<\\/b>, available in the <b>Regular<\\/b> and <b>Ultra<\\/b> variants, respectively for a normal and intense flows like those at night. The <b>revolutionary design<\\/b> with wings guarantees greater protection, so you can stay confident at any time.\"}}}}}', '2017-01-23 14:02:28', '2017-01-23 14:02:28', 'd4fae9a1-19ec-4312-a706-98fff6da8f73'),
 ('76', '17', '7', '1', 'it', '10', '', '{\"typeId\":\"7\",\"authorId\":null,\"title\":\"Hygenic Pad\",\"slug\":\"esterno\",\"postDate\":1484937274,\"expiryDate\":null,\"enabled\":1,\"parentId\":null,\"fields\":{\"18\":{\"20\":{\"type\":\"singola\",\"enabled\":\"1\",\"fields\":{\"uno\":\"Una linea unica di <b>assorbenti esterni con ali<\\/b> in <b>100% cotone<\\/b>, che garantisce comfort e protezione.<br \\/>I modelli <b>DOT<\\/b> con ali sia per il <b>giorno<\\/b> che per la <b>notte<\\/b>, si adattano alle diverse esigenze di flusso rispettando il tuo corpo naturalmente.\"}},\"22\":{\"type\":\"singola\",\"enabled\":\"1\",\"fields\":{\"uno\":\"<b>DOT<\\/b> esterno con ali ergonomico, \\u00e8 dotato di barriera Odour-block e di un esclusivo <b>Top-sheet antibatterico brevettato<\\/b>; previene l\\u2019insorgenza delle pi\\u00f9 comuni infezioni batteriche grazie alla composizione <b>naturale e brevettata<\\/b>.\"}},\"23\":{\"type\":\"singola\",\"enabled\":\"1\",\"fields\":{\"uno\":\"Disponibile nelle varianti <b>Regular<\\/b> e <b>Super<\\/b>, rispettivamente per flussi normali e flussi intensi come quelli della notte.<br \\/> Il design con ali garantisce una maggiore protezione per tutto il giorno, cos\\u00ec potrai <b>sentirti pi\\u00f9 sicura e a tuo agio<\\/b> sempre.\"}}}}}', '2017-01-23 14:02:43', '2017-01-23 14:02:43', 'bcebeca2-0b5d-4a59-9a79-c2a57b145fc1'),
 ('77', '24', '8', '1', 'it', '3', '', '{\"typeId\":\"8\",\"authorId\":null,\"title\":\"Panty Liner\",\"slug\":\"panty-liner\",\"postDate\":1484937279,\"expiryDate\":null,\"enabled\":1,\"parentId\":null,\"fields\":{\"18\":{\"25\":{\"type\":\"singola\",\"enabled\":\"1\",\"fields\":{\"uno\":\"<b>DOT Pantyliners in 100% cotton<\\/b> offer you all the protection and the comfort that you need. Their <b>transpiring formula<\\/b> gently takes care of your skin, making you feel better everyday, all day long.\"}},\"26\":{\"type\":\"singola\",\"enabled\":\"1\",\"fields\":{\"uno\":\"<b>DOT<\\/b> Pantyliners are <b>totally transpirant<\\/b>; they\\u2019re able to give you a pleasant sense of dry skin and freshness guaranteeing an <b>high comfort<\\/b> even after a long period.\"}},\"27\":{\"type\":\"singola\",\"enabled\":\"1\",\"fields\":{\"uno\":\"An innovative line of products for the feminine hygiene, available in the <b>Soft<\\/b> variant. An <b>extra-protection<\\/b> to feel more comfortable with yourself and with anyone else.\"}}}}}', '2017-01-23 14:04:56', '2017-01-23 14:04:56', '75dccde4-4de8-493f-b545-da491640ea1d'),
 ('78', '24', '8', '1', 'it', '4', 'Versione ripristinata 2.', '{\"typeId\":null,\"authorId\":null,\"title\":\"Panty Liner\",\"slug\":\"panty-liner\",\"postDate\":1484907174,\"expiryDate\":null,\"enabled\":1,\"parentId\":null,\"fields\":{\"18\":{\"new1\":{\"type\":\"singola\",\"enabled\":\"1\",\"fields\":{\"uno\":\"<b>DOT<\\/b> proteggi slip in <b>100% cotone<\\/b> ti offre tutta la protezione e il comfort che cerchi.<br \\/>La sua <b>formula traspirante<\\/b> si prende cura delicatamente della tua pelle, facendoti sentire al meglio tutto il giorno, ogni giorno.\"}},\"new2\":{\"type\":\"singola\",\"enabled\":\"1\",\"fields\":{\"uno\":\"Il salvaslip <b>DOT<\\/b> sono traspiranti e donano una sensazione di <b>freschezza<\\/b> e <b>asciutto<\\/b> garantendo un <b>elevato comfort<\\/b> anche dopo un lungo periodo.<br \\/>\"}},\"new3\":{\"type\":\"singola\",\"enabled\":\"1\",\"fields\":{\"uno\":\"Un\\u2019innovativa linea di prodotti per l\\u2019igiene femminile, disponibile nella variante <b>Soft<\\/b>.<br \\/>Un\\u2019 <b>extra-protezione<\\/b> per sentirti pi\\u00f9 <b>sicura<\\/b> con te stessa ed in mezzo agli altri.\"}}}}}', '2017-01-23 14:05:10', '2017-01-23 14:05:10', '45f7361a-bb68-470e-b6c4-f67ccbf0a439'),
 ('79', '24', '8', '1', 'en', '1', '', '{\"typeId\":\"8\",\"authorId\":null,\"title\":\"Panty Liner\",\"slug\":\"panty-liner\",\"postDate\":1484937279,\"expiryDate\":null,\"enabled\":1,\"parentId\":null,\"fields\":{\"18\":{\"new1\":{\"type\":\"singola\",\"enabled\":\"1\",\"fields\":{\"uno\":\"<b>DOT Pantyliners in 100% cotton<\\/b> offer you all the protection and the comfort that you need. Their <b>transpiring formula<\\/b> gently takes care of your skin, making you feel better everyday, all day long.\"}},\"new2\":{\"type\":\"singola\",\"enabled\":\"1\",\"fields\":{\"uno\":\"<b>DOT<\\/b> Pantyliners are <b>totally transpirant<\\/b>; they\\u2019re able to give you a pleasant sense of dry skin and freshness guaranteeing an <b>high comfort<\\/b> even after a long period.\"}},\"new3\":{\"type\":\"singola\",\"enabled\":\"1\",\"fields\":{\"uno\":\"An innovative line of products for the feminine hygiene, available in the <b>Soft<\\/b> variant. An <b>extra-protection<\\/b> to feel more comfortable with yourself and with anyone else.\"}}}}}', '2017-01-23 14:05:33', '2017-01-23 14:05:33', '4cb671ac-b224-4bd1-b452-23f94697607f'),
 ('80', '37', '11', '1', 'en', '1', '', '{\"typeId\":\"11\",\"authorId\":null,\"title\":\"Contact\",\"slug\":\"contact\",\"postDate\":1485180405,\"expiryDate\":null,\"enabled\":1,\"parentId\":null,\"fields\":{\"45\":\"Contact us to have more informations about our products and to receive a home visit from one of our special retailers. <b>Dot<\\/b>, by choice, is not available retail in GDO or in pharmacies: it is <b>distributed only by us<\\/b> and with our <b>subscription formula<\\/b>.\"}}', '2017-01-23 14:07:41', '2017-01-23 14:07:41', '1fdbfa19-7c83-47f5-a4b3-e468a3dec3d3'),
 ('81', '37', '11', '1', 'it', '2', '', '{\"typeId\":\"11\",\"authorId\":null,\"title\":\"Contact\",\"slug\":\"contact\",\"postDate\":1485180405,\"expiryDate\":null,\"enabled\":1,\"parentId\":null,\"fields\":{\"45\":\"Contattaci per <b>ulteriori informazioni<\\/b> sui i nostri prodotti e ricevere una visita a casa da parte di uno dei <b>nostri venditori<\\/b>. DOT, per scelta, non si trova in commercio in GDO o nelle farmacie: viene distribuito solo da noi ed in formula abbonamento.\"}}', '2017-01-23 14:09:41', '2017-01-23 14:09:41', '77059999-6a7b-4313-963f-a2a8f5512383'),
 ('82', '37', '11', '1', 'it', '3', '', '{\"typeId\":\"11\",\"authorId\":null,\"title\":\"Contatta dot\",\"slug\":\"contact\",\"postDate\":1485180405,\"expiryDate\":null,\"enabled\":1,\"parentId\":null,\"fields\":{\"45\":\"Contattaci per <b>ulteriori informazioni<\\/b> sui i nostri prodotti e ricevere una visita a casa da parte di uno dei <b>nostri venditori<\\/b>. DOT, per scelta, non si trova in commercio in GDO o nelle farmacie: viene distribuito solo da noi ed in formula abbonamento.\"}}', '2017-01-23 14:23:55', '2017-01-23 14:23:55', '78725204-4cf7-4104-8f08-dc2feebc246b'),
 ('83', '37', '11', '1', 'en', '2', '', '{\"typeId\":\"11\",\"authorId\":null,\"title\":\"Contact dot\",\"slug\":\"contact\",\"postDate\":1485180405,\"expiryDate\":null,\"enabled\":1,\"parentId\":null,\"fields\":{\"45\":\"Contattaci per <b>ulteriori informazioni<\\/b> sui i nostri prodotti e ricevere una visita a casa da parte di uno dei <b>nostri venditori<\\/b>. DOT, per scelta, non si trova in commercio in GDO o nelle farmacie: viene distribuito solo da noi ed in formula abbonamento.\"}}', '2017-01-23 14:24:03', '2017-01-23 14:24:03', '47bc1d8c-9eba-4e06-9159-1b2db7b59f8d'),
 ('84', '37', '11', '1', 'en', '3', '', '{\"typeId\":\"11\",\"authorId\":null,\"title\":\"Contact <b>dot<\\/b>\",\"slug\":\"contact\",\"postDate\":1485180405,\"expiryDate\":null,\"enabled\":1,\"parentId\":null,\"fields\":{\"45\":\"Contattaci per <b>ulteriori informazioni<\\/b> sui i nostri prodotti e ricevere una visita a casa da parte di uno dei <b>nostri venditori<\\/b>. DOT, per scelta, non si trova in commercio in GDO o nelle farmacie: viene distribuito solo da noi ed in formula abbonamento.\"}}', '2017-01-23 14:25:02', '2017-01-23 14:25:02', 'd10407c7-f678-43fe-ba2a-0157408ba66c'),
 ('85', '37', '11', '1', 'it', '4', '', '{\"typeId\":\"11\",\"authorId\":null,\"title\":\"Contatta <b>dot<\\/b>\",\"slug\":\"contact\",\"postDate\":1485180405,\"expiryDate\":null,\"enabled\":1,\"parentId\":null,\"fields\":{\"45\":\"Contattaci per <b>ulteriori informazioni<\\/b> sui i nostri prodotti e ricevere una visita a casa da parte di uno dei <b>nostri venditori<\\/b>. DOT, per scelta, non si trova in commercio in GDO o nelle farmacie: viene distribuito solo da noi ed in formula abbonamento.\"}}', '2017-01-23 14:25:13', '2017-01-23 14:25:13', '0dc039ca-05e4-444c-957e-8ce730c3b962'),
 ('86', '37', '11', '1', 'en', '4', '', '{\"typeId\":\"11\",\"authorId\":null,\"title\":\"Contact <b>dot<\\/b>\",\"slug\":\"contact\",\"postDate\":1485180405,\"expiryDate\":null,\"enabled\":1,\"parentId\":null,\"fields\":{\"45\":\"Contact us to have more informations about our products and to receive a home visit from one of our special retailers. <b>Dot<\\/b>, by choice, is not available retail in GDO or in pharmacies: it is <b>distributed only by us<\\/b> and with our <b>subscription formula<\\/b>.\"}}', '2017-01-23 14:34:42', '2017-01-23 14:34:42', '31aeadee-8498-46af-8745-e9db21b66f02'),
 ('87', '37', '11', '1', 'it', '5', '', '{\"typeId\":\"11\",\"authorId\":null,\"title\":\"Contatta <b>dot<\\/b>\",\"slug\":\"contact\",\"postDate\":1485180405,\"expiryDate\":null,\"enabled\":1,\"parentId\":null,\"fields\":{\"45\":\"Contattaci per <b>ulteriori informazioni<\\/b> sui i nostri prodotti e ricevere una visita a casa da parte di uno dei nostri venditori. DOT, per scelta, non si trova in commercio in GDO o nelle farmacie: viene distribuito solo da noi ed in formula abbonamento.\"}}', '2017-01-23 14:38:43', '2017-01-23 14:38:43', '37f07d09-55e5-4b95-9cff-dac2f97ea4ce'),
 ('88', '37', '11', '1', 'it', '6', '', '{\"typeId\":\"11\",\"authorId\":null,\"title\":\"Contatta <b>dot<\\/b>\",\"slug\":\"contact\",\"postDate\":1485180405,\"expiryDate\":null,\"enabled\":1,\"parentId\":null,\"fields\":{\"45\":\"Contattaci per <b>ulteriori informazioni<\\/b> sui i nostri prodotti e ricevere una visita a casa da parte di uno dei <b>nostri venditori<\\/b>. DOT, per scelta, non si trova in commercio in GDO o nelle farmacie: viene distribuito solo da noi ed in formula abbonamento.\"}}', '2017-01-23 14:38:59', '2017-01-23 14:38:59', 'db79325b-1107-412e-bc36-971cfdd2a4ef'),
 ('89', '37', '11', '1', 'en', '5', '', '{\"typeId\":\"11\",\"authorId\":null,\"title\":\"Contact <b>dot<\\/b>\",\"slug\":\"contact\",\"postDate\":1485180405,\"expiryDate\":null,\"enabled\":1,\"parentId\":null,\"fields\":{\"45\":\"Contact us to have more informations about our products and to receive a home visit from one of our special retailers. <b>Dot<\\/b>, by choice, is not available retail in GDO or in pharmacies: it is <b>distributed only by us<\\/b> and with our <b>subscription formula<\\/b>.\"}}', '2017-01-23 14:39:52', '2017-01-23 14:39:52', 'f01add99-79f9-4078-8af4-1deb5d6bb459'),
 ('90', '37', '11', '1', 'it', '7', '', '{\"typeId\":\"11\",\"authorId\":null,\"title\":\"Contatta <b>dot<\\/b>\",\"slug\":\"contact\",\"postDate\":1485180405,\"expiryDate\":null,\"enabled\":1,\"parentId\":null,\"fields\":{\"45\":\" Siamo qui proprio per ogni cosa. Chiamaci oppure compila e invia qualsiasi tuo dubbio, domanda e curiosit\\u00e0. Promettiamo di rispondere al pi\\u00f9 presto!\"}}', '2017-05-09 10:58:16', '2017-05-09 10:58:16', 'bb74ed90-00ad-48e0-b6af-73084328314d'),
 ('91', '37', '11', '1', 'it', '8', '', '{\"typeId\":\"11\",\"authorId\":null,\"title\":\"Contatta <b>dot<\\/b>\",\"slug\":\"contact\",\"postDate\":1485180405,\"expiryDate\":null,\"enabled\":1,\"parentId\":null,\"fields\":{\"45\":\" Siamo qui proprio per ogni cosa. Chiamaci oppure compila e invia qualsiasi tuo dubbio, domanda e curiosit\\u00e0. Promettiamo di rispondere al pi\\u00f9 presto!\"}}', '2017-05-09 10:58:16', '2017-05-09 10:58:16', '02ae4e70-1b0c-418e-97a1-220d7f3d9498'),
 ('92', '37', '11', '1', 'it', '9', '', '{\"typeId\":\"11\",\"authorId\":null,\"title\":\"Contatta <b>dot<\\/b>\",\"slug\":\"contact\",\"postDate\":1485180405,\"expiryDate\":null,\"enabled\":1,\"parentId\":null,\"fields\":{\"45\":\" Siamo qui proprio per ogni cosa. Chiamaci oppure compila e invia qualsiasi tuo dubbio, domanda e curiosit\\u00e0. Promettiamo di rispondere al pi\\u00f9 presto! <br> <a target=\\\"_blank\\\" href=\\\"http:\\/\\/shop.stopthedot.com\\/contatti\\\">Contattaci<\\/a>\"}}', '2017-05-09 10:59:08', '2017-05-09 10:59:08', '89284554-3ff1-400f-ad22-974daa79cef7'),
 ('93', '37', '11', '1', 'it', '10', '', '{\"typeId\":\"11\",\"authorId\":null,\"title\":\"Contatta <b>dot<\\/b>\",\"slug\":\"contact\",\"postDate\":1485180405,\"expiryDate\":null,\"enabled\":1,\"parentId\":null,\"fields\":{\"45\":\" Siamo qui proprio per ogni cosa. Chiamaci oppure compila e invia qualsiasi tuo dubbio, domanda e curiosit\\u00e0. Promettiamo di rispondere al pi\\u00f9 presto! <br> <a target=\\\"_blank\\\" href=\\\"http:\\/\\/shop.stopthedot.com\\/contatti\\\">Contattaci<\\/a>\"}}', '2017-05-09 11:00:30', '2017-05-09 11:00:30', '90cb1e0c-08fd-462d-8b3e-7f7aa2caefcc'),
 ('94', '37', '11', '1', 'it', '11', '', '{\"typeId\":\"11\",\"authorId\":null,\"title\":\"Contatta <b>dot<\\/b>\",\"slug\":\"contact\",\"postDate\":1485180405,\"expiryDate\":null,\"enabled\":1,\"parentId\":null,\"fields\":{\"45\":\" Siamo qui proprio per ogni cosa. <br>Chiamaci oppure compila e invia qualsiasi tuo dubbio, domanda e curiosit\\u00e0.<br> Promettiamo di rispondere al pi\\u00f9 presto! <br>\"}}', '2017-05-09 11:01:31', '2017-05-09 11:01:31', 'c4a9e0c5-cee1-4626-83dd-67d508d454d4'),
 ('95', '37', '11', '1', 'it', '12', '', '{\"typeId\":\"11\",\"authorId\":null,\"title\":\"Contatta <b>dot<\\/b>\",\"slug\":\"contact\",\"postDate\":1485180405,\"expiryDate\":null,\"enabled\":1,\"parentId\":null,\"fields\":{\"45\":\" Siamo qui proprio per ogni cosa.<\\/br> Chiamaci oppure contattaci <a target=\\\"_blank\\\" href=\\\"http:\\/\\/shop.stopthedot.com\\/contatti\\\">qui<\\/a><\\/br> per qualsiasi tuo dubbio, domanda e curiosit\\u00e0.<\\/br> Promettiamo di rispondere al pi\\u00f9 presto!\"}}', '2017-05-09 12:58:26', '2017-05-09 12:58:26', 'b4b15283-fba8-42bf-9b44-03418e4a5de6'),
 ('96', '37', '11', '1', 'it', '13', '', '{\"typeId\":\"11\",\"authorId\":null,\"title\":\"Contatta <b>dot<\\/b>\",\"slug\":\"contact\",\"postDate\":1485180405,\"expiryDate\":null,\"enabled\":1,\"parentId\":null,\"fields\":{\"45\":\" Siamo qui proprio per ogni cosa.<\\/br><\\/br> Chiamaci oppure contattaci <a target=\\\"_blank\\\" href=\\\"http:\\/\\/shop.stopthedot.com\\/contatti\\\">qui<\\/a><\\/br> per qualsiasi tuo dubbio, domanda e curiosit\\u00e0.<\\/br><\\/br> Promettiamo di rispondere al pi\\u00f9 presto!\"}}', '2017-05-09 13:02:16', '2017-05-09 13:02:16', 'd9f39c8b-503a-4932-b50b-e877624cefe3'),
 ('97', '37', '11', '1', 'it', '14', '', '{\"typeId\":\"11\",\"authorId\":null,\"title\":\"Contatta <b>dot<\\/b>\",\"slug\":\"contact\",\"postDate\":1485180405,\"expiryDate\":null,\"enabled\":1,\"parentId\":null,\"fields\":{\"45\":\" Siamo qui proprio per ogni cosa.<\\/br><\\/br> <b>Chiamaci<\\/b> oppure contattaci <b><a target=\\\"_blank\\\" href=\\\"http:\\/\\/shop.stopthedot.com\\/contatti\\\">qui<\\/a><\\/b><\\/br> per qualsiasi tuo dubbio, domanda e curiosit\\u00e0.<\\/br><\\/br> <b>Promettiamo di rispondere al pi\\u00f9 presto!<\\/b>\"}}', '2017-05-09 13:03:30', '2017-05-09 13:03:30', 'fb1c2e2e-fd34-4afe-b9b3-a1533e4ec277'),
 ('98', '65', '12', '1', 'it', '1', NULL, '{\"typeId\":\"12\",\"authorId\":null,\"title\":\"Night Pads\",\"slug\":\"night-pads\",\"postDate\":1505383489,\"expiryDate\":null,\"enabled\":1,\"parentId\":null,\"fields\":[]}', '2017-09-14 10:04:49', '2017-09-14 10:04:49', '90c02b99-f4ac-47ad-961e-cc464244a97c'),
 ('99', '65', '12', '1', 'it', '2', '', '{\"typeId\":\"12\",\"authorId\":null,\"title\":\"Assorbenti Notte\",\"slug\":\"night-pads\",\"postDate\":1505383503,\"expiryDate\":null,\"enabled\":1,\"parentId\":null,\"fields\":[]}', '2017-09-14 10:18:06', '2017-09-14 10:18:06', '130d058e-ad49-4988-b15d-48c6f39b3465'),
 ('100', '65', '12', '1', 'it', '3', '', '{\"typeId\":\"12\",\"authorId\":null,\"title\":\"Night Pads\",\"slug\":\"night-pads\",\"postDate\":1505383503,\"expiryDate\":null,\"enabled\":1,\"parentId\":null,\"fields\":{\"18\":{\"new1\":{\"type\":\"singola\",\"enabled\":\"1\",\"fields\":{\"uno\":\"\"}}}}}', '2017-09-14 10:20:27', '2017-09-14 10:20:27', 'fb3a31a7-9d31-4304-bb5b-44ae393f8b6b'),
 ('101', '65', '12', '1', 'it', '4', '', '{\"typeId\":\"12\",\"authorId\":null,\"title\":\"Night Pads\",\"slug\":\"night-pads\",\"postDate\":1505383503,\"expiryDate\":null,\"enabled\":1,\"parentId\":null,\"fields\":{\"18\":{\"66\":{\"type\":\"singola\",\"enabled\":\"1\",\"fields\":{\"uno\":\"\"}},\"new1\":{\"type\":\"singola\",\"enabled\":\"1\",\"fields\":{\"uno\":\"\"}},\"new2\":{\"type\":\"singola\",\"enabled\":\"1\",\"fields\":{\"uno\":\"\"}}}}}', '2017-09-14 10:20:40', '2017-09-14 10:20:40', 'f5a5a11b-c13b-424d-a42a-7e896e4fb9f6'),
 ('102', '65', '12', '1', 'it', '5', '', '{\"typeId\":\"12\",\"authorId\":null,\"title\":\"Night Pads\",\"slug\":\"night-pads\",\"postDate\":1505383503,\"expiryDate\":null,\"enabled\":1,\"parentId\":null,\"fields\":{\"18\":{\"66\":{\"type\":\"singola\",\"enabled\":\"1\",\"fields\":{\"uno\":\"La linea <b>DOT Sanity<\\/b> garantisce la massima vestibilita\\u0300, comfort e sicurezza grazie alle dimensioni compatte e alla sagoma anatomica. Pensati per i <b>flussi piu\\u0300 abbondanti<\\/b>, i modelli DOT Sanity <b>100% cotone<\\/b> offrono discrezione e protezione sia durante il <b>giorno<\\/b> che durante la <b>notte<\\/b>.\"}},\"67\":{\"type\":\"singola\",\"enabled\":\"1\",\"fields\":{\"uno\":\"I prodotti <b>DOT Sanity<\\/b> sono dotati di barriera <b>Odour-block<\\/b> e di un esclusivo <b>Top sheet antibatterico<\\/ b> brevettato; prevengono l\\u2019insorgenza delle piu\\u0300 comuni infezioni batteriche grazie alla <b>composizione naturale<\\/b> e brevettata.\"}},\"68\":{\"type\":\"singola\",\"enabled\":\"1\",\"fields\":{\"uno\":\"Un\\u2019innovativa linea in <b>100% cotone<\\/b> disponibile nelle varianti <b>Normal<\\/b>, <b>Super<\\/b> ed <b>Extra<\\/b>, per ogni esigenza di flusso. Il <b>design<\\/b> garantisce un\\u2019<b>extra assorbenza<\\/b>, protezione attiva e comfort, adattandosi alla propria anatomia del corpo.\"}}}}}', '2017-09-14 10:21:51', '2017-09-14 10:21:51', '6c6bf567-e5fc-4492-8cb7-6ea90bcbba2b'),
 ('103', '65', '12', '1', 'en', '1', '', '{\"typeId\":\"12\",\"authorId\":null,\"title\":\"Night Pads\",\"slug\":\"night-pads\",\"postDate\":1505383503,\"expiryDate\":null,\"enabled\":1,\"parentId\":null,\"fields\":{\"18\":{\"new1\":{\"type\":\"singola\",\"enabled\":\"1\",\"fields\":{\"uno\":\"<b>DOT Sanity<\\/b>, ensures maximum wearability, comfort and safety thanks to its compact size and to the anatomical shape. Designed for the most <b>generous flows<\\/b>, DOT Sanity <b>100% cotton<\\/b> offers discretion and protection whether for the <b>day<\\/b> or the <b>night<\\/b>.\"}},\"new2\":{\"type\":\"singola\",\"enabled\":\"1\",\"fields\":{\"uno\":\"<b>DOT Sanity<\\/b> products, are equipped with the <b>Odour-block barrier<\\/b> and the exclusive patented <b>antibacterial Top-sheet<\\/b> that prevents the occurrence of the most common bacterial infections thanks to the <b>natural and patented composition<\\/b>.\"}},\"new3\":{\"type\":\"singola\",\"enabled\":\"1\",\"fields\":{\"uno\":\"An innovative new line <b>100% cotton<\\/b>, available in the <b>Normal<\\/b>, <b>Super<\\/b> and <b>Extra<\\/b> variants, for every flow needs. The <b>design<\\/b> ensures comfort, <b>extra absorbency<\\/ b> and an active protection, adapting to the own body anatomy.\"}}}}}', '2017-09-14 10:22:13', '2017-09-14 10:22:13', 'a256173f-3066-40c6-af1d-b9dc5d6f4161'),
 ('104', '72', '13', '1', 'it', '1', NULL, '{\"typeId\":\"13\",\"authorId\":null,\"title\":\"Tss\",\"slug\":\"tss\",\"postDate\":1515592516,\"expiryDate\":null,\"enabled\":1,\"parentId\":null,\"fields\":[]}', '2018-01-10 13:55:16', '2018-01-10 13:55:16', '7a51d68d-0236-4555-ae1b-e3b915f4f3d4'),
 ('105', '72', '13', '1', 'it', '2', '', '{\"typeId\":null,\"authorId\":null,\"title\":\"Tss\",\"slug\":\"tss\",\"postDate\":1515592516,\"expiryDate\":null,\"enabled\":1,\"parentId\":null,\"fields\":{\"18\":{\"new1\":{\"type\":\"doppia\",\"enabled\":\"1\",\"fields\":{\"uno\":\"ok\",\"due\":\"ok\"}},\"new2\":{\"type\":\"doppia\",\"enabled\":\"1\",\"fields\":{\"uno\":\"ok\",\"due\":\"ok\"}}}}}', '2018-01-10 14:02:36', '2018-01-10 14:02:36', '1936f05e-54a0-4106-b25b-957f358c1840'),
 ('106', '65', '12', '1', 'it', '6', '', '{\"typeId\":\"12\",\"authorId\":null,\"title\":\"Night Pads\",\"slug\":\"night-pads\",\"postDate\":1505383503,\"expiryDate\":null,\"enabled\":1,\"parentId\":null,\"fields\":{\"59\":\"http:\\/\\/shop.stopthedot.com\\/assorbenti-esterni-34.html\",\"18\":{\"66\":{\"type\":\"singola\",\"enabled\":\"1\",\"fields\":{\"uno\":\"La linea <b>DOT Sanity<\\/b> garantisce la massima vestibilita\\u0300, comfort e sicurezza grazie alle dimensioni compatte e alla sagoma anatomica. Pensati per i <b>flussi piu\\u0300 abbondanti<\\/b>, i modelli DOT Sanity <b>100% cotone<\\/b> offrono discrezione e protezione sia durante il <b>giorno<\\/b> che durante la <b>notte<\\/b>.\"}},\"67\":{\"type\":\"singola\",\"enabled\":\"1\",\"fields\":{\"uno\":\"I prodotti <b>DOT Sanity<\\/b> sono dotati di barriera <b>Odour-block<\\/b> e di un esclusivo <b>Top sheet antibatterico<\\/ b> brevettato; prevengono l\\u2019insorgenza delle piu\\u0300 comuni infezioni batteriche grazie alla <b>composizione naturale<\\/b> e brevettata.\"}},\"68\":{\"type\":\"singola\",\"enabled\":\"1\",\"fields\":{\"uno\":\"Un\\u2019innovativa linea in <b>100% cotone<\\/b> disponibile nelle varianti <b>Normal<\\/b>, <b>Super<\\/b> ed <b>Extra<\\/b>, per ogni esigenza di flusso. Il <b>design<\\/b> garantisce un\\u2019<b>extra assorbenza<\\/b>, protezione attiva e comfort, adattandosi alla propria anatomia del corpo.\"}}}}}', '2018-01-10 14:34:05', '2018-01-10 14:34:05', '1780e075-81e1-41a1-b547-e2efb8c04ff3'),
 ('107', '17', '7', '1', 'it', '11', '', '{\"typeId\":\"7\",\"authorId\":null,\"title\":\"Hygenic Pad\",\"slug\":\"esterno\",\"postDate\":1484937274,\"expiryDate\":null,\"enabled\":1,\"parentId\":null,\"fields\":{\"59\":\"http:\\/\\/shop.stopthedot.com\\/assorbenti-esterni-34.html\",\"18\":{\"20\":{\"type\":\"singola\",\"enabled\":\"1\",\"fields\":{\"uno\":\"Una linea unica di <b>assorbenti esterni con ali<\\/b> in <b>100% cotone<\\/b>, che garantisce comfort e protezione.<br \\/>I modelli <b>DOT<\\/b> con ali sia per il <b>giorno<\\/b> che per la <b>notte<\\/b>, si adattano alle diverse esigenze di flusso rispettando il tuo corpo naturalmente.\"}},\"22\":{\"type\":\"singola\",\"enabled\":\"1\",\"fields\":{\"uno\":\"<b>DOT<\\/b> esterno con ali ergonomico, \\u00e8 dotato di barriera Odour-block e di un esclusivo <b>Top-sheet antibatterico brevettato<\\/b>; previene l\\u2019insorgenza delle pi\\u00f9 comuni infezioni batteriche grazie alla composizione <b>naturale e brevettata<\\/b>.\"}},\"23\":{\"type\":\"singola\",\"enabled\":\"1\",\"fields\":{\"uno\":\"Disponibile nelle varianti <b>Regular<\\/b> e <b>Super<\\/b>, rispettivamente per flussi normali e flussi intensi come quelli della notte.<br \\/> Il design con ali garantisce una maggiore protezione per tutto il giorno, cos\\u00ec potrai <b>sentirti pi\\u00f9 sicura e a tuo agio<\\/b> sempre.\"}}}}}', '2018-01-10 14:34:08', '2018-01-10 14:34:08', 'f4bc27de-ee68-4d66-824e-dead680ff23d'),
 ('108', '24', '8', '1', 'it', '5', '', '{\"typeId\":\"8\",\"authorId\":null,\"title\":\"Panty Liner\",\"slug\":\"panty-liner\",\"postDate\":1484937279,\"expiryDate\":null,\"enabled\":1,\"parentId\":null,\"fields\":{\"59\":\"http:\\/\\/shop.stopthedot.com\\/salvaslip.html\",\"18\":{\"57\":{\"type\":\"singola\",\"enabled\":\"1\",\"fields\":{\"uno\":\"<b>DOT<\\/b> proteggi slip in <b>100% cotone<\\/b> ti offre tutta la protezione e il comfort che cerchi.<br \\/>La sua <b>formula traspirante<\\/b> si prende cura delicatamente della tua pelle, facendoti sentire al meglio tutto il giorno, ogni giorno.\"}},\"58\":{\"type\":\"singola\",\"enabled\":\"1\",\"fields\":{\"uno\":\"Il salvaslip <b>DOT<\\/b> sono traspiranti e donano una sensazione di <b>freschezza<\\/b> e <b>asciutto<\\/b> garantendo un <b>elevato comfort<\\/b> anche dopo un lungo periodo.<br \\/>\"}},\"59\":{\"type\":\"singola\",\"enabled\":\"1\",\"fields\":{\"uno\":\"Un\\u2019innovativa linea di prodotti per l\\u2019igiene femminile, disponibile nella variante <b>Soft<\\/b>.<br \\/>Un\\u2019 <b>extra-protezione<\\/b> per sentirti pi\\u00f9 <b>sicura<\\/b> con te stessa ed in mezzo agli altri.\"}}}}}', '2018-01-10 14:34:20', '2018-01-10 14:34:20', '4a16d12c-1214-45d0-b55a-5d4e21f3b5f6'),
 ('109', '28', '9', '1', 'it', '4', '', '{\"typeId\":\"9\",\"authorId\":null,\"title\":\"Applicator Tampons\",\"slug\":\"applicator-tampon\",\"postDate\":1484937257,\"expiryDate\":null,\"enabled\":1,\"parentId\":null,\"fields\":{\"59\":\"http:\\/\\/shop.stopthedot.com\\/assorbenti-interni.html\",\"18\":{\"29\":{\"type\":\"singola\",\"enabled\":\"1\",\"fields\":{\"uno\":\"<b>DOT assorbenti interni<\\/b> in <b>100% cotone organico<\\/b> offre una protezione pratica e totale grazie all\\u2019esclusivo applicatore igienico ed ergonomico che ne facilita l\\u2019introduzione.\"}},\"30\":{\"type\":\"singola\",\"enabled\":\"1\",\"fields\":{\"uno\":\"I tamponi <b>DOT<\\/b> contribuiscono al benessere del tuo corpo: <b>non irritano, rispettano il tuo ph naturale e la flora vaginale<\\/b>.<br \\/>Il design degli assorbenti interni DOT permette un <b>inserimento e una rimozione facili<\\/b> ed \\u00e8 studiato per offrirti tutta la <b>protezione e praticit\\u00e0 di cui hai bisogno<\\/b>.\"}},\"31\":{\"type\":\"singola\",\"enabled\":\"1\",\"fields\":{\"uno\":\"Un\\u2019innovativa linea di prodotti per l\\u2019igiene femminile, disponibile nelle varianti <b>Soft, Regular<\\/b> e <b>Super<\\/b>, rispettivamente per flussi da leggeri a medi fino a quelli per i giorni pi\\u00f9 intensi.<br \\/>L\\u2019utilizzo del cotone 100% organico <b>riduce l\\u2019insorgenza della sindrome della TSS allo 0%<\\/b>.\"}}}}}', '2018-01-10 14:34:48', '2018-01-10 14:34:48', 'bfc7eb48-1e00-4fd6-b0d0-bea6fa7456d6'),
 ('110', '72', '13', '1', 'it', '3', '', '{\"typeId\":\"13\",\"authorId\":null,\"title\":\"Tss\",\"slug\":\"tss\",\"postDate\":1515593326,\"expiryDate\":null,\"enabled\":1,\"parentId\":null,\"fields\":{\"18\":{\"73\":{\"type\":\"doppia\",\"enabled\":\"1\",\"fields\":{\"uno\":\"Lo sapevi che l\\u2019utilizzo di assorbenti interni in 100% cotone organico, <b>riduce l\\u2019insorgenza della TSS<\\/b> (Sindrome da shock tossico) <b>allo 0%<\\/b>?\",\"due\":\"Producendo i nostri prodotti con <b>filiera controllata e in 100% cotone<\\/b>, vogliamo differenziarci: informandoti facendoti per\\u00f2 sentire <b>protetta<\\/b> ed in <b>totale comfort<\\/b>.\"}},\"74\":{\"type\":\"doppia\",\"enabled\":\"1\",\"fields\":{\"uno\":\"La <b>sindrome da shock tossico<\\/b>, anche conosciuta come TSS, \\u00e8 una <b>malattia rara<\\/b> che si pu\\u00f2 verificare <b>utilizzando assorbenti interni di scarsa qualit\\u00e0<\\/b> o con additivi dannosi per le mucose interne.\",\"due\":\"Ricordati di <b>alternare<\\/b>, durante il ciclo, <b>l\\u2019utilizzo di assorbenti interni ed esterni<\\/b> e di <b>cambiare spesso il tuo assorbente interno<\\/b> e <b>utilizza tamponi in 100% cotone organico<\\/b> come i nostri.<br \\/>\"}}}}}', '2018-01-22 09:25:55', '2018-01-22 09:25:55', '3fb469d2-89f8-471d-a679-e41a79706395'),
 ('111', '72', '13', '1', 'en', '1', '', '{\"typeId\":\"13\",\"authorId\":null,\"title\":\"Tss\",\"slug\":\"tss\",\"postDate\":1515593326,\"expiryDate\":null,\"enabled\":1,\"parentId\":null,\"fields\":{\"18\":{\"new1\":{\"type\":\"doppia\",\"enabled\":\"1\",\"fields\":{\"uno\":\"Did you know that the use of <b>100% Organic Cotton Tampons <\\/b>, reduces the occurrence of TSS (Toxic Shock Syndrome) to <b>0%<\\/b>? \",\"due\":\"Producing our products with channelled system and in <b>100%<\\/b> cotton, we want to differentiate ourselves informing you and making you feel protected, in complete comfort.\"}},\"new2\":{\"type\":\"doppia\",\"enabled\":\"1\",\"fields\":{\"uno\":\"The occurrence of the <b>Menstrual TSS Syndrome<\\/b> may occurr while using poor quality Tampons or Tampons with harmful additives for the internal mucous. \",\"due\":\"Remember preferably to alternate, during the Menstrual cycle, the use of Internal and external Pads and to frequently change your Tampons using <b>100% Organic Cotton Tampons<\\/b> like our <b>DOT<\\/b>.\"}}}}}', '2018-01-22 09:27:03', '2018-01-22 09:27:03', '1b96406f-336a-4400-a5a8-fe6d45032c8a'),
 ('112', '6', '5', '1', 'en', '13', '', '{\"typeId\":\"5\",\"authorId\":null,\"title\":\"About\",\"slug\":\"first\",\"postDate\":1484935746,\"expiryDate\":null,\"enabled\":1,\"parentId\":null,\"fields\":{\"18\":{\"32\":{\"type\":\"doppia\",\"enabled\":\"1\",\"fields\":{\"uno\":\"<b>DOT<\\/b> is a line of innovative products, dedicated to feminine and hygienic world during the menstrual cycle. Thanks to their <b>100% Cotton<\\/b> formulation and to its special <b>Combimedica patent<\\/b>, they are not only <b>hypoallergenic<\\/b> but also <b>naturally antibacterial<\\/b>\",\"due\":\"<b>DOT is available in the most common formats, these include<\\/b>: Pads with wings for the day, Pads with wings for the night, Pantyliners and Tampons. Every <b>DOT<\\/b> is available in different variants, depending to the desired absorbency degree. That\\u2019s because the aim of every product is to make you feel comfortable and safely protected.\"}},\"33\":{\"type\":\"doppia\",\"enabled\":\"1\",\"fields\":{\"uno\":\"We are trying to turn a complicated period of the month into something <b>less heavy<\\/b>. On average, Women spend <b>10 years<\\/b> having periods in their lifetime;\",\"due\":\"The average woman will use nearly <b>11\\u2019000 tampons<\\/b> over her lifetime; Women will experience about <b>450 periods<\\/b> over their lifetime. \"}}}}}', '2018-01-22 09:27:16', '2018-01-22 09:27:16', '5482da3b-3021-4891-9b33-53fe67100671'),
 ('113', '6', '5', '1', 'it', '22', '', '{\"typeId\":\"5\",\"authorId\":null,\"title\":\"About\",\"slug\":\"first\",\"postDate\":1484935746,\"expiryDate\":null,\"enabled\":1,\"parentId\":null,\"fields\":{\"18\":{\"46\":{\"type\":\"doppia\",\"enabled\":\"1\",\"fields\":{\"uno\":\"<b>DOT<\\/b> \\u00e8 una linea di <b>prodotti innovativi<\\/b>, dedicati al mondo dell\\u2019<b>igiene femminile<\\/b>, nel periodo del ciclo mestruale.<br \\/> Grazie alla loro formulazione in <b>100% cotone<\\/b> ed ad uno speciale <b>brevetto Combimedica<\\/b>, non solo sono <b>anallergici,<\\/b> ma anche <b>naturalmente antibatterici<\\/b>.\",\"due\":\"<b>DOT<\\/b> \\u00e8 disponibile nei pi\\u00f9 comuni formati: <b>Assorbenti con ali giorno e notte<\\/b>, <b>Salvaslip<\\/b> e <b>Tamponi interni<\\/b>.<br \\/>Diverse varianti, pensate in base <b>grado di assorbenza desiderato<\\/b>; perch\\u00e9 il nostro obiettivo \\u00e8 quello di farti sentire a tuo agio e protetta in modo sicuro e naturale.\"}},\"47\":{\"type\":\"doppia\",\"enabled\":\"1\",\"fields\":{\"uno\":\"Vogliamo rendere un periodo complicato del mese, un po\\u2019 meno pesante:<\\/br>in media una donna passa <b>10 anni<\\/b> della sua vita in compagnia del ciclo mestruale;\",\"due\":\"Si calcola che in un\\u2019intera vita, una donna, possa arrivare ad utilizzare all\\u2019incirca <b>11.000 tamponi<\\/b> e che <br>il numero di cicli che una donna sperimenta mediamente durante la vita ammonta a <b>450<\\/b>.\"}}}}}', '2018-01-22 09:27:28', '2018-01-22 09:27:28', '41fbd881-5f1f-4e6f-a388-6395f929c344'),
 ('114', '6', '5', '1', 'it', '23', '', '{\"typeId\":\"5\",\"authorId\":null,\"title\":\"About\",\"slug\":\"first\",\"postDate\":1484935746,\"expiryDate\":null,\"enabled\":1,\"parentId\":null,\"fields\":{\"18\":{\"46\":{\"type\":\"doppia\",\"enabled\":\"\",\"fields\":{\"uno\":\"<b>DOT<\\/b> \\u00e8 una linea di <b>prodotti innovativi<\\/b>, dedicati al mondo dell\\u2019<b>igiene femminile<\\/b>, nel periodo del ciclo mestruale.<br \\/> Grazie alla loro formulazione in <b>100% cotone<\\/b> ed ad uno speciale <b>brevetto Combimedica<\\/b>, non solo sono <b>anallergici,<\\/b> ma anche <b>naturalmente antibatterici<\\/b>.\",\"due\":\"<b>DOT<\\/b> \\u00e8 disponibile nei pi\\u00f9 comuni formati: <b>Assorbenti con ali giorno e notte<\\/b>, <b>Salvaslip<\\/b> e <b>Tamponi interni<\\/b>.<br \\/>Diverse varianti, pensate in base <b>grado di assorbenza desiderato<\\/b>; perch\\u00e9 il nostro obiettivo \\u00e8 quello di farti sentire a tuo agio e protetta in modo sicuro e naturale.\"}},\"47\":{\"type\":\"doppia\",\"enabled\":\"\",\"fields\":{\"uno\":\"Vogliamo rendere un periodo complicato del mese, un po\\u2019 meno pesante:<\\/br>in media una donna passa <b>10 anni<\\/b> della sua vita in compagnia del ciclo mestruale;\",\"due\":\"Si calcola che in un\\u2019intera vita, una donna, possa arrivare ad utilizzare all\\u2019incirca <b>11.000 tamponi<\\/b> e che <br>il numero di cicli che una donna sperimenta mediamente durante la vita ammonta a <b>450<\\/b>.\"}},\"new1\":{\"type\":\"doppia\",\"enabled\":\"1\",\"fields\":{\"uno\":\"La New Medical Horizons s.r.l. \\u00e8 una compagnia nata ad ottobre 2016, \\u00e8 formata da un team che congiunge l\\u2019intraprendenza di personale giovane e volenteroso con la saggezza di un imprenditore di successo.\",\"due\":\"Il nostro obiettivo, sebbene molto ambizioso, \\u00e8 di divenire il punto di riferimento nel settore dell\'assorbenza e di dispositivi medici per incontinenza.\"}},\"new2\":{\"type\":\"doppia\",\"enabled\":\"1\",\"fields\":{\"uno\":\"La nostra gamma di prodotti si basa sul brevetto CombiMedica\\u00ae (di propriet\\u00e0 di Franzoni Re S.r.l.) che delinea il processo in cui vengono legate le molecole di cotone alle molecole di clorexidina, tramite legame covalente polare.\",\"due\":\"lo strato a contatto con la pelle \\u00e8 di delicato cotone antibatterico, questo rende il dispositivo delicato sulla pelle (link ai documenti del test dermatologico) e garantisce un abbattimento dei batteri che in genere nascono e si riproducono in zone calde e umide. L\'abbattimento dei batteri diminuisce la probabilit\\u00e0 dell\' insorgere delle pi\\u00f9 comuni infezioni, inoltre contribuisce all\'abbattimento degli odori.\"}}}}}', '2018-01-22 09:28:29', '2018-01-22 09:28:29', 'c1476b6c-789e-4138-a4e4-2b614654187c'),
 ('115', '6', '5', '1', 'it', '24', '', '{\"typeId\":\"5\",\"authorId\":null,\"title\":\"About\",\"slug\":\"first\",\"postDate\":1484935746,\"expiryDate\":null,\"enabled\":1,\"parentId\":null,\"fields\":{\"18\":{\"46\":{\"type\":\"doppia\",\"enabled\":\"\",\"fields\":{\"uno\":\"<b>DOT<\\/b> \\u00e8 una linea di <b>prodotti innovativi<\\/b>, dedicati al mondo dell\\u2019<b>igiene femminile<\\/b>, nel periodo del ciclo mestruale.<br \\/> Grazie alla loro formulazione in <b>100% cotone<\\/b> ed ad uno speciale <b>brevetto Combimedica<\\/b>, non solo sono <b>anallergici,<\\/b> ma anche <b>naturalmente antibatterici<\\/b>.\",\"due\":\"<b>DOT<\\/b> \\u00e8 disponibile nei pi\\u00f9 comuni formati: <b>Assorbenti con ali giorno e notte<\\/b>, <b>Salvaslip<\\/b> e <b>Tamponi interni<\\/b>.<br \\/>Diverse varianti, pensate in base <b>grado di assorbenza desiderato<\\/b>; perch\\u00e9 il nostro obiettivo \\u00e8 quello di farti sentire a tuo agio e protetta in modo sicuro e naturale.\"}},\"47\":{\"type\":\"doppia\",\"enabled\":\"\",\"fields\":{\"uno\":\"Vogliamo rendere un periodo complicato del mese, un po\\u2019 meno pesante:<\\/br>in media una donna passa <b>10 anni<\\/b> della sua vita in compagnia del ciclo mestruale;\",\"due\":\"Si calcola che in un\\u2019intera vita, una donna, possa arrivare ad utilizzare all\\u2019incirca <b>11.000 tamponi<\\/b> e che <br>il numero di cicli che una donna sperimenta mediamente durante la vita ammonta a <b>450<\\/b>.\"}},\"77\":{\"type\":\"doppia\",\"enabled\":\"1\",\"fields\":{\"uno\":\"La New Medical Horizons s.r.l. \\u00e8 una compagnia nata ad ottobre 2016, \\u00e8 formata da un team che congiunge l\\u2019intraprendenza di personale giovane e volenteroso con la saggezza di un imprenditore di successo.\",\"due\":\"Il nostro obiettivo, sebbene molto ambizioso, \\u00e8 di divenire il punto di riferimento nel settore dell\'assorbenza e di dispositivi medici per incontinenza.\"}},\"78\":{\"type\":\"doppia\",\"enabled\":\"1\",\"fields\":{\"uno\":\"La nostra gamma di prodotti si basa sul brevetto CombiMedica\\u00ae (di propriet\\u00e0 di Franzoni Re S.r.l.) che delinea il processo in cui vengono legate le molecole di cotone alle molecole di clorexidina, tramite legame covalente polare.\",\"due\":\"lo strato a contatto con la pelle \\u00e8 di delicato cotone antibatterico, questo rende il dispositivo delicato sulla pelle e garantisce un abbattimento dei batteri che in genere nascono e si riproducono in zone calde e umide. L\'abbattimento dei batteri diminuisce la probabilit\\u00e0 dell\' insorgere delle pi\\u00f9 comuni infezioni, inoltre contribuisce all\'abbattimento degli odori.\"}}}}}', '2018-01-22 09:29:14', '2018-01-22 09:29:14', 'e9189839-a2b8-4c7a-82db-0f34ff97e6e5'),
 ('116', '6', '5', '1', 'it', '25', '', '{\"typeId\":\"5\",\"authorId\":null,\"title\":\"About\",\"slug\":\"first\",\"postDate\":1484935746,\"expiryDate\":null,\"enabled\":1,\"parentId\":null,\"fields\":{\"18\":{\"46\":{\"type\":\"doppia\",\"enabled\":\"\",\"fields\":{\"uno\":\"<b>DOT<\\/b> \\u00e8 una linea di <b>prodotti innovativi<\\/b>, dedicati al mondo dell\\u2019<b>igiene femminile<\\/b>, nel periodo del ciclo mestruale.<br \\/> Grazie alla loro formulazione in <b>100% cotone<\\/b> ed ad uno speciale <b>brevetto Combimedica<\\/b>, non solo sono <b>anallergici,<\\/b> ma anche <b>naturalmente antibatterici<\\/b>.\",\"due\":\"<b>DOT<\\/b> \\u00e8 disponibile nei pi\\u00f9 comuni formati: <b>Assorbenti con ali giorno e notte<\\/b>, <b>Salvaslip<\\/b> e <b>Tamponi interni<\\/b>.<br \\/>Diverse varianti, pensate in base <b>grado di assorbenza desiderato<\\/b>; perch\\u00e9 il nostro obiettivo \\u00e8 quello di farti sentire a tuo agio e protetta in modo sicuro e naturale.\"}},\"47\":{\"type\":\"doppia\",\"enabled\":\"\",\"fields\":{\"uno\":\"Vogliamo rendere un periodo complicato del mese, un po\\u2019 meno pesante:<\\/br>in media una donna passa <b>10 anni<\\/b> della sua vita in compagnia del ciclo mestruale;\",\"due\":\"Si calcola che in un\\u2019intera vita, una donna, possa arrivare ad utilizzare all\\u2019incirca <b>11.000 tamponi<\\/b> e che <br>il numero di cicli che una donna sperimenta mediamente durante la vita ammonta a <b>450<\\/b>.\"}},\"77\":{\"type\":\"doppia\",\"enabled\":\"1\",\"fields\":{\"uno\":\"La New Medical Horizons s.r.l. \\u00e8 una compagnia nata ad ottobre 2016, \\u00e8 formata da un team che congiunge l\\u2019intraprendenza di personale giovane e volenteroso con la saggezza di un imprenditore di successo.\",\"due\":\"Il nostro obiettivo, sebbene molto ambizioso, \\u00e8 di divenire il punto di riferimento nel settore dell\'assorbenza e di dispositivi medici per incontinenza.\"}},\"78\":{\"type\":\"doppia\",\"enabled\":\"1\",\"fields\":{\"uno\":\"La nostra gamma di prodotti si basa sul brevetto CombiMedica\\u00ae (di propriet\\u00e0 di Franzoni Re S.r.l.) che delinea il processo in cui vengono legate le molecole di cotone alle molecole di clorexidina, tramite legame covalente polare.\",\"due\":\"Lo strato a contatto con la pelle \\u00e8 di delicato cotone antibatterico, questo rende il dispositivo delicato sulla pelle e garantisce un abbattimento dei batteri che in genere nascono e si riproducono in zone calde e umide. L\'abbattimento dei batteri diminuisce la probabilit\\u00e0 dell\' insorgere delle pi\\u00f9 comuni infezioni, inoltre contribuisce all\'abbattimento degli odori.\"}}}}}', '2018-01-22 09:29:53', '2018-01-22 09:29:53', 'a9666cff-ae1a-4e05-9d7c-0d3e03a374bc'),
 ('117', '6', '5', '1', 'it', '26', '', '{\"typeId\":\"5\",\"authorId\":null,\"title\":\"About\",\"slug\":\"first\",\"postDate\":1484935746,\"expiryDate\":null,\"enabled\":1,\"parentId\":null,\"fields\":{\"18\":{\"46\":{\"type\":\"doppia\",\"enabled\":\"\",\"fields\":{\"uno\":\"<b>DOT<\\/b> \\u00e8 una linea di <b>prodotti innovativi<\\/b>, dedicati al mondo dell\\u2019<b>igiene femminile<\\/b>, nel periodo del ciclo mestruale.<br \\/> Grazie alla loro formulazione in <b>100% cotone<\\/b> ed ad uno speciale <b>brevetto Combimedica<\\/b>, non solo sono <b>anallergici,<\\/b> ma anche <b>naturalmente antibatterici<\\/b>.\",\"due\":\"<b>DOT<\\/b> \\u00e8 disponibile nei pi\\u00f9 comuni formati: <b>Assorbenti con ali giorno e notte<\\/b>, <b>Salvaslip<\\/b> e <b>Tamponi interni<\\/b>.<br \\/>Diverse varianti, pensate in base <b>grado di assorbenza desiderato<\\/b>; perch\\u00e9 il nostro obiettivo \\u00e8 quello di farti sentire a tuo agio e protetta in modo sicuro e naturale.\"}},\"47\":{\"type\":\"doppia\",\"enabled\":\"\",\"fields\":{\"uno\":\"Vogliamo rendere un periodo complicato del mese, un po\\u2019 meno pesante:<\\/br>in media una donna passa <b>10 anni<\\/b> della sua vita in compagnia del ciclo mestruale;\",\"due\":\"Si calcola che in un\\u2019intera vita, una donna, possa arrivare ad utilizzare all\\u2019incirca <b>11.000 tamponi<\\/b> e che <br>il numero di cicli che una donna sperimenta mediamente durante la vita ammonta a <b>450<\\/b>.\"}},\"77\":{\"type\":\"doppia\",\"enabled\":\"1\",\"fields\":{\"uno\":\"La New Medical Horizons s.r.l. \\u00e8 una compagnia nata ad ottobre 2016, \\u00e8 formata da un team che congiunge l\\u2019intraprendenza di personale giovane e volenteroso con la saggezza di un imprenditore di successo.\",\"due\":\"Il nostro obiettivo, sebbene molto ambizioso, \\u00e8 di divenire il punto di riferimento nel settore dell\'assorbenza e di dispositivi medici per incontinenza.\"}},\"78\":{\"type\":\"doppia\",\"enabled\":\"1\",\"fields\":{\"uno\":\"La nostra gamma di prodotti si basa sul brevetto CombiMedica\\u00ae (di propriet\\u00e0 di Franzoni Re S.r.l.) che delinea il processo in cui vengono legate le molecole di cotone alle molecole di clorexidina, tramite legame covalente polare.\",\"due\":\"Lo strato a contatto con la pelle \\u00e8 di delicato cotone antibatterico, questo rende il dispositivo delicato sulla pelle (<a href=\\\"http:\\/\\/stopthedot.com\\/assets\\/documents\\/test_dermatologico_dot_ispe.pdf\\\">test dermatologico<\\/a>) e garantisce un abbattimento dei batteri che in genere nascono e si riproducono in zone calde e umide. L\'abbattimento dei batteri diminuisce la probabilit\\u00e0 dell\' insorgere delle pi\\u00f9 comuni infezioni, inoltre contribuisce all\'abbattimento degli odori.\"}}}}}', '2018-01-22 10:26:57', '2018-01-22 10:26:57', '95699adc-b24b-4be8-abc1-13493b39baf1'),
 ('118', '6', '5', '1', 'it', '27', '', '{\"typeId\":\"5\",\"authorId\":null,\"title\":\"About\",\"slug\":\"first\",\"postDate\":1484935746,\"expiryDate\":null,\"enabled\":1,\"parentId\":null,\"fields\":{\"18\":{\"46\":{\"type\":\"doppia\",\"enabled\":\"\",\"fields\":{\"uno\":\"<b>DOT<\\/b> \\u00e8 una linea di <b>prodotti innovativi<\\/b>, dedicati al mondo dell\\u2019<b>igiene femminile<\\/b>, nel periodo del ciclo mestruale.<br \\/> Grazie alla loro formulazione in <b>100% cotone<\\/b> ed ad uno speciale <b>brevetto Combimedica<\\/b>, non solo sono <b>anallergici,<\\/b> ma anche <b>naturalmente antibatterici<\\/b>.\",\"due\":\"<b>DOT<\\/b> \\u00e8 disponibile nei pi\\u00f9 comuni formati: <b>Assorbenti con ali giorno e notte<\\/b>, <b>Salvaslip<\\/b> e <b>Tamponi interni<\\/b>.<br \\/>Diverse varianti, pensate in base <b>grado di assorbenza desiderato<\\/b>; perch\\u00e9 il nostro obiettivo \\u00e8 quello di farti sentire a tuo agio e protetta in modo sicuro e naturale.\"}},\"47\":{\"type\":\"doppia\",\"enabled\":\"\",\"fields\":{\"uno\":\"Vogliamo rendere un periodo complicato del mese, un po\\u2019 meno pesante:<\\/br>in media una donna passa <b>10 anni<\\/b> della sua vita in compagnia del ciclo mestruale;\",\"due\":\"Si calcola che in un\\u2019intera vita, una donna, possa arrivare ad utilizzare all\\u2019incirca <b>11.000 tamponi<\\/b> e che <br>il numero di cicli che una donna sperimenta mediamente durante la vita ammonta a <b>450<\\/b>.\"}},\"77\":{\"type\":\"doppia\",\"enabled\":\"1\",\"fields\":{\"uno\":\"La New Medical Horizons s.r.l. \\u00e8 una compagnia nata ad ottobre 2016, \\u00e8 formata da un team che congiunge l\\u2019intraprendenza di personale giovane e volenteroso con la saggezza di un imprenditore di successo.\",\"due\":\"Il nostro obiettivo, sebbene molto ambizioso, \\u00e8 di divenire il punto di riferimento nel settore dell\'assorbenza e di dispositivi medici per incontinenza.\"}},\"78\":{\"type\":\"doppia\",\"enabled\":\"1\",\"fields\":{\"uno\":\"La nostra gamma di prodotti si basa sul brevetto CombiMedica\\u00ae (di propriet\\u00e0 di Franzoni Re S.r.l.) che delinea il processo in cui vengono legate le molecole di cotone alle molecole di clorexidina, tramite legame covalente polare.\",\"due\":\"Lo strato a contatto con la pelle \\u00e8 di delicato cotone antibatterico, questo rende il dispositivo delicato sulla pelle (<a target=\\\"_blank\\\" href=\\\"http:\\/\\/stopthedot.com\\/assets\\/documents\\/test_dermatologico_dot_ispe.pdf\\\">test dermatologico<\\/a>) e garantisce un abbattimento dei batteri che in genere nascono e si riproducono in zone calde e umide. L\'abbattimento dei batteri diminuisce la probabilit\\u00e0 dell\' insorgere delle pi\\u00f9 comuni infezioni, inoltre contribuisce all\'abbattimento degli odori.\"}}}}}', '2018-01-22 10:27:45', '2018-01-22 10:27:45', '5f1c37c6-07a3-4e7c-9e87-f6fea93f4b22');
INSERT INTO `craft_entryversions` (`id`, `entryId`, `sectionId`, `creatorId`, `locale`, `num`, `notes`, `data`, `dateCreated`, `dateUpdated`, `uid`) VALUES
 ('119', '6', '5', '1', 'en', '14', '', '{\"typeId\":\"5\",\"authorId\":null,\"title\":\"About\",\"slug\":\"first\",\"postDate\":1484935746,\"expiryDate\":null,\"enabled\":1,\"parentId\":null,\"fields\":{\"18\":{\"32\":{\"type\":\"doppia\",\"enabled\":\"\",\"fields\":{\"uno\":\"<b>DOT<\\/b> is a line of innovative products, dedicated to feminine and hygienic world during the menstrual cycle. Thanks to their <b>100% Cotton<\\/b> formulation and to its special <b>Combimedica patent<\\/b>, they are not only <b>hypoallergenic<\\/b> but also <b>naturally antibacterial<\\/b>\",\"due\":\"<b>DOT is available in the most common formats, these include<\\/b>: Pads with wings for the day, Pads with wings for the night, Pantyliners and Tampons. Every <b>DOT<\\/b> is available in different variants, depending to the desired absorbency degree. That\\u2019s because the aim of every product is to make you feel comfortable and safely protected.\"}},\"33\":{\"type\":\"doppia\",\"enabled\":\"\",\"fields\":{\"uno\":\"We are trying to turn a complicated period of the month into something <b>less heavy<\\/b>. On average, Women spend <b>10 years<\\/b> having periods in their lifetime;\",\"due\":\"The average woman will use nearly <b>11\\u2019000 tampons<\\/b> over her lifetime; Women will experience about <b>450 periods<\\/b> over their lifetime. \"}},\"new1\":{\"type\":\"doppia\",\"enabled\":\"1\",\"fields\":{\"uno\":\"New Medical Horizons s.r.l. is a company born on October 2016. It\\u2019s team is the result of the combination between young and willing personnel with the wiseness of a succesfull entrepreneur.\",\"due\":\"Our objective, even if it may sound too ambitious, is to become the reference point for the absorbance and incontinence medical devices market.\"}},\"new2\":{\"type\":\"doppia\",\"enabled\":\"1\",\"fields\":{\"uno\":\"Our range of products is strong of the Combimedica\\u00ae patent (Owned by Franzoni Re S.r.l.), which underlnes the process for which cotton molecules are bound to chlorexidine molecules through polar covalent bond.\",\"due\":\"The layer in contact with the skin is made of delicate antibacterial cotton, which makes the device delicate on skin (dermatological tests) and grants the destruction of bacteria that usually generates from humid and warm areas. The bacteria destruction reduces the chance of common infections, while contributing to smell removal\"}}}}}', '2018-01-23 14:20:36', '2018-01-23 14:20:36', '2851b007-71ee-43e0-b0b6-5d4601c8e7f0'),
 ('120', '6', '5', '1', 'it', '28', '', '{\"typeId\":\"5\",\"authorId\":null,\"title\":\"About\",\"slug\":\"first\",\"postDate\":1484935746,\"expiryDate\":null,\"enabled\":1,\"parentId\":null,\"fields\":{\"18\":{\"46\":{\"type\":\"doppia\",\"enabled\":\"\",\"fields\":{\"uno\":\"<b>DOT<\\/b> \\u00e8 una linea di <b>prodotti innovativi<\\/b>, dedicati al mondo dell\\u2019<b>igiene femminile<\\/b>, nel periodo del ciclo mestruale.<br \\/> Grazie alla loro formulazione in <b>100% cotone<\\/b> ed ad uno speciale <b>brevetto Combimedica<\\/b>, non solo sono <b>anallergici,<\\/b> ma anche <b>naturalmente antibatterici<\\/b>.\",\"due\":\"<b>DOT<\\/b> \\u00e8 disponibile nei pi\\u00f9 comuni formati: <b>Assorbenti con ali giorno e notte<\\/b>, <b>Salvaslip<\\/b> e <b>Tamponi interni<\\/b>.<br \\/>Diverse varianti, pensate in base <b>grado di assorbenza desiderato<\\/b>; perch\\u00e9 il nostro obiettivo \\u00e8 quello di farti sentire a tuo agio e protetta in modo sicuro e naturale.\"}},\"47\":{\"type\":\"doppia\",\"enabled\":\"\",\"fields\":{\"uno\":\"Vogliamo rendere un periodo complicato del mese, un po\\u2019 meno pesante:<\\/br>in media una donna passa <b>10 anni<\\/b> della sua vita in compagnia del ciclo mestruale;\",\"due\":\"Si calcola che in un\\u2019intera vita, una donna, possa arrivare ad utilizzare all\\u2019incirca <b>11.000 tamponi<\\/b> e che <br>il numero di cicli che una donna sperimenta mediamente durante la vita ammonta a <b>450<\\/b>.\"}},\"77\":{\"type\":\"doppia\",\"enabled\":\"1\",\"fields\":{\"uno\":\"La New Medical Horizons s.r.l. \\u00e8 una compagnia nata ad ottobre 2016, \\u00e8 formata da un team che congiunge l\\u2019intraprendenza di personale giovane e volenteroso con la saggezza di un imprenditore di successo.\",\"due\":\"Il nostro obiettivo, sebbene molto ambizioso, \\u00e8 di divenire il punto di riferimento nel settore dell\'assorbenza e di dispositivi medici per incontinenza.\"}},\"78\":{\"type\":\"doppia\",\"enabled\":\"1\",\"fields\":{\"uno\":\"La nostra gamma di prodotti si basa sul brevetto CombiMedica\\u00ae (di propriet\\u00e0 di Franzoni Re S.r.l.) che delinea il processo in cui vengono legate le molecole di cotone alle molecole di clorexidina, tramite legame covalente polare.\",\"due\":\"Lo strato a contatto con la pelle \\u00e8 di delicato cotone antibatterico, questo rende il dispositivo delicato sulla pelle (<a target=\\\"_blank\\\" href=\\\"http:\\/\\/stopthedot.com\\/assets\\/documents\\/test_dermatologico_dot_ispe.pdf\\\">test dermatologico<\\/a>) e garantisce un abbattimento dei batteri che in genere nascono e si riproducono in zone calde e umide. L\'abbattimento dei batteri diminuisce la probabilit\\u00e0 dell\' insorgere delle pi\\u00f9 comuni infezioni, inoltre contribuisce all\'abbattimento degli odori.\"}}}}}', '2018-01-23 14:22:54', '2018-01-23 14:22:54', 'e749b0b1-e7cf-4b2f-826b-3a1003012924'),
 ('121', '6', '5', '1', 'en', '15', '', '{\"typeId\":\"5\",\"authorId\":null,\"title\":\"About\",\"slug\":\"first\",\"postDate\":1484935746,\"expiryDate\":null,\"enabled\":1,\"parentId\":null,\"fields\":{\"18\":{\"32\":{\"type\":\"doppia\",\"enabled\":\"\",\"fields\":{\"uno\":\"<b>DOT<\\/b> is a line of innovative products, dedicated to feminine and hygienic world during the menstrual cycle. Thanks to their <b>100% Cotton<\\/b> formulation and to its special <b>Combimedica patent<\\/b>, they are not only <b>hypoallergenic<\\/b> but also <b>naturally antibacterial<\\/b>\",\"due\":\"<b>DOT is available in the most common formats, these include<\\/b>: Pads with wings for the day, Pads with wings for the night, Pantyliners and Tampons. Every <b>DOT<\\/b> is available in different variants, depending to the desired absorbency degree. That\\u2019s because the aim of every product is to make you feel comfortable and safely protected.\"}},\"33\":{\"type\":\"doppia\",\"enabled\":\"\",\"fields\":{\"uno\":\"We are trying to turn a complicated period of the month into something <b>less heavy<\\/b>. On average, Women spend <b>10 years<\\/b> having periods in their lifetime;\",\"due\":\"The average woman will use nearly <b>11\\u2019000 tampons<\\/b> over her lifetime; Women will experience about <b>450 periods<\\/b> over their lifetime. \"}},\"101\":{\"type\":\"doppia\",\"enabled\":\"1\",\"fields\":{\"uno\":\"New Medical Horizons s.r.l. is a company born on October 2016. It\\u2019s team is the result of the combination between young and willing personnel with the wiseness of a succesfull entrepreneur.\",\"due\":\"Our objective, even if it may sound too ambitious, is to become the reference point for the absorbance and incontinence medical devices market.\"}},\"102\":{\"type\":\"doppia\",\"enabled\":\"1\",\"fields\":{\"uno\":\"Our range of products is strong of the Combimedica\\u00ae patent (Owned by Franzoni Re S.r.l.), which underlnes the process for which cotton molecules are bound to chlorexidine molecules through polar covalent bond.\",\"due\":\"The layer in contact with the skin is made of delicate antibacterial cotton, which makes the device delicate on skin (<a target=\\\"_blank\\\" href=\\\"http:\\/\\/stopthedot.com\\/assets\\/documents\\/test_dermatologico_dot_ispe.pdf\\\">dermatological test<\\/a>) and grants the destruction of bacteria that usually generates from humid and warm areas. The bacteria destruction reduces the chance of common infections, while contributing to smell removal.\"}}}}}', '2018-01-23 14:27:59', '2018-01-23 14:27:59', '0562670d-d82c-41ca-aea2-8b429c8fde0f'),
 ('122', '6', '5', '1', 'it', '29', '', '{\"typeId\":\"5\",\"authorId\":null,\"title\":\"About\",\"slug\":\"first\",\"postDate\":1484935746,\"expiryDate\":null,\"enabled\":1,\"parentId\":null,\"fields\":{\"18\":{\"46\":{\"type\":\"doppia\",\"enabled\":\"\",\"fields\":{\"uno\":\"<b>DOT<\\/b> \\u00e8 una linea di <b>prodotti innovativi<\\/b>, dedicati al mondo dell\\u2019<b>igiene femminile<\\/b>, nel periodo del ciclo mestruale.<br \\/> Grazie alla loro formulazione in <b>100% cotone<\\/b> ed ad uno speciale <b>brevetto Combimedica<\\/b>, non solo sono <b>anallergici,<\\/b> ma anche <b>naturalmente antibatterici<\\/b>.\",\"due\":\"<b>DOT<\\/b> \\u00e8 disponibile nei pi\\u00f9 comuni formati: <b>Assorbenti con ali giorno e notte<\\/b>, <b>Salvaslip<\\/b> e <b>Tamponi interni<\\/b>.<br \\/>Diverse varianti, pensate in base <b>grado di assorbenza desiderato<\\/b>; perch\\u00e9 il nostro obiettivo \\u00e8 quello di farti sentire a tuo agio e protetta in modo sicuro e naturale.\"}},\"47\":{\"type\":\"doppia\",\"enabled\":\"\",\"fields\":{\"uno\":\"Vogliamo rendere un periodo complicato del mese, un po\\u2019 meno pesante:<\\/br>in media una donna passa <b>10 anni<\\/b> della sua vita in compagnia del ciclo mestruale;\",\"due\":\"Si calcola che in un\\u2019intera vita, una donna, possa arrivare ad utilizzare all\\u2019incirca <b>11.000 tamponi<\\/b> e che <br>il numero di cicli che una donna sperimenta mediamente durante la vita ammonta a <b>450<\\/b>.\"}},\"77\":{\"type\":\"doppia\",\"enabled\":\"1\",\"fields\":{\"uno\":\"La New Medical Horizons s.r.l. \\u00e8 una compagnia nata ad ottobre 2016, \\u00e8 formata da un team che congiunge l\\u2019intraprendenza di personale giovane e volenteroso con la saggezza di un imprenditore di successo.\",\"due\":\"Il nostro obiettivo, sebbene molto ambizioso, \\u00e8 di divenire il punto di riferimento nel settore dell\'assorbenza e di dispositivi medici per incontinenza.\"}},\"78\":{\"type\":\"doppia\",\"enabled\":\"1\",\"fields\":{\"uno\":\"La nostra gamma di prodotti si basa sul brevetto CombiMedica\\u00ae (di propriet\\u00e0 di Franzoni Re S.r.l.) che delinea il processo in cui vengono legate le molecole di cotone alle molecole di clorexidina, tramite legame covalente polare.\",\"due\":\"Lo strato a contatto con la pelle \\u00e8 di delicato cotone antibatterico, questo rende il dispositivo delicato sulla pelle (<a target=\\\"_blank\\\" href=\\\"http:\\/\\/stopthedot.com\\/assets\\/documents\\/test_dermatologico_dot_ispe.pdf\\\">link test dermatologico<\\/a>) e garantisce un abbattimento dei batteri che in genere nascono e si riproducono in zone calde e umide. L\'abbattimento dei batteri diminuisce la probabilit\\u00e0 dell\' insorgere delle pi\\u00f9 comuni infezioni, inoltre contribuisce all\'abbattimento degli odori.\"}}}}}', '2018-01-23 14:38:27', '2018-01-23 14:38:27', 'b1119c5d-441e-4b05-a616-8f8c4f9f4d80'),
 ('123', '6', '5', '1', 'en', '16', '', '{\"typeId\":\"5\",\"authorId\":null,\"title\":\"About\",\"slug\":\"first\",\"postDate\":1484935746,\"expiryDate\":null,\"enabled\":1,\"parentId\":null,\"fields\":{\"18\":{\"32\":{\"type\":\"doppia\",\"enabled\":\"\",\"fields\":{\"uno\":\"<b>DOT<\\/b> is a line of innovative products, dedicated to feminine and hygienic world during the menstrual cycle. Thanks to their <b>100% Cotton<\\/b> formulation and to its special <b>Combimedica patent<\\/b>, they are not only <b>hypoallergenic<\\/b> but also <b>naturally antibacterial<\\/b>\",\"due\":\"<b>DOT is available in the most common formats, these include<\\/b>: Pads with wings for the day, Pads with wings for the night, Pantyliners and Tampons. Every <b>DOT<\\/b> is available in different variants, depending to the desired absorbency degree. That\\u2019s because the aim of every product is to make you feel comfortable and safely protected.\"}},\"33\":{\"type\":\"doppia\",\"enabled\":\"\",\"fields\":{\"uno\":\"We are trying to turn a complicated period of the month into something <b>less heavy<\\/b>. On average, Women spend <b>10 years<\\/b> having periods in their lifetime;\",\"due\":\"The average woman will use nearly <b>11\\u2019000 tampons<\\/b> over her lifetime; Women will experience about <b>450 periods<\\/b> over their lifetime. \"}},\"101\":{\"type\":\"doppia\",\"enabled\":\"1\",\"fields\":{\"uno\":\"New Medical Horizons s.r.l. is a company born on October 2016. It\\u2019s team is the result of the combination between young and willing personnel with the wiseness of a succesfull entrepreneur.\",\"due\":\"Our objective, even if it may sound too ambitious, is to become the reference point for the absorbance and incontinence medical devices market.\"}},\"102\":{\"type\":\"doppia\",\"enabled\":\"1\",\"fields\":{\"uno\":\"Our range of products is strong of the Combimedica\\u00ae patent (Owned by Franzoni Re S.r.l.), which underlnes the process for which cotton molecules are bound to chlorexidine molecules through polar covalent bond.\",\"due\":\"The layer in contact with the skin is made of delicate antibacterial cotton, which makes the device delicate on skin (<a target=\\\"_blank\\\" href=\\\"http:\\/\\/stopthedot.com\\/assets\\/documents\\/test_dermatologico_dot_ispe.pdf\\\">dermatological test link<\\/a>) and grants the destruction of bacteria that usually generates from humid and warm areas. The bacteria destruction reduces the chance of common infections, while contributing to smell removal.\"}}}}}', '2018-01-23 14:38:56', '2018-01-23 14:38:56', '9f71c7bb-f6f3-4118-9e23-4a9c8341e585'),
 ('124', '6', '5', '1', 'it', '30', '', '{\"typeId\":\"5\",\"authorId\":null,\"title\":\"About\",\"slug\":\"first\",\"postDate\":1484935746,\"expiryDate\":null,\"enabled\":1,\"parentId\":null,\"fields\":{\"18\":{\"46\":{\"type\":\"doppia\",\"enabled\":\"\",\"fields\":{\"uno\":\"<b>DOT<\\/b> \\u00e8 una linea di <b>prodotti innovativi<\\/b>, dedicati al mondo dell\\u2019<b>igiene femminile<\\/b>, nel periodo del ciclo mestruale.<br \\/> Grazie alla loro formulazione in <b>100% cotone<\\/b> ed ad uno speciale <b>brevetto Combimedica<\\/b>, non solo sono <b>anallergici,<\\/b> ma anche <b>naturalmente antibatterici<\\/b>.\",\"due\":\"<b>DOT<\\/b> \\u00e8 disponibile nei pi\\u00f9 comuni formati: <b>Assorbenti con ali giorno e notte<\\/b>, <b>Salvaslip<\\/b> e <b>Tamponi interni<\\/b>.<br \\/>Diverse varianti, pensate in base <b>grado di assorbenza desiderato<\\/b>; perch\\u00e9 il nostro obiettivo \\u00e8 quello di farti sentire a tuo agio e protetta in modo sicuro e naturale.\"}},\"47\":{\"type\":\"doppia\",\"enabled\":\"\",\"fields\":{\"uno\":\"Vogliamo rendere un periodo complicato del mese, un po\\u2019 meno pesante:<\\/br>in media una donna passa <b>10 anni<\\/b> della sua vita in compagnia del ciclo mestruale;\",\"due\":\"Si calcola che in un\\u2019intera vita, una donna, possa arrivare ad utilizzare all\\u2019incirca <b>11.000 tamponi<\\/b> e che <br>il numero di cicli che una donna sperimenta mediamente durante la vita ammonta a <b>450<\\/b>.\"}},\"77\":{\"type\":\"doppia\",\"enabled\":\"1\",\"fields\":{\"uno\":\"La <b>New Medical Horizons s.r.l.<\\/b> \\u00e8 una compagnia nata ad ottobre 2016, \\u00e8 formata da un team che congiunge l\\u2019intraprendenza di personale giovane e volenteroso con la saggezza di un imprenditore di successo.\",\"due\":\"Il nostro obiettivo, sebbene molto ambizioso, \\u00e8 di divenire il punto di riferimento nel settore dell\'assorbenza e di dispositivi medici per incontinenza.\"}},\"78\":{\"type\":\"doppia\",\"enabled\":\"1\",\"fields\":{\"uno\":\"La nostra gamma di prodotti si basa sul brevetto CombiMedica\\u00ae (di propriet\\u00e0 di Franzoni Re S.r.l.) che delinea il processo in cui vengono legate le molecole di cotone alle molecole di clorexidina, tramite legame covalente polare.\",\"due\":\"Lo strato a contatto con la pelle \\u00e8 di delicato cotone antibatterico, questo rende il dispositivo delicato sulla pelle (<a target=\\\"_blank\\\" href=\\\"http:\\/\\/stopthedot.com\\/assets\\/documents\\/test_dermatologico_dot_ispe.pdf\\\">link test dermatologico<\\/a>) e garantisce un abbattimento dei batteri che in genere nascono e si riproducono in zone calde e umide. L\'abbattimento dei batteri diminuisce la probabilit\\u00e0 dell\' insorgere delle pi\\u00f9 comuni infezioni, inoltre contribuisce all\'abbattimento degli odori.\"}}}}}', '2018-01-23 14:39:23', '2018-01-23 14:39:23', 'ccadc3dc-2923-4d6c-a563-e70efd4fc92b'),
 ('125', '6', '5', '1', 'it', '31', '', '{\"typeId\":\"5\",\"authorId\":null,\"title\":\"About\",\"slug\":\"first\",\"postDate\":1484935746,\"expiryDate\":null,\"enabled\":1,\"parentId\":null,\"fields\":{\"18\":{\"46\":{\"type\":\"doppia\",\"enabled\":\"\",\"fields\":{\"uno\":\"<b>DOT<\\/b> \\u00e8 una linea di <b>prodotti innovativi<\\/b>, dedicati al mondo dell\\u2019<b>igiene femminile<\\/b>, nel periodo del ciclo mestruale.<br \\/> Grazie alla loro formulazione in <b>100% cotone<\\/b> ed ad uno speciale <b>brevetto Combimedica<\\/b>, non solo sono <b>anallergici,<\\/b> ma anche <b>naturalmente antibatterici<\\/b>.\",\"due\":\"<b>DOT<\\/b> \\u00e8 disponibile nei pi\\u00f9 comuni formati: <b>Assorbenti con ali giorno e notte<\\/b>, <b>Salvaslip<\\/b> e <b>Tamponi interni<\\/b>.<br \\/>Diverse varianti, pensate in base <b>grado di assorbenza desiderato<\\/b>; perch\\u00e9 il nostro obiettivo \\u00e8 quello di farti sentire a tuo agio e protetta in modo sicuro e naturale.\"}},\"47\":{\"type\":\"doppia\",\"enabled\":\"\",\"fields\":{\"uno\":\"Vogliamo rendere un periodo complicato del mese, un po\\u2019 meno pesante:<\\/br>in media una donna passa <b>10 anni<\\/b> della sua vita in compagnia del ciclo mestruale;\",\"due\":\"Si calcola che in un\\u2019intera vita, una donna, possa arrivare ad utilizzare all\\u2019incirca <b>11.000 tamponi<\\/b> e che <br>il numero di cicli che una donna sperimenta mediamente durante la vita ammonta a <b>450<\\/b>.\"}},\"77\":{\"type\":\"doppia\",\"enabled\":\"1\",\"fields\":{\"uno\":\"La <b>New Medical Horizons s.r.l.<\\/b> \\u00e8 una compagnia nata ad ottobre 2016, \\u00e8 formata da un team che congiunge l\\u2019intraprendenza di personale giovane e volenteroso con la saggezza di un imprenditore di successo.\",\"due\":\"Il nostro obiettivo, sebbene molto ambizioso, \\u00e8 di divenire il <b>punto di riferimento<\\/b> nel settore dell\'assorbenza e di dispositivi medici per incontinenza.\"}},\"78\":{\"type\":\"doppia\",\"enabled\":\"1\",\"fields\":{\"uno\":\"La nostra gamma di prodotti si basa sul <b>brevetto CombiMedica\\u00ae<\\/b> (di propriet\\u00e0 di Franzoni Re S.r.l.) che delinea il processo in cui vengono legate le molecole di cotone alle molecole di clorexidina, tramite legame covalente polare.\",\"due\":\"Lo strato a contatto con la pelle \\u00e8 di <b>delicato cotone antibatterico<\\/b>, questo rende il dispositivo delicato sulla pelle (<a target=\\\"_blank\\\" href=\\\"http:\\/\\/stopthedot.com\\/assets\\/documents\\/test_dermatologico_dot_ispe.pdf\\\">link test dermatologico<\\/a>) e garantisce un abbattimento dei batteri che in genere nascono e si riproducono in zone calde e umide. L\'abbattimento dei batteri diminuisce la probabilit\\u00e0 dell\' insorgere delle pi\\u00f9 comuni infezioni, inoltre contribuisce all\'abbattimento degli odori.\"}}}}}', '2018-01-23 14:40:34', '2018-01-23 14:40:34', '0eb35f92-0f14-4e6b-8dc0-7c81c4ad5da9'),
 ('126', '6', '5', '1', 'it', '32', '', '{\"typeId\":\"5\",\"authorId\":null,\"title\":\"About\",\"slug\":\"first\",\"postDate\":1484935746,\"expiryDate\":null,\"enabled\":1,\"parentId\":null,\"fields\":{\"18\":{\"46\":{\"type\":\"doppia\",\"enabled\":\"\",\"fields\":{\"uno\":\"<b>DOT<\\/b> \\u00e8 una linea di <b>prodotti innovativi<\\/b>, dedicati al mondo dell\\u2019<b>igiene femminile<\\/b>, nel periodo del ciclo mestruale.<br \\/> Grazie alla loro formulazione in <b>100% cotone<\\/b> ed ad uno speciale <b>brevetto Combimedica<\\/b>, non solo sono <b>anallergici,<\\/b> ma anche <b>naturalmente antibatterici<\\/b>.\",\"due\":\"<b>DOT<\\/b> \\u00e8 disponibile nei pi\\u00f9 comuni formati: <b>Assorbenti con ali giorno e notte<\\/b>, <b>Salvaslip<\\/b> e <b>Tamponi interni<\\/b>.<br \\/>Diverse varianti, pensate in base <b>grado di assorbenza desiderato<\\/b>; perch\\u00e9 il nostro obiettivo \\u00e8 quello di farti sentire a tuo agio e protetta in modo sicuro e naturale.\"}},\"47\":{\"type\":\"doppia\",\"enabled\":\"\",\"fields\":{\"uno\":\"Vogliamo rendere un periodo complicato del mese, un po\\u2019 meno pesante:<\\/br>in media una donna passa <b>10 anni<\\/b> della sua vita in compagnia del ciclo mestruale;\",\"due\":\"Si calcola che in un\\u2019intera vita, una donna, possa arrivare ad utilizzare all\\u2019incirca <b>11.000 tamponi<\\/b> e che <br>il numero di cicli che una donna sperimenta mediamente durante la vita ammonta a <b>450<\\/b>.\"}},\"77\":{\"type\":\"doppia\",\"enabled\":\"1\",\"fields\":{\"uno\":\"La <b>New Medical Horizons s.r.l.<\\/b> \\u00e8 una compagnia nata ad ottobre 2016, \\u00e8 formata da un team che congiunge l\\u2019intraprendenza di personale giovane e volenteroso con la saggezza di un imprenditore di successo.\",\"due\":\"Il nostro obiettivo, sebbene molto ambizioso, \\u00e8 di divenire il <b>punto di riferimento<\\/b> nel settore dell\'assorbenza e di dispositivi medici per incontinenza.\"}},\"78\":{\"type\":\"doppia\",\"enabled\":\"1\",\"fields\":{\"uno\":\"La nostra gamma di prodotti si basa sul <b>brevetto CombiMedica\\u00ae<\\/b> (di propriet\\u00e0 di Franzoni Re S.r.l.) che delinea il processo in cui vengono legate le molecole di cotone alle molecole di clorexidina, tramite legame covalente polare.\",\"due\":\"Lo strato a contatto con la pelle \\u00e8 di <b>delicato cotone antibatterico<\\/b>, questo rende il dispositivo delicato sulla pelle (<a target=\\\"_blank\\\" href=\\\"http:\\/\\/stopthedot.com\\/assets\\/documents\\/test_dermatologico_dot_ispe.pdf\\\">link test dermatologico<\\/a>) e garantisce un abbattimento dei batteri che in genere nascono e si riproducono in zone calde e umide. L\'abbattimento dei batteri <b>diminuisce la probabilit\\u00e0 dell\' insorgere delle pi\\u00f9 comuni infezioni<\\/b>, inoltre contribuisce all\'abbattimento degli odori.\"}}}}}', '2018-01-23 14:41:29', '2018-01-23 14:41:29', 'b8ebeed2-3de2-496b-9c96-7bfb744419d8'),
 ('127', '6', '5', '1', 'en', '17', '', '{\"typeId\":\"5\",\"authorId\":null,\"title\":\"About\",\"slug\":\"first\",\"postDate\":1484935746,\"expiryDate\":null,\"enabled\":1,\"parentId\":null,\"fields\":{\"18\":{\"32\":{\"type\":\"doppia\",\"enabled\":\"\",\"fields\":{\"uno\":\"<b>DOT<\\/b> is a line of innovative products, dedicated to feminine and hygienic world during the menstrual cycle. Thanks to their <b>100% Cotton<\\/b> formulation and to its special <b>Combimedica patent<\\/b>, they are not only <b>hypoallergenic<\\/b> but also <b>naturally antibacterial<\\/b>\",\"due\":\"<b>DOT is available in the most common formats, these include<\\/b>: Pads with wings for the day, Pads with wings for the night, Pantyliners and Tampons. Every <b>DOT<\\/b> is available in different variants, depending to the desired absorbency degree. That\\u2019s because the aim of every product is to make you feel comfortable and safely protected.\"}},\"33\":{\"type\":\"doppia\",\"enabled\":\"\",\"fields\":{\"uno\":\"We are trying to turn a complicated period of the month into something <b>less heavy<\\/b>. On average, Women spend <b>10 years<\\/b> having periods in their lifetime;\",\"due\":\"The average woman will use nearly <b>11\\u2019000 tampons<\\/b> over her lifetime; Women will experience about <b>450 periods<\\/b> over their lifetime. \"}},\"101\":{\"type\":\"doppia\",\"enabled\":\"1\",\"fields\":{\"uno\":\"<b>New Medical Horizons s.r.l.<\\/b> is a company born on October 2016. It\\u2019s team is the result of the combination between young and willing personnel with the wiseness of a succesfull entrepreneur.\",\"due\":\"Our objective, even if it may sound too ambitious, is to become the <b>reference point<\\/b> for the absorbance and incontinence medical devices market.\"}},\"102\":{\"type\":\"doppia\",\"enabled\":\"1\",\"fields\":{\"uno\":\"Our range of products is strong of the <b>Combimedica\\u00ae patent<\\/b> (Owned by Franzoni Re S.r.l.), which underlnes the process for which cotton molecules are bound to chlorexidine molecules through polar covalent bond.\",\"due\":\"The layer in contact with the skin is made of <b>delicate antibacterial cotton<\\/b>, which makes the device delicate on skin (<a target=\\\"_blank\\\" href=\\\"http:\\/\\/stopthedot.com\\/assets\\/documents\\/test_dermatologico_dot_ispe.pdf\\\">dermatological test link<\\/a>) and grants the destruction of bacteria that usually generates from humid and warm areas. The bacteria destruction <b>reduces the chance of common infections<\\/b>, while contributing to smell removal.\"}}}}}', '2018-01-23 14:42:36', '2018-01-23 14:42:36', '606c06be-9287-4483-bc31-bdfbac41aed0'),
 ('128', '6', '5', '1', 'en', '18', '', '{\"typeId\":\"5\",\"authorId\":null,\"title\":\"About\",\"slug\":\"first\",\"postDate\":1484935746,\"expiryDate\":null,\"enabled\":1,\"parentId\":null,\"fields\":{\"18\":{\"32\":{\"type\":\"doppia\",\"enabled\":\"\",\"fields\":{\"uno\":\"<b>DOT<\\/b> is a line of innovative products, dedicated to feminine and hygienic world during the menstrual cycle. Thanks to their <b>100% Cotton<\\/b> formulation and to its special <b>Combimedica patent<\\/b>, they are not only <b>hypoallergenic<\\/b> but also <b>naturally antibacterial<\\/b>\",\"due\":\"<b>DOT is available in the most common formats, these include<\\/b>: Pads with wings for the day, Pads with wings for the night, Pantyliners and Tampons. Every <b>DOT<\\/b> is available in different variants, depending to the desired absorbency degree. That\\u2019s because the aim of every product is to make you feel comfortable and safely protected.\"}},\"33\":{\"type\":\"doppia\",\"enabled\":\"\",\"fields\":{\"uno\":\"We are trying to turn a complicated period of the month into something <b>less heavy<\\/b>. On average, Women spend <b>10 years<\\/b> having periods in their lifetime;\",\"due\":\"The average woman will use nearly <b>11\\u2019000 tampons<\\/b> over her lifetime; Women will experience about <b>450 periods<\\/b> over their lifetime. \"}},\"101\":{\"type\":\"doppia\",\"enabled\":\"1\",\"fields\":{\"uno\":\"<b>New Medical Horizons s.r.l.<\\/b> is a company born on October 2016. It\\u2019s team is the result of the combination between young and willing personnel with the wiseness of a succesfull entrepreneur.\",\"due\":\"Our objective, even if it may sound too ambitious, is to become the <b>reference point<\\/b> for the absorbance and incontinence medical devices market.\"}},\"102\":{\"type\":\"doppia\",\"enabled\":\"1\",\"fields\":{\"uno\":\"Our range of products is strong of the <b>Combimedica\\u00ae patent<\\/b> (Owned by Franzoni Re S.r.l.), which underlnes the process for which cotton molecules are bound to chlorexidine molecules through polar covalent bond.\",\"due\":\"The layer in contact with the skin is made of <b>delicate antibacterial cotton<\\/b>, which makes the device delicate on skin (<a target=\\\"_blank\\\" href=\\\"http:\\/\\/stopthedot.com\\/assets\\/documents\\/test_dermatologico_dot_ispe.pdf\\\">dermatological test link<\\/a>) and grants the destruction of bacteria that usually generates from humid and warm areas. The bacteria destruction <b>reduces the chance of common infections<\\/b>, while contributing to smell removal.\"}}}}}', '2018-01-23 15:13:36', '2018-01-23 15:13:36', '1b8bd0ed-589b-4962-818d-1fbce13eecf3'),
 ('129', '6', '5', '1', 'it', '33', '', '{\"typeId\":\"5\",\"authorId\":null,\"title\":\"About\",\"slug\":\"first\",\"postDate\":1484935746,\"expiryDate\":null,\"enabled\":1,\"parentId\":null,\"fields\":{\"18\":{\"46\":{\"type\":\"doppia\",\"enabled\":\"\",\"fields\":{\"uno\":\"<b>DOT<\\/b> \\u00e8 una linea di <b>prodotti innovativi<\\/b>, dedicati al mondo dell\\u2019<b>igiene femminile<\\/b>, nel periodo del ciclo mestruale.<br \\/> Grazie alla loro formulazione in <b>100% cotone<\\/b> ed ad uno speciale <b>brevetto Combimedica<\\/b>, non solo sono <b>anallergici,<\\/b> ma anche <b>naturalmente antibatterici<\\/b>.\",\"due\":\"<b>DOT<\\/b> \\u00e8 disponibile nei pi\\u00f9 comuni formati: <b>Assorbenti con ali giorno e notte<\\/b>, <b>Salvaslip<\\/b> e <b>Tamponi interni<\\/b>.<br \\/>Diverse varianti, pensate in base <b>grado di assorbenza desiderato<\\/b>; perch\\u00e9 il nostro obiettivo \\u00e8 quello di farti sentire a tuo agio e protetta in modo sicuro e naturale.\"}},\"47\":{\"type\":\"doppia\",\"enabled\":\"\",\"fields\":{\"uno\":\"Vogliamo rendere un periodo complicato del mese, un po\\u2019 meno pesante:<\\/br>in media una donna passa <b>10 anni<\\/b> della sua vita in compagnia del ciclo mestruale;\",\"due\":\"Si calcola che in un\\u2019intera vita, una donna, possa arrivare ad utilizzare all\\u2019incirca <b>11.000 tamponi<\\/b> e che <br>il numero di cicli che una donna sperimenta mediamente durante la vita ammonta a <b>450<\\/b>.\"}},\"77\":{\"type\":\"doppia\",\"enabled\":\"1\",\"fields\":{\"uno\":\"La <b>New Medical Horizons s.r.l.<\\/b> \\u00e8 una compagnia nata ad ottobre 2016, \\u00e8 formata da un team che congiunge l\\u2019intraprendenza di personale giovane e volenteroso con la saggezza di un imprenditore di successo.\",\"due\":\"Il nostro obiettivo, sebbene molto ambizioso, \\u00e8 di divenire il <b>punto di riferimento<\\/b> nel settore dell\'assorbenza e di dispositivi medici per incontinenza.\"}},\"78\":{\"type\":\"doppia\",\"enabled\":\"1\",\"fields\":{\"uno\":\"La nostra gamma di prodotti si basa sul <b>brevetto CombiMedica\\u00ae<\\/b> (di propriet\\u00e0 di Franzoni Re S.r.l.) che delinea il processo in cui vengono legate le molecole di cotone alle molecole di clorexidina, tramite legame covalente polare.\",\"due\":\"Lo strato a contatto con la pelle \\u00e8 di <b>delicato cotone antibatterico<\\/b>, questo rende il dispositivo delicato sulla pelle (<a target=\\\"_blank\\\" href=\\\"http:\\/\\/stopthedot.com\\/assets\\/documents\\/test_dermatologico_dot_ispe.pdf\\\">link test dermatologico<\\/a>) e garantisce un abbattimento dei batteri che in genere nascono e si riproducono in zone calde e umide. L\'abbattimento dei batteri <b>diminuisce la probabilit\\u00e0 dell\' insorgere delle pi\\u00f9 comuni infezioni<\\/b>, inoltre contribuisce all\'abbattimento degli odori. Gli assorbenti Dot sono made in italy \\ud83c\\uddee\\ud83c\\uddf9.\"}}}}}', '2018-01-24 09:01:44', '2018-01-24 09:01:44', '4f99a08e-e622-4bbd-9c9d-f59668938e68'),
 ('130', '6', '5', '1', 'it', '34', '', '{\"typeId\":\"5\",\"authorId\":null,\"title\":\"About\",\"slug\":\"first\",\"postDate\":1484935746,\"expiryDate\":null,\"enabled\":1,\"parentId\":null,\"fields\":{\"18\":{\"46\":{\"type\":\"doppia\",\"enabled\":\"\",\"fields\":{\"uno\":\"<b>DOT<\\/b> \\u00e8 una linea di <b>prodotti innovativi<\\/b>, dedicati al mondo dell\\u2019<b>igiene femminile<\\/b>, nel periodo del ciclo mestruale.<br \\/> Grazie alla loro formulazione in <b>100% cotone<\\/b> ed ad uno speciale <b>brevetto Combimedica<\\/b>, non solo sono <b>anallergici,<\\/b> ma anche <b>naturalmente antibatterici<\\/b>.\",\"due\":\"<b>DOT<\\/b> \\u00e8 disponibile nei pi\\u00f9 comuni formati: <b>Assorbenti con ali giorno e notte<\\/b>, <b>Salvaslip<\\/b> e <b>Tamponi interni<\\/b>.<br \\/>Diverse varianti, pensate in base <b>grado di assorbenza desiderato<\\/b>; perch\\u00e9 il nostro obiettivo \\u00e8 quello di farti sentire a tuo agio e protetta in modo sicuro e naturale.\"}},\"47\":{\"type\":\"doppia\",\"enabled\":\"\",\"fields\":{\"uno\":\"Vogliamo rendere un periodo complicato del mese, un po\\u2019 meno pesante:<\\/br>in media una donna passa <b>10 anni<\\/b> della sua vita in compagnia del ciclo mestruale;\",\"due\":\"Si calcola che in un\\u2019intera vita, una donna, possa arrivare ad utilizzare all\\u2019incirca <b>11.000 tamponi<\\/b> e che <br>il numero di cicli che una donna sperimenta mediamente durante la vita ammonta a <b>450<\\/b>.\"}},\"77\":{\"type\":\"doppia\",\"enabled\":\"1\",\"fields\":{\"uno\":\"La <b>New Medical Horizons s.r.l.<\\/b> \\u00e8 una compagnia nata ad ottobre 2016, \\u00e8 formata da un team che congiunge l\\u2019intraprendenza di personale giovane e volenteroso con la saggezza di un imprenditore di successo.\",\"due\":\"Il nostro obiettivo, sebbene molto ambizioso, \\u00e8 di divenire il <b>punto di riferimento<\\/b> nel settore dell\'assorbenza e di dispositivi medici per incontinenza.\"}},\"78\":{\"type\":\"doppia\",\"enabled\":\"1\",\"fields\":{\"uno\":\"La nostra gamma di prodotti si basa sul <b>brevetto CombiMedica\\u00ae<\\/b> (di propriet\\u00e0 di Franzoni Re S.r.l.) che delinea il processo in cui vengono legate le molecole di cotone alle molecole di clorexidina, tramite legame covalente polare.\",\"due\":\"Lo strato a contatto con la pelle \\u00e8 di <b>delicato cotone antibatterico<\\/b>, questo rende il dispositivo delicato sulla pelle (<a target=\\\"_blank\\\" href=\\\"http:\\/\\/stopthedot.com\\/assets\\/documents\\/test_dermatologico_dot_ispe.pdf\\\">link test dermatologico<\\/a>) e garantisce un abbattimento dei batteri che in genere nascono e si riproducono in zone calde e umide. L\'abbattimento dei batteri <b>diminuisce la probabilit\\u00e0 dell\' insorgere delle pi\\u00f9 comuni infezioni<\\/b>, inoltre contribuisce all\'abbattimento degli odori. Gli assorbenti Dot sono made in Italy \\ud83c\\uddee\\ud83c\\uddf9\"}}}}}', '2018-01-24 09:24:54', '2018-01-24 09:24:54', '08c4fabb-09f2-42c9-b789-f2d77233fa8c'),
 ('131', '6', '5', '1', 'it', '35', '', '{\"typeId\":\"5\",\"authorId\":null,\"title\":\"About\",\"slug\":\"first\",\"postDate\":1484935746,\"expiryDate\":null,\"enabled\":1,\"parentId\":null,\"fields\":{\"18\":{\"46\":{\"type\":\"doppia\",\"enabled\":\"\",\"fields\":{\"uno\":\"<b>DOT<\\/b> \\u00e8 una linea di <b>prodotti innovativi<\\/b>, dedicati al mondo dell\\u2019<b>igiene femminile<\\/b>, nel periodo del ciclo mestruale.<br \\/> Grazie alla loro formulazione in <b>100% cotone<\\/b> ed ad uno speciale <b>brevetto Combimedica<\\/b>, non solo sono <b>anallergici,<\\/b> ma anche <b>naturalmente antibatterici<\\/b>.\",\"due\":\"<b>DOT<\\/b> \\u00e8 disponibile nei pi\\u00f9 comuni formati: <b>Assorbenti con ali giorno e notte<\\/b>, <b>Salvaslip<\\/b> e <b>Tamponi interni<\\/b>.<br \\/>Diverse varianti, pensate in base <b>grado di assorbenza desiderato<\\/b>; perch\\u00e9 il nostro obiettivo \\u00e8 quello di farti sentire a tuo agio e protetta in modo sicuro e naturale.\"}},\"47\":{\"type\":\"doppia\",\"enabled\":\"\",\"fields\":{\"uno\":\"Vogliamo rendere un periodo complicato del mese, un po\\u2019 meno pesante:<\\/br>in media una donna passa <b>10 anni<\\/b> della sua vita in compagnia del ciclo mestruale;\",\"due\":\"Si calcola che in un\\u2019intera vita, una donna, possa arrivare ad utilizzare all\\u2019incirca <b>11.000 tamponi<\\/b> e che <br>il numero di cicli che una donna sperimenta mediamente durante la vita ammonta a <b>450<\\/b>.\"}},\"77\":{\"type\":\"doppia\",\"enabled\":\"1\",\"fields\":{\"uno\":\"La <b>New Medical Horizons s.r.l.<\\/b> \\u00e8 una compagnia nata ad ottobre 2016, \\u00e8 formata da un team che congiunge l\\u2019intraprendenza di personale giovane e volenteroso con la saggezza di un imprenditore di successo.\",\"due\":\"Il nostro obiettivo, sebbene molto ambizioso, \\u00e8 di divenire il <b>punto di riferimento<\\/b> nel settore dell\'assorbenza e di dispositivi medici per incontinenza.\"}},\"78\":{\"type\":\"doppia\",\"enabled\":\"1\",\"fields\":{\"uno\":\"La nostra gamma di prodotti si basa sul <b>brevetto CombiMedica\\u00ae<\\/b> (di propriet\\u00e0 di Franzoni Re S.r.l.) che delinea il processo in cui vengono legate le molecole di cotone alle molecole di clorexidina, tramite legame covalente polare.\",\"due\":\"Lo strato a contatto con la pelle \\u00e8 di <b>delicato cotone antibatterico<\\/b>, questo rende il dispositivo delicato sulla pelle (<a target=\\\"_blank\\\" href=\\\"http:\\/\\/stopthedot.com\\/assets\\/documents\\/test_dermatologico_dot_ispe.pdf\\\">link test dermatologico<\\/a>) e garantisce un abbattimento dei batteri che in genere nascono e si riproducono in zone calde e umide. L\'abbattimento dei batteri <b>diminuisce la probabilit\\u00e0 dell\' insorgere delle pi\\u00f9 comuni infezioni<\\/b>, inoltre contribuisce all\'abbattimento degli odori. Gli assorbenti Dot sono made in  \\ud83c\\uddee\\ud83c\\uddf9 Italy \"}}}}}', '2018-01-24 09:25:01', '2018-01-24 09:25:01', '57b262fb-226e-44d6-9f54-b384df3fb566'),
 ('132', '6', '5', '1', 'it', '36', '', '{\"typeId\":\"5\",\"authorId\":null,\"title\":\"About\",\"slug\":\"first\",\"postDate\":1484935746,\"expiryDate\":null,\"enabled\":1,\"parentId\":null,\"fields\":{\"18\":{\"46\":{\"type\":\"doppia\",\"enabled\":\"\",\"fields\":{\"uno\":\"<b>DOT<\\/b> \\u00e8 una linea di <b>prodotti innovativi<\\/b>, dedicati al mondo dell\\u2019<b>igiene femminile<\\/b>, nel periodo del ciclo mestruale.<br \\/> Grazie alla loro formulazione in <b>100% cotone<\\/b> ed ad uno speciale <b>brevetto Combimedica<\\/b>, non solo sono <b>anallergici,<\\/b> ma anche <b>naturalmente antibatterici<\\/b>.\",\"due\":\"<b>DOT<\\/b> \\u00e8 disponibile nei pi\\u00f9 comuni formati: <b>Assorbenti con ali giorno e notte<\\/b>, <b>Salvaslip<\\/b> e <b>Tamponi interni<\\/b>.<br \\/>Diverse varianti, pensate in base <b>grado di assorbenza desiderato<\\/b>; perch\\u00e9 il nostro obiettivo \\u00e8 quello di farti sentire a tuo agio e protetta in modo sicuro e naturale.\"}},\"47\":{\"type\":\"doppia\",\"enabled\":\"\",\"fields\":{\"uno\":\"Vogliamo rendere un periodo complicato del mese, un po\\u2019 meno pesante:<\\/br>in media una donna passa <b>10 anni<\\/b> della sua vita in compagnia del ciclo mestruale;\",\"due\":\"Si calcola che in un\\u2019intera vita, una donna, possa arrivare ad utilizzare all\\u2019incirca <b>11.000 tamponi<\\/b> e che <br>il numero di cicli che una donna sperimenta mediamente durante la vita ammonta a <b>450<\\/b>.\"}},\"77\":{\"type\":\"doppia\",\"enabled\":\"1\",\"fields\":{\"uno\":\"La <b>New Medical Horizons s.r.l.<\\/b> \\u00e8 una compagnia nata ad ottobre 2016, \\u00e8 formata da un team che congiunge l\\u2019intraprendenza di personale giovane e volenteroso con la saggezza di un imprenditore di successo.\",\"due\":\"Il nostro obiettivo, sebbene molto ambizioso, \\u00e8 di divenire il <b>punto di riferimento<\\/b> nel settore dell\'assorbenza e di dispositivi medici per incontinenza.\"}},\"78\":{\"type\":\"doppia\",\"enabled\":\"1\",\"fields\":{\"uno\":\"La nostra gamma di prodotti si basa sul <b>brevetto CombiMedica\\u00ae<\\/b> (di propriet\\u00e0 di Franzoni Re S.r.l.) che delinea il processo in cui vengono legate le molecole di cotone alle molecole di clorexidina, tramite legame covalente polare.\",\"due\":\"Lo strato a contatto con la pelle \\u00e8 di <b>delicato cotone antibatterico<\\/b>, questo rende il dispositivo delicato sulla pelle (<a target=\\\"_blank\\\" href=\\\"http:\\/\\/stopthedot.com\\/assets\\/documents\\/test_dermatologico_dot_ispe.pdf\\\">link test dermatologico<\\/a>) e garantisce un abbattimento dei batteri che in genere nascono e si riproducono in zone calde e umide. L\'abbattimento dei batteri <b>diminuisce la probabilit\\u00e0 dell\' insorgere delle pi\\u00f9 comuni infezioni<\\/b>, inoltre contribuisce all\'abbattimento degli odori. Gli assorbenti Dot sono made in Italy  \"}}}}}', '2018-01-24 09:25:09', '2018-01-24 09:25:09', 'd22af735-f13d-4d65-a110-7dae8c766184'),
 ('133', '6', '5', '1', 'it', '37', '', '{\"typeId\":\"5\",\"authorId\":null,\"title\":\"About\",\"slug\":\"first\",\"postDate\":1484935746,\"expiryDate\":null,\"enabled\":1,\"parentId\":null,\"fields\":{\"18\":{\"46\":{\"type\":\"doppia\",\"enabled\":\"\",\"fields\":{\"uno\":\"<b>DOT<\\/b> \\u00e8 una linea di <b>prodotti innovativi<\\/b>, dedicati al mondo dell\\u2019<b>igiene femminile<\\/b>, nel periodo del ciclo mestruale.<br \\/> Grazie alla loro formulazione in <b>100% cotone<\\/b> ed ad uno speciale <b>brevetto Combimedica<\\/b>, non solo sono <b>anallergici,<\\/b> ma anche <b>naturalmente antibatterici<\\/b>.\",\"due\":\"<b>DOT<\\/b> \\u00e8 disponibile nei pi\\u00f9 comuni formati: <b>Assorbenti con ali giorno e notte<\\/b>, <b>Salvaslip<\\/b> e <b>Tamponi interni<\\/b>.<br \\/>Diverse varianti, pensate in base <b>grado di assorbenza desiderato<\\/b>; perch\\u00e9 il nostro obiettivo \\u00e8 quello di farti sentire a tuo agio e protetta in modo sicuro e naturale.\"}},\"47\":{\"type\":\"doppia\",\"enabled\":\"\",\"fields\":{\"uno\":\"Vogliamo rendere un periodo complicato del mese, un po\\u2019 meno pesante:<\\/br>in media una donna passa <b>10 anni<\\/b> della sua vita in compagnia del ciclo mestruale;\",\"due\":\"Si calcola che in un\\u2019intera vita, una donna, possa arrivare ad utilizzare all\\u2019incirca <b>11.000 tamponi<\\/b> e che <br>il numero di cicli che una donna sperimenta mediamente durante la vita ammonta a <b>450<\\/b>.\"}},\"77\":{\"type\":\"doppia\",\"enabled\":\"1\",\"fields\":{\"uno\":\"La <b>New Medical Horizons s.r.l.<\\/b> \\u00e8 una compagnia nata ad ottobre 2016, \\u00e8 formata da un team che congiunge l\\u2019intraprendenza di personale giovane e volenteroso con la saggezza di un imprenditore di successo.\",\"due\":\"Il nostro obiettivo, sebbene molto ambizioso, \\u00e8 di divenire il <b>punto di riferimento<\\/b> nel settore dell\'assorbenza e di dispositivi medici per incontinenza.\"}},\"78\":{\"type\":\"doppia\",\"enabled\":\"1\",\"fields\":{\"uno\":\"La nostra gamma di prodotti si basa sul <b>brevetto CombiMedica\\u00ae<\\/b> (di propriet\\u00e0 di Franzoni Re S.r.l.) che delinea il processo in cui vengono legate le molecole di cotone alle molecole di clorexidina, tramite legame covalente polare.\",\"due\":\"Lo strato a contatto con la pelle \\u00e8 di <b>delicato cotone antibatterico<\\/b>, questo rende il dispositivo delicato sulla pelle (<a target=\\\"_blank\\\" href=\\\"http:\\/\\/stopthedot.com\\/assets\\/documents\\/test_dermatologico_dot_ispe.pdf\\\">link test dermatologico<\\/a>) e garantisce un abbattimento dei batteri che in genere nascono e si riproducono in zone calde e umide. L\'abbattimento dei batteri <b>diminuisce la probabilit\\u00e0 dell\' insorgere delle pi\\u00f9 comuni infezioni<\\/b>, inoltre contribuisce all\'abbattimento degli odori. Gli assorbenti Dot sono made in Italy  \\ud83c\\uddee\\ud83c\\uddf9\"}}}}}', '2018-01-24 09:26:33', '2018-01-24 09:26:33', '6f16f994-e03b-455f-84d3-708a67e4e697'),
 ('134', '6', '5', '1', 'it', '38', '', '{\"typeId\":\"5\",\"authorId\":null,\"title\":\"About\",\"slug\":\"first\",\"postDate\":1484935746,\"expiryDate\":null,\"enabled\":1,\"parentId\":null,\"fields\":{\"18\":{\"46\":{\"type\":\"doppia\",\"enabled\":\"\",\"fields\":{\"uno\":\"<b>DOT<\\/b> \\u00e8 una linea di <b>prodotti innovativi<\\/b>, dedicati al mondo dell\\u2019<b>igiene femminile<\\/b>, nel periodo del ciclo mestruale.<br \\/> Grazie alla loro formulazione in <b>100% cotone<\\/b> ed ad uno speciale <b>brevetto Combimedica<\\/b>, non solo sono <b>anallergici,<\\/b> ma anche <b>naturalmente antibatterici<\\/b>.\",\"due\":\"<b>DOT<\\/b> \\u00e8 disponibile nei pi\\u00f9 comuni formati: <b>Assorbenti con ali giorno e notte<\\/b>, <b>Salvaslip<\\/b> e <b>Tamponi interni<\\/b>.<br \\/>Diverse varianti, pensate in base <b>grado di assorbenza desiderato<\\/b>; perch\\u00e9 il nostro obiettivo \\u00e8 quello di farti sentire a tuo agio e protetta in modo sicuro e naturale.\"}},\"47\":{\"type\":\"doppia\",\"enabled\":\"\",\"fields\":{\"uno\":\"Vogliamo rendere un periodo complicato del mese, un po\\u2019 meno pesante:<\\/br>in media una donna passa <b>10 anni<\\/b> della sua vita in compagnia del ciclo mestruale;\",\"due\":\"Si calcola che in un\\u2019intera vita, una donna, possa arrivare ad utilizzare all\\u2019incirca <b>11.000 tamponi<\\/b> e che <br>il numero di cicli che una donna sperimenta mediamente durante la vita ammonta a <b>450<\\/b>.\"}},\"77\":{\"type\":\"doppia\",\"enabled\":\"1\",\"fields\":{\"uno\":\"La <b>New Medical Horizons s.r.l.<\\/b> \\u00e8 una compagnia nata ad ottobre 2016, \\u00e8 formata da un team che congiunge l\\u2019intraprendenza di personale giovane e volenteroso con la saggezza di un imprenditore di successo.\",\"due\":\"Il nostro obiettivo, sebbene molto ambizioso, \\u00e8 di divenire il <b>punto di riferimento<\\/b> nel settore dell\'assorbenza e di dispositivi medici per incontinenza.\"}},\"78\":{\"type\":\"doppia\",\"enabled\":\"1\",\"fields\":{\"uno\":\"La nostra gamma di prodotti si basa sul <b>brevetto CombiMedica\\u00ae<\\/b> (di propriet\\u00e0 di Franzoni Re S.r.l.) che delinea il processo in cui vengono legate le molecole di cotone alle molecole di clorexidina, tramite legame covalente polare. Lo strato a contatto con la pelle \\u00e8 di <b>delicato cotone antibatterico<\\/b>, questo rende il dispositivo delicato sulla pelle (<a target=\\\"_blank\\\" href=\\\"http:\\/\\/stopthedot.com\\/assets\\/documents\\/test_dermatologico_dot_ispe.pdf\\\">link test dermatologico<\\/a>)\",\"due\":\"e garantisce un abbattimento dei batteri che in genere nascono e si riproducono in zone calde e umide. L\'abbattimento dei batteri <b>diminuisce la probabilit\\u00e0 dell\' insorgere delle pi\\u00f9 comuni infezioni<\\/b>, inoltre contribuisce all\'abbattimento degli odori. Gli assorbenti Dot sono made in Italy  \\ud83c\\uddee\\ud83c\\uddf9\"}}}}}', '2018-01-24 09:35:55', '2018-01-24 09:35:55', '9f5ceda4-ba7a-4641-adb8-deae8f23af4a');



DROP TABLE IF EXISTS `craft_fieldgroups`;


--
-- Schema for table `craft_fieldgroups`
--
CREATE TABLE `craft_fieldgroups` (
  `id` int(11) NOT NULL AUTO_INCREMENT,
  `name` varchar(255) COLLATE utf8_unicode_ci NOT NULL,
  `dateCreated` datetime NOT NULL,
  `dateUpdated` datetime NOT NULL,
  `uid` char(36) COLLATE utf8_unicode_ci NOT NULL DEFAULT '0',
  PRIMARY KEY (`id`),
  UNIQUE KEY `craft_fieldgroups_name_unq_idx` (`name`)
) ENGINE=InnoDB AUTO_INCREMENT=6 DEFAULT CHARSET=utf8 COLLATE=utf8_unicode_ci;

--
-- Data for table `craft_fieldgroups`
--

INSERT INTO `craft_fieldgroups` (`id`, `name`, `dateCreated`, `dateUpdated`, `uid`) VALUES
 ('1', 'Default', '2017-01-13 15:45:33', '2017-01-13 15:45:33', '9c24b719-b4c8-4830-aaf3-82cd2bf79d38'),
 ('2', 'Generic', '2017-01-23 10:14:28', '2017-01-23 10:14:28', '1fd1cc2f-1b2c-4aba-b3e2-801009abe03e'),
 ('3', 'Menu', '2017-01-23 10:25:41', '2017-01-23 10:25:41', '7491fe2d-366a-4458-a398-8afedd542e26'),
 ('4', 'Request', '2017-01-23 11:52:17', '2017-01-23 11:52:17', '04a263dc-d8cc-4344-a8e4-9b40bda1d5bf'),
 ('5', 'Form', '2017-01-23 11:59:30', '2017-01-23 11:59:30', 'bc1a928f-6fc1-4b06-b31f-e98dfc1f9b9a');



DROP TABLE IF EXISTS `craft_fieldlayoutfields`;


--
-- Schema for table `craft_fieldlayoutfields`
--
CREATE TABLE `craft_fieldlayoutfields` (
  `id` int(11) NOT NULL AUTO_INCREMENT,
  `layoutId` int(11) NOT NULL,
  `tabId` int(11) NOT NULL,
  `fieldId` int(11) NOT NULL,
  `required` tinyint(1) unsigned NOT NULL DEFAULT '0',
  `sortOrder` smallint(6) unsigned DEFAULT NULL,
  `dateCreated` datetime NOT NULL,
  `dateUpdated` datetime NOT NULL,
  `uid` char(36) COLLATE utf8_unicode_ci NOT NULL DEFAULT '0',
  PRIMARY KEY (`id`),
  UNIQUE KEY `craft_fieldlayoutfields_layoutId_fieldId_unq_idx` (`layoutId`,`fieldId`),
  KEY `craft_fieldlayoutfields_sortOrder_idx` (`sortOrder`),
  KEY `craft_fieldlayoutfields_tabId_fk` (`tabId`),
  KEY `craft_fieldlayoutfields_fieldId_fk` (`fieldId`)
) ENGINE=InnoDB AUTO_INCREMENT=227 DEFAULT CHARSET=utf8 COLLATE=utf8_unicode_ci;

--
-- Data for table `craft_fieldlayoutfields`
--

INSERT INTO `craft_fieldlayoutfields` (`id`, `layoutId`, `tabId`, `fieldId`, `required`, `sortOrder`, `dateCreated`, `dateUpdated`, `uid`) VALUES
 ('5', '8', '4', '7', '0', '1', '2017-01-19 15:47:25', '2017-01-19 15:47:25', 'd1d869b2-14cb-4f7e-bc17-7817191c1af4'),
 ('6', '8', '4', '8', '0', '2', '2017-01-19 15:47:25', '2017-01-19 15:47:25', 'a7b081a5-b70f-4dec-9709-55e523c8e317'),
 ('75', '49', '36', '18', '0', '1', '2017-01-20 17:59:34', '2017-01-20 17:59:34', '6585d73c-ab75-45df-b9eb-70ed2339ac45'),
 ('79', '51', '38', '19', '0', '1', '2017-01-20 18:10:24', '2017-01-20 18:10:24', '7dcf0d02-9b81-4300-a933-5ecc2e5ad8c6'),
 ('80', '52', '39', '21', '0', '1', '2017-01-20 18:10:25', '2017-01-20 18:10:25', 'a6defa60-2eb1-479c-8276-3acfd6236349'),
 ('81', '52', '39', '22', '0', '2', '2017-01-20 18:10:25', '2017-01-20 18:10:25', 'f9d2b7ef-7a13-4062-a6da-a8ccc50d58cf'),
 ('99', '60', '45', '36', '0', '1', '2017-01-23 11:57:11', '2017-01-23 11:57:11', '3caf7d16-5817-4075-9d37-0b442a9b544f'),
 ('100', '60', '45', '37', '0', '2', '2017-01-23 11:57:11', '2017-01-23 11:57:11', '23c44f69-436a-449a-9dce-4e905162131e'),
 ('109', '64', '48', '38', '0', '1', '2017-01-23 13:58:52', '2017-01-23 13:58:52', '49596803-5187-4b14-af5c-e40cb6dba645'),
 ('110', '64', '48', '39', '0', '2', '2017-01-23 13:58:52', '2017-01-23 13:58:52', '5ecb520a-c217-4f9b-b4e0-41230076ef32'),
 ('111', '64', '48', '40', '0', '3', '2017-01-23 13:58:52', '2017-01-23 13:58:52', '50ed7472-6913-4f49-8539-05879ba2adbb'),
 ('112', '64', '48', '41', '0', '4', '2017-01-23 13:58:52', '2017-01-23 13:58:52', '1f2b1460-bdbc-478d-9d69-4bd010300af7'),
 ('113', '64', '48', '43', '0', '5', '2017-01-23 13:58:52', '2017-01-23 13:58:52', 'fbd050af-6ac5-4463-81a9-c3ff412fdfe0'),
 ('114', '64', '48', '42', '0', '6', '2017-01-23 13:58:52', '2017-01-23 13:58:52', '64222632-1c6b-476c-b4c1-77cab3018103'),
 ('115', '64', '48', '44', '0', '7', '2017-01-23 13:58:52', '2017-01-23 13:58:52', '63ab5000-1bd6-48a8-ab45-402074f94129'),
 ('117', '66', '50', '45', '0', '1', '2017-01-23 14:23:12', '2017-01-23 14:23:12', 'b9d5d6b7-0aba-4b72-9a49-fa7859723e06'),
 ('147', '80', '58', '30', '0', '1', '2018-01-10 13:55:33', '2018-01-10 13:55:33', 'e77923b7-4eb7-49c6-a5b9-7d24e09ef236'),
 ('148', '80', '58', '31', '0', '2', '2018-01-10 13:55:33', '2018-01-10 13:55:33', '7f7fa2a4-6a0d-40ff-993e-98a6e1b899f2'),
 ('149', '80', '58', '32', '0', '3', '2018-01-10 13:55:33', '2018-01-10 13:55:33', '18205985-6fe5-40d8-a64a-c268ebcd2542'),
 ('150', '80', '58', '33', '0', '4', '2018-01-10 13:55:33', '2018-01-10 13:55:33', 'ea72dc3d-2fed-4679-9600-7db4ac5e372d'),
 ('151', '80', '58', '34', '0', '5', '2018-01-10 13:55:33', '2018-01-10 13:55:33', 'e5e62504-85b4-48f2-867b-dd1b7a36ef62'),
 ('152', '80', '58', '52', '0', '6', '2018-01-10 13:55:33', '2018-01-10 13:55:33', 'f213e6f6-ea14-4d98-923f-a64fb6c72774'),
 ('153', '80', '58', '54', '0', '7', '2018-01-10 13:55:33', '2018-01-10 13:55:33', '9a9b46c2-1ffc-421d-8673-9dcb2645e523'),
 ('154', '80', '58', '35', '0', '8', '2018-01-10 13:55:33', '2018-01-10 13:55:33', '51a39be7-763e-4ebe-aee2-7951acfa9bf7'),
 ('161', '82', '60', '18', '0', '1', '2018-01-10 14:02:16', '2018-01-10 14:02:16', '81155267-392b-4e74-a8b3-beb07c881455'),
 ('162', '83', '61', '23', '0', '1', '2018-01-10 14:06:17', '2018-01-10 14:06:17', '8f09dc66-bd1c-43c7-b0b6-867bf7a8e504'),
 ('163', '83', '61', '48', '0', '2', '2018-01-10 14:06:17', '2018-01-10 14:06:17', 'e2e3d78e-1fe9-4fd1-a7b1-038e8b8b85c7'),
 ('164', '83', '61', '24', '0', '3', '2018-01-10 14:06:17', '2018-01-10 14:06:17', 'e7dcb099-8dc3-480d-ae08-2543c13730ec'),
 ('165', '83', '61', '47', '0', '4', '2018-01-10 14:06:17', '2018-01-10 14:06:17', '052ad5d4-6549-4b7e-84b2-b2190bd380bb'),
 ('166', '83', '61', '25', '0', '5', '2018-01-10 14:06:17', '2018-01-10 14:06:17', 'e331a9a5-1e42-4424-ba94-b51955d01d8f'),
 ('167', '83', '61', '49', '0', '6', '2018-01-10 14:06:17', '2018-01-10 14:06:17', 'ad8c9f3a-e3c8-4ff2-a39e-5cea2e4b2da9'),
 ('168', '83', '61', '50', '0', '7', '2018-01-10 14:06:17', '2018-01-10 14:06:17', 'ce469ff4-892b-426e-94d9-38c9d37f2006'),
 ('169', '83', '61', '51', '0', '8', '2018-01-10 14:06:17', '2018-01-10 14:06:17', '58b2fd28-4c2a-465f-8507-5a5ac039a021'),
 ('170', '83', '61', '56', '0', '9', '2018-01-10 14:06:17', '2018-01-10 14:06:17', '781bf3fc-ecb6-46bf-9207-4055b5f56828'),
 ('171', '83', '61', '55', '0', '10', '2018-01-10 14:06:17', '2018-01-10 14:06:17', '0a2b3415-5a84-4f36-a2d5-e2c235bbf495'),
 ('202', '93', '71', '18', '0', '1', '2018-01-10 14:32:17', '2018-01-10 14:32:17', '16d3f976-a43e-4a5a-a172-6d5ddd4ed424'),
 ('203', '93', '71', '59', '0', '2', '2018-01-10 14:32:17', '2018-01-10 14:32:17', 'ae649c41-64d4-42d6-b563-629e7dbead5b'),
 ('204', '94', '72', '18', '0', '1', '2018-01-10 14:32:29', '2018-01-10 14:32:29', 'a4cce9a0-a191-43bb-8f9d-7929261539f9'),
 ('205', '94', '72', '59', '0', '2', '2018-01-10 14:32:29', '2018-01-10 14:32:29', '8ad96acc-be8c-4f79-9b07-6fda82a29aca'),
 ('206', '95', '73', '18', '0', '1', '2018-01-10 14:32:36', '2018-01-10 14:32:36', '40a429eb-dee8-4aa5-b373-337549325826'),
 ('207', '95', '73', '59', '0', '2', '2018-01-10 14:32:36', '2018-01-10 14:32:36', '3ae173c6-dbb1-48c0-8b12-fbf1f23ee0f5'),
 ('208', '96', '74', '18', '0', '1', '2018-01-10 14:32:42', '2018-01-10 14:32:42', '4caf2547-4ead-4ddb-a7be-6a8f3a087d48'),
 ('209', '96', '74', '59', '0', '2', '2018-01-10 14:32:42', '2018-01-10 14:32:42', 'f036db33-bb12-4bfb-a881-8177d69f1b68'),
 ('218', '98', '76', '27', '0', '1', '2018-01-22 09:42:59', '2018-01-22 09:42:59', 'c18976a9-6bd9-4dfb-95a8-723f7ca6c1d1'),
 ('219', '98', '76', '26', '0', '2', '2018-01-22 09:42:59', '2018-01-22 09:42:59', '8e22509f-525a-455d-9099-fd218f9946d9'),
 ('220', '98', '76', '28', '0', '3', '2018-01-22 09:42:59', '2018-01-22 09:42:59', '4fd177f5-d9ff-489e-b2e2-ce1a61c2f9c0'),
 ('221', '98', '76', '29', '0', '4', '2018-01-22 09:42:59', '2018-01-22 09:42:59', '89fa4c23-e202-412d-ba55-2d2ad6817f16'),
 ('222', '98', '76', '46', '0', '5', '2018-01-22 09:42:59', '2018-01-22 09:42:59', '8cb354cd-7bf0-44b3-848a-bda47cab99ce'),
 ('223', '98', '76', '53', '0', '6', '2018-01-22 09:42:59', '2018-01-22 09:42:59', 'b12554ea-017f-42b1-b5bc-fd2c8663be14'),
 ('224', '98', '76', '58', '0', '7', '2018-01-22 09:42:59', '2018-01-22 09:42:59', '65d38eaa-d396-44bd-a994-61f6fd5ee38d'),
 ('225', '98', '76', '57', '0', '8', '2018-01-22 09:42:59', '2018-01-22 09:42:59', '0fef06db-e129-43ed-aed7-53b17736daa1'),
 ('226', '98', '76', '60', '0', '9', '2018-01-22 09:42:59', '2018-01-22 09:42:59', 'd0a62160-3f62-4c76-933a-649ca170d259');



DROP TABLE IF EXISTS `craft_fieldlayouts`;


--
-- Schema for table `craft_fieldlayouts`
--
CREATE TABLE `craft_fieldlayouts` (
  `id` int(11) NOT NULL AUTO_INCREMENT,
  `type` varchar(150) COLLATE utf8_unicode_ci NOT NULL,
  `dateCreated` datetime NOT NULL,
  `dateUpdated` datetime NOT NULL,
  `uid` char(36) COLLATE utf8_unicode_ci NOT NULL DEFAULT '0',
  PRIMARY KEY (`id`),
  KEY `craft_fieldlayouts_type_idx` (`type`)
) ENGINE=InnoDB AUTO_INCREMENT=101 DEFAULT CHARSET=utf8 COLLATE=utf8_unicode_ci;

--
-- Data for table `craft_fieldlayouts`
--

INSERT INTO `craft_fieldlayouts` (`id`, `type`, `dateCreated`, `dateUpdated`, `uid`) VALUES
 ('1', 'Tag', '2017-01-13 15:45:33', '2017-01-13 15:45:33', '00c8534e-1045-4dbc-b167-65207b6a4ed1'),
 ('6', 'Entry', '2017-01-19 10:41:19', '2017-01-19 10:41:19', '5b6a8425-6a0e-4ff9-a4c4-c9a25a1b0ba1'),
 ('8', 'MatrixBlock', '2017-01-19 15:47:25', '2017-01-19 15:47:25', 'afa9d839-e874-42d2-8357-42d79c9a50b1'),
 ('49', 'Entry', '2017-01-20 17:59:34', '2017-01-20 17:59:34', 'b98e52e9-11c8-4eff-bf80-8feace1c6201'),
 ('51', 'MatrixBlock', '2017-01-20 18:10:24', '2017-01-20 18:10:24', 'c546aa0f-a87c-40bd-99a5-2fac04b55734'),
 ('52', 'MatrixBlock', '2017-01-20 18:10:25', '2017-01-20 18:10:25', '5750bcd8-3b33-455e-900f-b4681190f59a'),
 ('60', 'GlobalSet', '2017-01-23 11:57:11', '2017-01-23 11:57:11', '361c8023-0561-49c5-8e5e-7d16af1d3191'),
 ('64', 'GlobalSet', '2017-01-23 13:58:52', '2017-01-23 13:58:52', 'ff824fdf-da30-40c9-b5dc-a629fbb353e9'),
 ('66', 'Entry', '2017-01-23 14:23:12', '2017-01-23 14:23:12', 'beb5c639-1462-42dd-893b-6f1d86d7d491'),
 ('71', 'Asset', '2017-01-31 10:51:58', '2017-01-31 10:51:58', '1e0f4273-bdbf-4a6a-92b5-6260af72e10a'),
 ('80', 'GlobalSet', '2018-01-10 13:55:33', '2018-01-10 13:55:33', '301b6271-2b68-4b7f-896b-4d2762e55076'),
 ('82', 'Entry', '2018-01-10 14:02:16', '2018-01-10 14:02:16', '17533cf7-9170-4368-993e-aa641f8e1608'),
 ('83', 'GlobalSet', '2018-01-10 14:06:17', '2018-01-10 14:06:17', '5b7d1c5e-bd72-486b-a763-356b526ac314'),
 ('93', 'Entry', '2018-01-10 14:32:17', '2018-01-10 14:32:17', 'e9984ad6-be5e-45ce-8cd7-a665b3686383'),
 ('94', 'Entry', '2018-01-10 14:32:29', '2018-01-10 14:32:29', 'd2163b19-b2fd-4f64-a598-774a6c6d7dc1'),
 ('95', 'Entry', '2018-01-10 14:32:36', '2018-01-10 14:32:36', 'a44900bb-93ae-47be-ac11-10c606000784'),
 ('96', 'Entry', '2018-01-10 14:32:42', '2018-01-10 14:32:42', '06e6c8b0-215f-4dda-a323-19e8b6aadb4a'),
 ('98', 'GlobalSet', '2018-01-22 09:42:59', '2018-01-22 09:42:59', '4518149f-4414-4f09-903f-f88646a6a417'),
 ('100', 'Asset', '2018-01-22 10:17:21', '2018-01-22 10:17:21', '1a4ef1e9-d3ae-49a3-adf9-8fd0f59df567');



DROP TABLE IF EXISTS `craft_fieldlayouttabs`;


--
-- Schema for table `craft_fieldlayouttabs`
--
CREATE TABLE `craft_fieldlayouttabs` (
  `id` int(11) NOT NULL AUTO_INCREMENT,
  `layoutId` int(11) NOT NULL,
  `name` varchar(255) COLLATE utf8_unicode_ci NOT NULL,
  `sortOrder` smallint(6) unsigned DEFAULT NULL,
  `dateCreated` datetime NOT NULL,
  `dateUpdated` datetime NOT NULL,
  `uid` char(36) COLLATE utf8_unicode_ci NOT NULL DEFAULT '0',
  PRIMARY KEY (`id`),
  KEY `craft_fieldlayouttabs_sortOrder_idx` (`sortOrder`),
  KEY `craft_fieldlayouttabs_layoutId_fk` (`layoutId`)
) ENGINE=InnoDB AUTO_INCREMENT=77 DEFAULT CHARSET=utf8 COLLATE=utf8_unicode_ci;

--
-- Data for table `craft_fieldlayouttabs`
--

INSERT INTO `craft_fieldlayouttabs` (`id`, `layoutId`, `name`, `sortOrder`, `dateCreated`, `dateUpdated`, `uid`) VALUES
 ('3', '6', 'Content', '1', '2017-01-19 10:41:19', '2017-01-19 10:41:19', 'bf691a47-7494-4316-be69-246bd36d04cc'),
 ('4', '8', 'Content', '1', '2017-01-19 15:47:25', '2017-01-19 15:47:25', '90855233-a944-47d4-a7ab-1649221e0948'),
 ('36', '49', 'Default', '1', '2017-01-20 17:59:34', '2017-01-20 17:59:34', 'bed06739-2d75-41af-8c94-dcd291ad9510'),
 ('38', '51', 'Content', '1', '2017-01-20 18:10:24', '2017-01-20 18:10:24', '415a57cf-a6b8-4bba-a35c-cf13764b7c14'),
 ('39', '52', 'Content', '1', '2017-01-20 18:10:25', '2017-01-20 18:10:25', '81505676-bebf-4087-a939-c7169fa95385'),
 ('45', '60', 'Contenuto', '1', '2017-01-23 11:57:11', '2017-01-23 11:57:11', '5003757e-f5e5-4c3e-b844-686f0ce46cc6'),
 ('48', '64', 'Contenuto', '1', '2017-01-23 13:58:52', '2017-01-23 13:58:52', '48321e0d-75ff-4596-86cf-9fdf444055f7'),
 ('50', '66', 'Tab 1', '1', '2017-01-23 14:23:12', '2017-01-23 14:23:12', '83da5bb2-d70a-4b1d-82df-19a581265801'),
 ('58', '80', 'Contenuto', '1', '2018-01-10 13:55:33', '2018-01-10 13:55:33', 'edde4954-e2b4-4e00-8f30-7b95cd183218'),
 ('60', '82', 'Tab 1', '1', '2018-01-10 14:02:16', '2018-01-10 14:02:16', '9aa22deb-1eb7-42a8-aaf9-04f5187720eb'),
 ('61', '83', 'Contenuto', '1', '2018-01-10 14:06:17', '2018-01-10 14:06:17', '842f8b0b-f2c8-4aa2-9b11-8e1bd4038de2'),
 ('71', '93', 'Default', '1', '2018-01-10 14:32:17', '2018-01-10 14:32:17', '352580df-2df7-4d9b-b44f-703b410abc5f'),
 ('72', '94', 'Default', '1', '2018-01-10 14:32:29', '2018-01-10 14:32:29', '4d2c6155-94d4-412c-82f0-b7c406dbd79e'),
 ('73', '95', 'DEFAULT', '1', '2018-01-10 14:32:36', '2018-01-10 14:32:36', '56d587bf-c8aa-44bb-a661-3b217aa3f756'),
 ('74', '96', 'Default', '1', '2018-01-10 14:32:42', '2018-01-10 14:32:42', '504a0088-8099-467e-b21b-0b9ca3c8b70a'),
 ('76', '98', 'Contenuto', '1', '2018-01-22 09:42:59', '2018-01-22 09:42:59', 'bcde6e42-78d8-44e6-86ec-decaabca2046');



DROP TABLE IF EXISTS `craft_fields`;


--
-- Schema for table `craft_fields`
--
CREATE TABLE `craft_fields` (
  `id` int(11) NOT NULL AUTO_INCREMENT,
  `groupId` int(11) DEFAULT NULL,
  `name` varchar(255) COLLATE utf8_unicode_ci NOT NULL,
  `handle` varchar(58) COLLATE utf8_unicode_ci NOT NULL,
  `context` varchar(255) COLLATE utf8_unicode_ci NOT NULL DEFAULT 'global',
  `instructions` text COLLATE utf8_unicode_ci,
  `translatable` tinyint(1) unsigned NOT NULL DEFAULT '0',
  `type` varchar(150) COLLATE utf8_unicode_ci NOT NULL,
  `settings` text COLLATE utf8_unicode_ci,
  `dateCreated` datetime NOT NULL,
  `dateUpdated` datetime NOT NULL,
  `uid` char(36) COLLATE utf8_unicode_ci NOT NULL DEFAULT '0',
  PRIMARY KEY (`id`),
  UNIQUE KEY `craft_fields_handle_context_unq_idx` (`handle`,`context`),
  KEY `craft_fields_context_idx` (`context`),
  KEY `craft_fields_groupId_fk` (`groupId`)
) ENGINE=InnoDB AUTO_INCREMENT=61 DEFAULT CHARSET=utf8 COLLATE=utf8_unicode_ci;

--
-- Data for table `craft_fields`
--

INSERT INTO `craft_fields` (`id`, `groupId`, `name`, `handle`, `context`, `instructions`, `translatable`, `type`, `settings`, `dateCreated`, `dateUpdated`, `uid`) VALUES
 ('7', NULL, 'first', 'first', 'matrixBlockType:1', '', '1', 'PlainText', '{\"placeholder\":\"\",\"maxLength\":\"\",\"multiline\":\"\",\"initialRows\":\"4\"}', '2017-01-19 15:47:24', '2017-01-19 15:47:24', 'f333ea3a-942e-44c8-bd56-54ec23d2547d'),
 ('8', NULL, 'second', 'second', 'matrixBlockType:1', '', '1', 'PlainText', '{\"placeholder\":\"\",\"maxLength\":\"\",\"multiline\":\"\",\"initialRows\":\"4\"}', '2017-01-19 15:47:25', '2017-01-19 15:47:25', '98fa085d-055a-4229-ba72-f3c27de726e7'),
 ('18', '1', 'slide', 'slide', 'global', '', '1', 'Matrix', '{\"maxBlocks\":null}', '2017-01-20 09:52:21', '2017-01-20 18:10:24', '657c85d5-c3bc-4c6e-b0c6-3e2a45867d6a'),
 ('19', NULL, '1', 'uno', 'matrixBlockType:2', '', '1', 'PlainText', '{\"placeholder\":\"\",\"maxLength\":\"\",\"multiline\":\"\",\"initialRows\":\"4\"}', '2017-01-20 09:52:21', '2017-01-20 18:10:24', '632ad08d-1f84-4767-922b-75011599d980'),
 ('21', NULL, '1', 'uno', 'matrixBlockType:3', '', '1', 'PlainText', '{\"placeholder\":\"\",\"maxLength\":\"\",\"multiline\":\"\",\"initialRows\":\"4\"}', '2017-01-20 09:59:03', '2017-01-20 18:10:24', '7665a777-8ae3-40d2-8805-45732973ad9d'),
 ('22', NULL, '2', 'due', 'matrixBlockType:3', '', '1', 'PlainText', '{\"placeholder\":\"\",\"maxLength\":\"\",\"multiline\":\"\",\"initialRows\":\"4\"}', '2017-01-20 09:59:03', '2017-01-20 18:10:25', 'c536fff7-d485-4bca-b171-8b33d8c3fbec'),
 ('23', '1', 'titolo esterno', 'titoloEsterno', 'global', '', '1', 'PlainText', '{\"placeholder\":\"\",\"maxLength\":\"\",\"multiline\":\"\",\"initialRows\":\"4\"}', '2017-01-20 10:43:10', '2017-01-20 10:43:10', '3f89d3a2-b701-46af-86f3-61ed35d5a973'),
 ('24', '1', 'titolo interno', 'titoloInterno', 'global', '', '1', 'PlainText', '{\"placeholder\":\"\",\"maxLength\":\"\",\"multiline\":\"\",\"initialRows\":\"4\"}', '2017-01-20 10:43:21', '2017-01-20 10:43:21', 'b59c8c07-59ce-4e43-baa1-190650042d64'),
 ('25', '1', 'titolo salvaslip', 'titoloSalvaslip', 'global', '', '1', 'PlainText', '{\"placeholder\":\"\",\"maxLength\":\"\",\"multiline\":\"\",\"initialRows\":\"4\"}', '2017-01-20 10:43:29', '2017-01-20 10:43:29', '49022526-85e5-48cf-af16-ded79bd95cd8'),
 ('26', '2', 'percent', 'percent', 'global', '', '1', 'PlainText', '{\"placeholder\":\"\",\"maxLength\":\"\",\"multiline\":\"\",\"initialRows\":\"4\"}', '2017-01-23 10:03:42', '2017-01-23 10:14:55', 'a9d49a2c-c92d-4e4c-a642-2d727aa75466'),
 ('27', '2', 'request', 'request', 'global', '', '1', 'PlainText', '{\"placeholder\":\"\",\"maxLength\":\"\",\"multiline\":\"\",\"initialRows\":\"4\"}', '2017-01-23 10:05:11', '2017-01-23 10:14:50', '79e2ef53-790c-4671-85a0-08e72581114c'),
 ('28', '2', 'followus', 'followus', 'global', '', '1', 'PlainText', '{\"placeholder\":\"\",\"maxLength\":\"\",\"multiline\":\"\",\"initialRows\":\"4\"}', '2017-01-23 10:05:25', '2017-01-23 10:15:01', '21aaac14-29cc-4078-9e36-74bdb863c800'),
 ('29', '2', 'close', 'close', 'global', '', '1', 'PlainText', '{\"placeholder\":\"\",\"maxLength\":\"\",\"multiline\":\"\",\"initialRows\":\"4\"}', '2017-01-23 10:17:52', '2017-01-23 10:17:52', '40395872-352f-4515-a3b0-3939a115d410'),
 ('30', '3', 'home', 'home', 'global', '', '1', 'PlainText', '{\"placeholder\":\"\",\"maxLength\":\"\",\"multiline\":\"\",\"initialRows\":\"4\"}', '2017-01-23 10:25:54', '2017-01-23 10:25:54', '57da1a64-9468-4f8f-a2df-aa312c302ea0'),
 ('31', '3', 'about', 'about', 'global', '', '1', 'PlainText', '{\"placeholder\":\"\",\"maxLength\":\"\",\"multiline\":\"\",\"initialRows\":\"4\"}', '2017-01-23 10:26:08', '2017-01-23 10:26:08', '61db570b-e859-4501-bc2b-bdc2e72d6c44'),
 ('32', '3', 'pad', 'pad', 'global', '', '1', 'PlainText', '{\"placeholder\":\"\",\"maxLength\":\"\",\"multiline\":\"\",\"initialRows\":\"4\"}', '2017-01-23 10:26:22', '2017-01-23 10:27:06', 'b7f609c0-7255-4466-88bf-94d94374e753'),
 ('33', '3', 'tampon', 'tampon', 'global', '', '1', 'PlainText', '{\"placeholder\":\"\",\"maxLength\":\"\",\"multiline\":\"\",\"initialRows\":\"4\"}', '2017-01-23 10:26:28', '2017-01-23 16:48:52', '97778832-0c41-45e9-8089-eb63c089b89d'),
 ('34', '3', 'liner', 'liner', 'global', '', '1', 'PlainText', '{\"placeholder\":\"\",\"maxLength\":\"\",\"multiline\":\"\",\"initialRows\":\"4\"}', '2017-01-23 10:26:44', '2017-01-23 10:27:17', '51a10dc0-86f9-4958-8854-6ff22909e596'),
 ('35', '3', 'contacts', 'contacts', 'global', '', '1', 'PlainText', '{\"placeholder\":\"\",\"maxLength\":\"\",\"multiline\":\"\",\"initialRows\":\"4\"}', '2017-01-23 10:27:02', '2017-01-23 10:27:02', 'f3545007-bafd-46c3-8765-f46201ada96c'),
 ('36', '4', 'intro', 'intro', 'global', '', '1', 'PlainText', '{\"placeholder\":\"\",\"maxLength\":\"\",\"multiline\":\"\",\"initialRows\":\"4\"}', '2017-01-23 11:52:59', '2017-01-23 11:52:59', 'af0948ff-1271-47c4-9a0e-1eb15e9e8987'),
 ('37', '4', 'italic', 'italic', 'global', '', '1', 'PlainText', '{\"placeholder\":\"\",\"maxLength\":\"\",\"multiline\":\"\",\"initialRows\":\"4\"}', '2017-01-23 11:53:51', '2017-01-23 11:53:51', '3e2684f8-1bf1-4c2c-9e6d-fb6d0761997c'),
 ('38', '5', 'yourname', 'yourname', 'global', '', '1', 'PlainText', '{\"placeholder\":\"\",\"maxLength\":\"\",\"multiline\":\"\",\"initialRows\":\"4\"}', '2017-01-23 12:00:03', '2017-01-23 12:00:03', '463f7e63-0684-45a6-b47a-684cdf5384f2'),
 ('39', '5', 'youremail', 'youremail', 'global', '', '1', 'PlainText', '{\"placeholder\":\"\",\"maxLength\":\"\",\"multiline\":\"\",\"initialRows\":\"4\"}', '2017-01-23 12:00:28', '2017-01-23 12:00:28', '5db3a58e-7f5e-4c0e-9c21-8cd088360dff'),
 ('40', '5', 'yourphone', 'yourphone', 'global', '', '1', 'PlainText', '{\"placeholder\":\"\",\"maxLength\":\"\",\"multiline\":\"\",\"initialRows\":\"4\"}', '2017-01-23 13:37:29', '2017-01-23 13:37:29', '487adb04-146c-4ffc-a7b0-366d8430f1ec'),
 ('41', '5', 'yourmessage', 'yourmessage', 'global', '', '1', 'PlainText', '{\"placeholder\":\"\",\"maxLength\":\"\",\"multiline\":\"\",\"initialRows\":\"4\"}', '2017-01-23 13:37:40', '2017-01-23 13:37:40', '84640b3c-f692-4415-8b44-80a50509f807'),
 ('42', '5', 'accept', 'accept', 'global', '', '1', 'PlainText', '{\"placeholder\":\"\",\"maxLength\":\"\",\"multiline\":\"\",\"initialRows\":\"4\"}', '2017-01-23 13:37:48', '2017-01-23 13:37:48', '72802cb4-1c79-476f-8416-e552e8a3bde1'),
 ('43', '5', 'thanks', 'thanks', 'global', '', '1', 'PlainText', '{\"placeholder\":\"\",\"maxLength\":\"\",\"multiline\":\"\",\"initialRows\":\"4\"}', '2017-01-23 13:38:01', '2017-01-23 13:38:01', '528c0b1a-da5a-4703-a20c-b64e8e87714a'),
 ('44', '5', 'send', 'send', 'global', '', '1', 'PlainText', '{\"placeholder\":\"\",\"maxLength\":\"\",\"multiline\":\"\",\"initialRows\":\"4\"}', '2017-01-23 13:58:43', '2017-01-23 13:58:43', 'cdbf6a3d-61e0-4483-931c-d9580e355680'),
 ('45', '1', 'text', 'text', 'global', '', '1', 'PlainText', '{\"placeholder\":\"\",\"maxLength\":\"\",\"multiline\":\"\",\"initialRows\":\"4\"}', '2017-01-23 14:07:10', '2017-01-23 14:39:26', '6b4141a9-d6a2-4315-aceb-a246c173c314'),
 ('46', '2', 'scrollfor', 'scrollfor', 'global', '', '1', 'PlainText', '{\"placeholder\":\"\",\"maxLength\":\"\",\"multiline\":\"\",\"initialRows\":\"4\"}', '2017-01-24 08:56:26', '2017-01-24 08:56:26', '91dd08dc-c0f4-4b2d-b8f4-f5ace8518017'),
 ('47', '2', 'titoloInternoShort', 'titoloInternoShort', 'global', '', '1', 'PlainText', '{\"placeholder\":\"\",\"maxLength\":\"\",\"multiline\":\"\",\"initialRows\":\"4\"}', '2017-02-13 10:34:01', '2017-02-13 10:41:47', 'c9e5e7c5-8fb8-40d1-b24a-e408464a5391'),
 ('48', '2', 'titoloEsternoShort', 'titoloEsternoShort', 'global', '', '1', 'PlainText', '{\"placeholder\":\"\",\"maxLength\":\"\",\"multiline\":\"\",\"initialRows\":\"4\"}', '2017-02-13 10:34:14', '2017-02-13 10:41:41', 'b6a304ee-c998-4b56-9f69-f18177052c9d'),
 ('49', '2', 'titoloSalvaslipShort', 'titoloSalvaslipShort', 'global', '', '1', 'PlainText', '{\"placeholder\":\"\",\"maxLength\":\"\",\"multiline\":\"\",\"initialRows\":\"4\"}', '2017-02-13 10:34:46', '2017-02-13 10:41:54', '2a6423c6-e373-470b-9fa6-0d00553b980f'),
 ('50', '1', 'titolo sanity', 'titoloSanity', 'global', '', '1', 'PlainText', '{\"placeholder\":\"\",\"maxLength\":\"\",\"multiline\":\"\",\"initialRows\":\"4\"}', '2017-09-14 10:01:28', '2017-09-14 10:07:28', '48373a73-fc0f-434f-b3cf-b0f7147105e9'),
 ('51', '2', 'titoloSanityShort', 'titoloSanityShort', 'global', '', '1', 'PlainText', '{\"placeholder\":\"\",\"maxLength\":\"\",\"multiline\":\"\",\"initialRows\":\"4\"}', '2017-09-14 10:02:52', '2017-09-14 10:07:19', '40c5a2b8-df7b-4fb9-87c6-a27ed1d67c53'),
 ('52', '3', 'sanity', 'sanity', 'global', '', '1', 'PlainText', '{\"placeholder\":\"\",\"maxLength\":\"\",\"multiline\":\"\",\"initialRows\":\"4\"}', '2017-09-14 10:03:36', '2017-09-14 10:07:05', '1c74d8e0-41a4-49df-af3e-ed0e41affd92'),
 ('53', '2', 'payoff', 'payoff', 'global', '', '1', 'PlainText', '{\"placeholder\":\"\",\"maxLength\":\"\",\"multiline\":\"\",\"initialRows\":\"4\"}', '2018-01-10 13:53:45', '2018-01-10 13:54:43', 'c1e5df73-52c8-49fa-abad-830c2144a11d'),
 ('54', '3', 'tss', 'tss', 'global', '', '1', 'PlainText', '{\"placeholder\":\"\",\"maxLength\":\"\",\"multiline\":\"\",\"initialRows\":\"4\"}', '2018-01-10 13:54:25', '2018-01-10 13:54:36', '8ecb1771-4f50-4552-817b-7666666123d7'),
 ('55', '1', 'titolo tss', 'tssTitle', 'global', '', '1', 'PlainText', '{\"placeholder\":\"\",\"maxLength\":\"\",\"multiline\":\"\",\"initialRows\":\"4\"}', '2018-01-10 14:05:28', '2018-01-10 14:05:28', '81c58b73-7944-4651-9998-3ec6baf92641'),
 ('56', '1', 'titolo about', 'aboutUs', 'global', '', '1', 'PlainText', '{\"placeholder\":\"\",\"maxLength\":\"\",\"multiline\":\"\",\"initialRows\":\"4\"}', '2018-01-10 14:05:45', '2018-01-10 14:05:45', '5af600a4-cedf-4305-a6d9-3893049f715d'),
 ('57', '2', 'numero di pezzi', 'piecesNumber', 'global', '', '1', 'PlainText', '{\"placeholder\":\"\",\"maxLength\":\"\",\"multiline\":\"\",\"initialRows\":\"4\"}', '2018-01-10 14:10:26', '2018-01-10 14:11:18', '284316a3-73c9-488d-9670-ff34654e45b9'),
 ('58', '2', 'grado di assorbenza', 'absorbance', 'global', '', '1', 'PlainText', '{\"placeholder\":\"\",\"maxLength\":\"\",\"multiline\":\"\",\"initialRows\":\"4\"}', '2018-01-10 14:11:13', '2018-01-10 14:11:13', 'a76502cc-29e5-42a9-9030-592b49d6acd3'),
 ('59', '2', 'link interno', 'linkInterno', 'global', '', '1', 'PlainText', '{\"placeholder\":\"\",\"maxLength\":\"\",\"multiline\":\"\",\"initialRows\":\"4\"}', '2018-01-10 14:12:23', '2018-01-10 14:12:28', 'a6d68b17-ccf0-4cb1-80c3-5394952b1c8a'),
 ('60', '2', 'shop now', 'shopNow', 'global', '', '1', 'PlainText', '{\"placeholder\":\"\",\"maxLength\":\"\",\"multiline\":\"\",\"initialRows\":\"4\"}', '2018-01-22 09:42:34', '2018-01-22 09:42:34', '9cbe6c6a-926d-4e67-b5ce-822cd6c234a9');



DROP TABLE IF EXISTS `craft_globalsets`;


--
-- Schema for table `craft_globalsets`
--
CREATE TABLE `craft_globalsets` (
  `id` int(11) NOT NULL,
  `name` varchar(255) COLLATE utf8_unicode_ci NOT NULL,
  `handle` varchar(255) COLLATE utf8_unicode_ci NOT NULL,
  `fieldLayoutId` int(10) DEFAULT NULL,
  `dateCreated` datetime NOT NULL,
  `dateUpdated` datetime NOT NULL,
  `uid` char(36) COLLATE utf8_unicode_ci NOT NULL DEFAULT '0',
  PRIMARY KEY (`id`),
  UNIQUE KEY `craft_globalsets_name_unq_idx` (`name`),
  UNIQUE KEY `craft_globalsets_handle_unq_idx` (`handle`),
  KEY `craft_globalsets_fieldLayoutId_fk` (`fieldLayoutId`)
) ENGINE=InnoDB DEFAULT CHARSET=utf8 COLLATE=utf8_unicode_ci;

--
-- Data for table `craft_globalsets`
--

INSERT INTO `craft_globalsets` (`id`, `name`, `handle`, `fieldLayoutId`, `dateCreated`, `dateUpdated`, `uid`) VALUES
 ('38', 'Titoli', 'titoli', '83', '2017-01-20 12:02:09', '2018-01-10 14:06:17', '17ab0fd1-0b61-4002-aafd-1087213b59e3'),
 ('50', 'Generic', 'generic', '98', '2017-01-23 10:03:16', '2018-01-22 09:42:59', '13485c11-3846-43e3-bf19-ae8e0a6d0a7a'),
 ('54', 'Menu', 'menu', '80', '2017-01-23 10:27:54', '2018-01-10 13:55:33', 'e72db5d1-40f1-4dcd-8130-6bcf55f55bd5'),
 ('55', 'Request', 'request', '60', '2017-01-23 11:57:11', '2017-01-23 11:57:11', '5e9fb907-825a-4e75-be63-54db934a7f3b'),
 ('56', 'Form', 'form', '64', '2017-01-23 11:59:19', '2017-01-23 13:58:52', '9597c260-05a4-4b34-a79f-f530c6710ec4');



DROP TABLE IF EXISTS `craft_info`;


--
-- Schema for table `craft_info`
--
CREATE TABLE `craft_info` (
  `id` int(11) NOT NULL AUTO_INCREMENT,
  `version` varchar(50) COLLATE utf8_unicode_ci NOT NULL,
  `schemaVersion` varchar(15) COLLATE utf8_unicode_ci NOT NULL,
  `edition` tinyint(1) unsigned NOT NULL DEFAULT '0',
  `siteName` varchar(100) COLLATE utf8_unicode_ci NOT NULL,
  `siteUrl` varchar(255) COLLATE utf8_unicode_ci NOT NULL,
  `timezone` varchar(30) COLLATE utf8_unicode_ci DEFAULT NULL,
  `on` tinyint(1) unsigned NOT NULL DEFAULT '0',
  `maintenance` tinyint(1) unsigned NOT NULL DEFAULT '0',
  `dateCreated` datetime NOT NULL,
  `dateUpdated` datetime NOT NULL,
  `uid` char(36) COLLATE utf8_unicode_ci NOT NULL DEFAULT '0',
  PRIMARY KEY (`id`)
) ENGINE=InnoDB AUTO_INCREMENT=2 DEFAULT CHARSET=utf8 COLLATE=utf8_unicode_ci;

--
-- Data for table `craft_info`
--

INSERT INTO `craft_info` (`id`, `version`, `schemaVersion`, `edition`, `siteName`, `siteUrl`, `timezone`, `on`, `maintenance`, `dateCreated`, `dateUpdated`, `uid`) VALUES
 ('1', '2.6.3005', '2.6.13', '2', 'dot', 'http://stopthedot.com', 'Europe/Vatican', '1', '0', '2017-01-13 15:45:26', '2018-01-24 09:25:54', 'febde8df-4aee-46e8-b8dd-9b582f957457');



DROP TABLE IF EXISTS `craft_locales`;


--
-- Schema for table `craft_locales`
--
CREATE TABLE `craft_locales` (
  `locale` char(12) COLLATE utf8_unicode_ci NOT NULL,
  `sortOrder` smallint(6) unsigned DEFAULT NULL,
  `dateCreated` datetime NOT NULL,
  `dateUpdated` datetime NOT NULL,
  `uid` char(36) COLLATE utf8_unicode_ci NOT NULL DEFAULT '0',
  PRIMARY KEY (`locale`),
  KEY `craft_locales_sortOrder_idx` (`sortOrder`)
) ENGINE=InnoDB DEFAULT CHARSET=utf8 COLLATE=utf8_unicode_ci;

--
-- Data for table `craft_locales`
--

INSERT INTO `craft_locales` (`locale`, `sortOrder`, `dateCreated`, `dateUpdated`, `uid`) VALUES
 ('en', '2', '2017-01-19 10:42:49', '2017-01-19 10:42:49', 'cb5580c7-fec3-41c1-8edd-d8f9fff4d582'),
 ('it', '1', '2017-01-13 15:45:28', '2017-01-13 15:45:28', 'b89e470a-7596-4b97-8ee0-8cc668c3618f');



DROP TABLE IF EXISTS `craft_matrixblocks`;


--
-- Schema for table `craft_matrixblocks`
--
CREATE TABLE `craft_matrixblocks` (
  `id` int(11) NOT NULL,
  `ownerId` int(11) NOT NULL,
  `fieldId` int(11) NOT NULL,
  `typeId` int(11) DEFAULT NULL,
  `sortOrder` smallint(6) unsigned DEFAULT NULL,
  `ownerLocale` char(12) COLLATE utf8_unicode_ci DEFAULT NULL,
  `dateCreated` datetime NOT NULL,
  `dateUpdated` datetime NOT NULL,
  `uid` char(36) COLLATE utf8_unicode_ci NOT NULL DEFAULT '0',
  PRIMARY KEY (`id`),
  KEY `craft_matrixblocks_ownerId_idx` (`ownerId`),
  KEY `craft_matrixblocks_fieldId_idx` (`fieldId`),
  KEY `craft_matrixblocks_typeId_idx` (`typeId`),
  KEY `craft_matrixblocks_sortOrder_idx` (`sortOrder`),
  KEY `craft_matrixblocks_ownerLocale_fk` (`ownerLocale`)
) ENGINE=InnoDB DEFAULT CHARSET=utf8 COLLATE=utf8_unicode_ci;

--
-- Data for table `craft_matrixblocks`
--

INSERT INTO `craft_matrixblocks` (`id`, `ownerId`, `fieldId`, `typeId`, `sortOrder`, `ownerLocale`, `dateCreated`, `dateUpdated`, `uid`) VALUES
 ('20', '17', '18', '2', '1', 'it', '2017-01-20 09:59:32', '2018-01-10 14:34:08', 'd1ba8b28-250f-4e43-ba69-36bdff719851'),
 ('22', '17', '18', '2', '2', 'it', '2017-01-20 10:10:46', '2018-01-10 14:34:08', '6ac31b7b-c139-4caf-8abf-8033568dc340'),
 ('23', '17', '18', '2', '3', 'it', '2017-01-20 10:10:46', '2018-01-10 14:34:08', '5502998a-f300-4193-838c-4c306d988551'),
 ('29', '28', '18', '2', '1', 'it', '2017-01-20 10:23:01', '2018-01-10 14:34:48', 'e9f2bd98-bda3-4e9f-bbdd-042fec71e608'),
 ('30', '28', '18', '2', '2', 'it', '2017-01-20 10:23:01', '2018-01-10 14:34:48', '9fc164a8-3159-45ac-b7b0-c233cc0ebe16'),
 ('31', '28', '18', '2', '3', 'it', '2017-01-20 10:23:01', '2018-01-10 14:34:48', '640a7824-926e-444c-b470-6b32b105d20f'),
 ('32', '6', '18', '3', '1', 'en', '2017-01-20 10:33:18', '2018-01-23 15:13:36', '66a4b7e8-21f4-473a-80ae-b029c051230f'),
 ('33', '6', '18', '3', '2', 'en', '2017-01-20 10:33:18', '2018-01-23 15:13:36', '893c8919-7021-41b7-b543-be8132434b12'),
 ('43', '28', '18', '2', '1', 'en', '2017-01-20 17:15:27', '2017-01-20 17:15:27', '5197f428-b8a2-4b58-aa3b-31fb3e25f154'),
 ('44', '28', '18', '2', '2', 'en', '2017-01-20 17:15:28', '2017-01-20 17:15:28', '89c58263-1738-4489-a386-3e71045d5e6b'),
 ('45', '28', '18', '2', '3', 'en', '2017-01-20 17:15:28', '2017-01-20 17:15:28', '645b0248-c9ed-4fed-939f-9c04d7316c12'),
 ('46', '6', '18', '3', '1', 'it', '2017-01-20 18:11:56', '2018-01-24 09:35:55', 'be5c68e4-4bc6-4648-a840-5885102364e5'),
 ('47', '6', '18', '3', '2', 'it', '2017-01-20 18:11:56', '2018-01-24 09:35:55', '0eed778d-3d4b-4e37-a64e-8b9c1fa4ad5a'),
 ('51', '17', '18', '2', '1', 'en', '2017-01-23 10:22:17', '2017-01-23 14:02:28', '90ed0f86-d0df-4e01-bb83-7687da0b880e'),
 ('52', '17', '18', '2', '2', 'en', '2017-01-23 10:22:17', '2017-01-23 14:02:28', '398e006b-7066-41ff-aaf8-aead501a37a4'),
 ('53', '17', '18', '2', '3', 'en', '2017-01-23 10:22:17', '2017-01-23 14:02:28', '56001a99-8008-4a2d-b61a-12889ede4e64'),
 ('57', '24', '18', '2', '1', 'it', '2017-01-23 14:05:09', '2018-01-10 14:34:20', '82e1a07f-b822-47a5-a0e8-74daeeaf0442'),
 ('58', '24', '18', '2', '2', 'it', '2017-01-23 14:05:09', '2018-01-10 14:34:20', '1f67f224-ebc9-4e6d-9a7b-3ee226f45a6a'),
 ('59', '24', '18', '2', '3', 'it', '2017-01-23 14:05:09', '2018-01-10 14:34:20', '0a270a8c-c5c6-4db8-8bc5-733bea8ee126'),
 ('60', '24', '18', '2', '1', 'en', '2017-01-23 14:05:33', '2017-01-23 14:05:33', 'febc8231-de1a-4456-83eb-5dab4883e263'),
 ('61', '24', '18', '2', '2', 'en', '2017-01-23 14:05:33', '2017-01-23 14:05:33', '9891f85f-b034-404c-b22c-adfee740cde5'),
 ('62', '24', '18', '2', '3', 'en', '2017-01-23 14:05:33', '2017-01-23 14:05:33', 'd4bcb802-de93-4575-bd7d-9fe7c3ce109c'),
 ('66', '65', '18', '2', '1', 'it', '2017-09-14 10:20:27', '2018-01-10 14:34:05', '0fb29dde-e680-4d72-a2dc-702f7922215d'),
 ('67', '65', '18', '2', '2', 'it', '2017-09-14 10:20:40', '2018-01-10 14:34:05', 'be3052c7-4bc7-4e78-a61e-147471cf0822'),
 ('68', '65', '18', '2', '3', 'it', '2017-09-14 10:20:40', '2018-01-10 14:34:05', '143de96b-a57d-4060-b021-a0893bde68a0'),
 ('69', '65', '18', '2', '1', 'en', '2017-09-14 10:22:13', '2017-09-14 10:22:13', 'cbadf187-b712-4851-928b-bc9bf302b80c'),
 ('70', '65', '18', '2', '2', 'en', '2017-09-14 10:22:13', '2017-09-14 10:22:13', 'd76c5871-ba58-4c2d-8248-bbc772738aaf'),
 ('71', '65', '18', '2', '3', 'en', '2017-09-14 10:22:13', '2017-09-14 10:22:13', '33c6c3c4-bdd7-448c-a3bd-eef10bddb134'),
 ('73', '72', '18', '3', '1', 'it', '2018-01-10 14:02:36', '2018-01-22 09:25:55', '14fef2e8-f0dc-4a1e-bf36-fb9f14ca91d5'),
 ('74', '72', '18', '3', '2', 'it', '2018-01-10 14:02:36', '2018-01-22 09:25:55', '289c3a14-11f8-4c48-a2c7-017ee3e5043e'),
 ('75', '72', '18', '3', '1', 'en', '2018-01-22 09:27:03', '2018-01-22 09:27:03', '9f0d7384-d38f-4c1c-be82-360f60e64906'),
 ('76', '72', '18', '3', '2', 'en', '2018-01-22 09:27:03', '2018-01-22 09:27:03', '84c24ab8-3c37-4d12-936d-ac72e71dc248'),
 ('77', '6', '18', '3', '3', 'it', '2018-01-22 09:28:29', '2018-01-24 09:35:55', '7e48d248-5778-4721-9bf4-f86bcc1486fd'),
 ('78', '6', '18', '3', '4', 'it', '2018-01-22 09:28:29', '2018-01-24 09:35:55', '2b31ffcd-b1e4-4ed1-853b-00dfdd5c9de9'),
 ('101', '6', '18', '3', '3', 'en', '2018-01-23 14:20:36', '2018-01-23 15:13:36', '01c5c5c5-6a68-461f-a76e-30021b678ad7'),
 ('102', '6', '18', '3', '4', 'en', '2018-01-23 14:20:36', '2018-01-23 15:13:36', 'f58256c7-0baa-4e6c-ab67-a8584a31bbfa');



DROP TABLE IF EXISTS `craft_matrixblocktypes`;


--
-- Schema for table `craft_matrixblocktypes`
--
CREATE TABLE `craft_matrixblocktypes` (
  `id` int(11) NOT NULL AUTO_INCREMENT,
  `fieldId` int(11) NOT NULL,
  `fieldLayoutId` int(11) DEFAULT NULL,
  `name` varchar(255) COLLATE utf8_unicode_ci NOT NULL,
  `handle` varchar(255) COLLATE utf8_unicode_ci NOT NULL,
  `sortOrder` smallint(6) unsigned DEFAULT NULL,
  `dateCreated` datetime NOT NULL,
  `dateUpdated` datetime NOT NULL,
  `uid` char(36) COLLATE utf8_unicode_ci NOT NULL DEFAULT '0',
  PRIMARY KEY (`id`),
  UNIQUE KEY `craft_matrixblocktypes_name_fieldId_unq_idx` (`name`,`fieldId`),
  UNIQUE KEY `craft_matrixblocktypes_handle_fieldId_unq_idx` (`handle`,`fieldId`),
  KEY `craft_matrixblocktypes_fieldId_fk` (`fieldId`),
  KEY `craft_matrixblocktypes_fieldLayoutId_fk` (`fieldLayoutId`)
) ENGINE=InnoDB AUTO_INCREMENT=4 DEFAULT CHARSET=utf8 COLLATE=utf8_unicode_ci;

--
-- Data for table `craft_matrixblocktypes`
--

INSERT INTO `craft_matrixblocktypes` (`id`, `fieldId`, `fieldLayoutId`, `name`, `handle`, `sortOrder`, `dateCreated`, `dateUpdated`, `uid`) VALUES
 ('2', '18', '51', 'singola', 'singola', '1', '2017-01-20 09:52:21', '2017-01-20 18:10:24', 'b9994b71-af2c-4419-870d-95b01449951f'),
 ('3', '18', '52', 'doppia', 'doppia', '2', '2017-01-20 09:59:02', '2017-01-20 18:10:25', 'a89906d9-5972-4664-9e6e-60742f264133');



DROP TABLE IF EXISTS `craft_matrixcontent_slide`;


--
-- Schema for table `craft_matrixcontent_slide`
--
CREATE TABLE `craft_matrixcontent_slide` (
  `id` int(11) NOT NULL AUTO_INCREMENT,
  `elementId` int(11) NOT NULL,
  `locale` char(12) COLLATE utf8_unicode_ci NOT NULL,
  `field_first_first` text COLLATE utf8_unicode_ci,
  `field_first_second` text COLLATE utf8_unicode_ci,
  `field_singola_uno` text COLLATE utf8_unicode_ci,
  `field_doppia_uno` text COLLATE utf8_unicode_ci,
  `field_doppia_due` text COLLATE utf8_unicode_ci,
  `dateCreated` datetime NOT NULL,
  `dateUpdated` datetime NOT NULL,
  `uid` char(36) COLLATE utf8_unicode_ci NOT NULL DEFAULT '0',
  PRIMARY KEY (`id`),
  UNIQUE KEY `craft_matrixcontent_slide_elementId_locale_unq_idx` (`elementId`,`locale`),
  KEY `craft_matrixcontent_slide_locale_fk` (`locale`)
) ENGINE=InnoDB AUTO_INCREMENT=59 DEFAULT CHARSET=utf8 COLLATE=utf8_unicode_ci;

--
-- Data for table `craft_matrixcontent_slide`
--

INSERT INTO `craft_matrixcontent_slide` (`id`, `elementId`, `locale`, `field_first_first`, `field_first_second`, `field_singola_uno`, `field_doppia_uno`, `field_doppia_due`, `dateCreated`, `dateUpdated`, `uid`) VALUES
 ('1', '7', 'it', 'yes', 'yeah', NULL, NULL, NULL, '2017-01-19 16:36:20', '2017-01-19 16:36:20', '180849c9-bc1e-441b-bb4b-4515ce2595a6'),
 ('4', '20', 'it', NULL, NULL, 'Una linea unica di <b>assorbenti esterni con ali</b> in <b>100% cotone</b>, che garantisce comfort e protezione.<br />I modelli <b>DOT</b> con ali sia per il <b>giorno</b> che per la <b>notte</b>, si adattano alle diverse esigenze di flusso rispettando il tuo corpo naturalmente.', NULL, NULL, '2017-01-20 09:59:32', '2018-01-10 14:34:08', '3c5d6086-727f-4a92-9856-8401f3a95a94'),
 ('6', '22', 'it', NULL, NULL, '<b>DOT</b> esterno con ali ergonomico, è dotato di barriera Odour-block e di un esclusivo <b>Top-sheet antibatterico brevettato</b>; previene l’insorgenza delle più comuni infezioni batteriche grazie alla composizione <b>naturale e brevettata</b>.', NULL, NULL, '2017-01-20 10:10:46', '2018-01-10 14:34:08', 'c08fc3c0-869a-4642-a6b1-6fa32b9ed0c8'),
 ('7', '23', 'it', NULL, NULL, 'Disponibile nelle varianti <b>Regular</b> e <b>Super</b>, rispettivamente per flussi normali e flussi intensi come quelli della notte.<br /> Il design con ali garantisce una maggiore protezione per tutto il giorno, così potrai <b>sentirti più sicura e a tuo agio</b> sempre.', NULL, NULL, '2017-01-20 10:10:46', '2018-01-10 14:34:08', '7c859d83-7ebf-4aef-ac18-710760eddf97'),
 ('11', '29', 'it', NULL, NULL, '<b>DOT assorbenti interni</b> in <b>100% cotone organico</b> offre una protezione pratica e totale grazie all’esclusivo applicatore igienico ed ergonomico che ne facilita l’introduzione.', NULL, NULL, '2017-01-20 10:23:01', '2018-01-10 14:34:48', 'a3184db5-b68a-4338-be36-b10d7ea798ce'),
 ('12', '30', 'it', NULL, NULL, 'I tamponi <b>DOT</b> contribuiscono al benessere del tuo corpo: <b>non irritano, rispettano il tuo ph naturale e la flora vaginale</b>.<br />Il design degli assorbenti interni DOT permette un <b>inserimento e una rimozione facili</b> ed è studiato per offrirti tutta la <b>protezione e praticità di cui hai bisogno</b>.', NULL, NULL, '2017-01-20 10:23:01', '2018-01-10 14:34:48', '34ef8f49-6b56-4bd6-84fc-e9c0980e4036'),
 ('13', '31', 'it', NULL, NULL, 'Un’innovativa linea di prodotti per l’igiene femminile, disponibile nelle varianti <b>Soft, Regular</b> e <b>Super</b>, rispettivamente per flussi da leggeri a medi fino a quelli per i giorni più intensi.<br />L’utilizzo del cotone 100% organico <b>riduce l’insorgenza della sindrome della TSS allo 0%</b>.', NULL, NULL, '2017-01-20 10:23:01', '2018-01-10 14:34:48', 'd8b066b9-59eb-4042-8d73-754272915af9'),
 ('22', '43', 'en', NULL, NULL, '<b>DOT Tampons</b> in <b>100% organic cotton</b> offer to you an handy and total protection thanks to the exclusive <b>hygienic and ergonomic applicator</b> that allows an easy insertion.', NULL, NULL, '2017-01-20 17:15:27', '2017-01-20 17:15:27', 'a8662869-77ea-4466-999c-72f99eda4c13'),
 ('23', '44', 'en', NULL, NULL, '<b>DOT Tampons</b> contribute to your body wellness: it does not irritate, it respects your natural Ph and Vaginal flora. The <b>innovative small sized design</b>, guarantees greater insertion simplicity, to offer you all the protection and that you <b>need</b>.', NULL, NULL, '2017-01-20 17:15:27', '2017-01-20 17:15:27', '1bbfacc8-fe6d-4382-9e29-872912404a67'),
 ('24', '45', 'en', NULL, NULL, 'An innovative line of products for the feminine hygiene, available in the <b>Soft, Regular</b> and <b>Ultra</b> variants, respectively for flows from light to medium, till those for more intense days. The use of the 100% Organic Cotton <b>reduces the occurence of the TSS* syndrome to 0%</ b>.', NULL, NULL, '2017-01-20 17:15:28', '2017-01-20 17:15:28', '91ff0d8e-708b-4207-9141-71f79c1dc9fb'),
 ('25', '32', 'en', NULL, NULL, NULL, '<b>DOT</b> is a line of innovative products, dedicated to feminine and hygienic world during the menstrual cycle. Thanks to their <b>100% Cotton</b> formulation and to its special <b>Combimedica patent</b>, they are not only <b>hypoallergenic</b> but also <b>naturally antibacterial</b>', '<b>DOT is available in the most common formats, these include</b>: Pads with wings for the day, Pads with wings for the night, Pantyliners and Tampons. Every <b>DOT</b> is available in different variants, depending to the desired absorbency degree. That’s because the aim of every product is to make you feel comfortable and safely protected.', '2017-01-20 17:59:56', '2018-01-23 15:13:36', 'c99576c7-af3c-4a8d-8bce-b7b99f2a5af5'),
 ('26', '33', 'en', NULL, NULL, NULL, 'We are trying to turn a complicated period of the month into something <b>less heavy</b>. On average, Women spend <b>10 years</b> having periods in their lifetime;', 'The average woman will use nearly <b>11’000 tampons</b> over her lifetime; Women will experience about <b>450 periods</b> over their lifetime. ', '2017-01-20 17:59:56', '2018-01-23 15:13:36', '05f6e0fb-5c3c-4220-8505-08dcdae6f006'),
 ('32', '46', 'it', NULL, NULL, NULL, '<b>DOT</b> è una linea di <b>prodotti innovativi</b>, dedicati al mondo dell’<b>igiene femminile</b>, nel periodo del ciclo mestruale.<br /> Grazie alla loro formulazione in <b>100% cotone</b> ed ad uno speciale <b>brevetto Combimedica</b>, non solo sono <b>anallergici,</b> ma anche <b>naturalmente antibatterici</b>.', '<b>DOT</b> è disponibile nei più comuni formati: <b>Assorbenti con ali giorno e notte</b>, <b>Salvaslip</b> e <b>Tamponi interni</b>.<br />Diverse varianti, pensate in base <b>grado di assorbenza desiderato</b>; perché il nostro obiettivo è quello di farti sentire a tuo agio e protetta in modo sicuro e naturale.', '2017-01-20 18:11:56', '2018-01-24 09:35:55', '88cfbaaa-8cb9-4234-8fbb-6698a3ff4dd0'),
 ('33', '47', 'it', NULL, NULL, NULL, 'Vogliamo rendere un periodo complicato del mese, un po’ meno pesante:</br>in media una donna passa <b>10 anni</b> della sua vita in compagnia del ciclo mestruale;', 'Si calcola che in un’intera vita, una donna, possa arrivare ad utilizzare all’incirca <b>11.000 tamponi</b> e che <br>il numero di cicli che una donna sperimenta mediamente durante la vita ammonta a <b>450</b>.', '2017-01-20 18:11:56', '2018-01-24 09:35:55', '0801c9d4-7497-4c98-8045-91d7006f5ea0'),
 ('36', '51', 'en', NULL, NULL, 'A unique line of Pads with wings made in <b>100% cotton</b> that guarantees comfort and protection. <b>DOT’s</b> models with wings whether for the day or the night, are adaptable to different flows needs, taking care of your body <b>naturally</b>.', NULL, NULL, '2017-01-23 10:22:17', '2017-01-23 14:02:28', '927f0067-8ee8-40d2-95b1-660903c3b739'),
 ('37', '52', 'en', NULL, NULL, '<b>DOT</b> is an unique pad of its kind. <b>Ergonomically</b> designed with the <b>Odour-block barrier</b> and the exclusive patented <b>antibacterial Top-sheet</b>, it prevents the occurrence of the most common bacterial infections thanks to the natural and patented composition. ', NULL, NULL, '2017-01-23 10:22:17', '2017-01-23 14:02:28', '4dc6fec7-233c-42c9-95ff-f29dcde32456'),
 ('38', '53', 'en', NULL, NULL, 'An innovative line of products for the <b>feminine hygiene</b>, available in the <b>Regular</b> and <b>Ultra</b> variants, respectively for a normal and intense flows like those at night. The <b>revolutionary design</b> with wings guarantees greater protection, so you can stay confident at any time.', NULL, NULL, '2017-01-23 10:22:17', '2017-01-23 14:02:28', '1d7ae466-5846-4dd2-8a21-3ffb4091a587'),
 ('39', '57', 'it', NULL, NULL, '<b>DOT</b> proteggi slip in <b>100% cotone</b> ti offre tutta la protezione e il comfort che cerchi.<br />La sua <b>formula traspirante</b> si prende cura delicatamente della tua pelle, facendoti sentire al meglio tutto il giorno, ogni giorno.', NULL, NULL, '2017-01-23 14:05:09', '2018-01-10 14:34:20', 'e5e7ac49-aa14-4cb0-9564-d36e94a4d255'),
 ('40', '58', 'it', NULL, NULL, 'Il salvaslip <b>DOT</b> sono traspiranti e donano una sensazione di <b>freschezza</b> e <b>asciutto</b> garantendo un <b>elevato comfort</b> anche dopo un lungo periodo.<br />', NULL, NULL, '2017-01-23 14:05:09', '2018-01-10 14:34:20', 'e4bea396-7a34-4eda-a112-5d4890f8e2a3'),
 ('41', '59', 'it', NULL, NULL, 'Un’innovativa linea di prodotti per l’igiene femminile, disponibile nella variante <b>Soft</b>.<br />Un’ <b>extra-protezione</b> per sentirti più <b>sicura</b> con te stessa ed in mezzo agli altri.', NULL, NULL, '2017-01-23 14:05:09', '2018-01-10 14:34:20', '08ffe926-151a-4bc3-a32d-9bdca7165526'),
 ('42', '60', 'en', NULL, NULL, '<b>DOT Pantyliners in 100% cotton</b> offer you all the protection and the comfort that you need. Their <b>transpiring formula</b> gently takes care of your skin, making you feel better everyday, all day long.', NULL, NULL, '2017-01-23 14:05:33', '2017-01-23 14:05:33', '5733e27e-08c2-418d-8606-1326786de54a'),
 ('43', '61', 'en', NULL, NULL, '<b>DOT</b> Pantyliners are <b>totally transpirant</b>; they’re able to give you a pleasant sense of dry skin and freshness guaranteeing an <b>high comfort</b> even after a long period.', NULL, NULL, '2017-01-23 14:05:33', '2017-01-23 14:05:33', '051e7fb9-fa73-43d6-9d0a-a21acd7ae210'),
 ('44', '62', 'en', NULL, NULL, 'An innovative line of products for the feminine hygiene, available in the <b>Soft</b> variant. An <b>extra-protection</b> to feel more comfortable with yourself and with anyone else.', NULL, NULL, '2017-01-23 14:05:33', '2017-01-23 14:05:33', '9a8b5b61-e427-437e-9090-d640e16c28d2'),
 ('45', '66', 'it', NULL, NULL, 'La linea <b>DOT Sanity</b> garantisce la massima vestibilità, comfort e sicurezza grazie alle dimensioni compatte e alla sagoma anatomica. Pensati per i <b>flussi più abbondanti</b>, i modelli DOT Sanity <b>100% cotone</b> offrono discrezione e protezione sia durante il <b>giorno</b> che durante la <b>notte</b>.', NULL, NULL, '2017-09-14 10:20:27', '2018-01-10 14:34:05', 'de65d685-9f8c-43b3-aae0-a7480b89df50'),
 ('46', '67', 'it', NULL, NULL, 'I prodotti <b>DOT Sanity</b> sono dotati di barriera <b>Odour-block</b> e di un esclusivo <b>Top sheet antibatterico</ b> brevettato; prevengono l’insorgenza delle più comuni infezioni batteriche grazie alla <b>composizione naturale</b> e brevettata.', NULL, NULL, '2017-09-14 10:20:40', '2018-01-10 14:34:05', '5ab243f6-294e-4300-a087-2969621c921d'),
 ('47', '68', 'it', NULL, NULL, 'Un’innovativa linea in <b>100% cotone</b> disponibile nelle varianti <b>Normal</b>, <b>Super</b> ed <b>Extra</b>, per ogni esigenza di flusso. Il <b>design</b> garantisce un’<b>extra assorbenza</b>, protezione attiva e comfort, adattandosi alla propria anatomia del corpo.', NULL, NULL, '2017-09-14 10:20:40', '2018-01-10 14:34:05', '5cde6fbc-496e-42fe-b878-a10e933a8e10'),
 ('48', '69', 'en', NULL, NULL, '<b>DOT Sanity</b>, ensures maximum wearability, comfort and safety thanks to its compact size and to the anatomical shape. Designed for the most <b>generous flows</b>, DOT Sanity <b>100% cotton</b> offers discretion and protection whether for the <b>day</b> or the <b>night</b>.', NULL, NULL, '2017-09-14 10:22:13', '2017-09-14 10:22:13', '4f1914cf-954c-4196-a5f9-61b6f5dd59d2'),
 ('49', '70', 'en', NULL, NULL, '<b>DOT Sanity</b> products, are equipped with the <b>Odour-block barrier</b> and the exclusive patented <b>antibacterial Top-sheet</b> that prevents the occurrence of the most common bacterial infections thanks to the <b>natural and patented composition</b>.', NULL, NULL, '2017-09-14 10:22:13', '2017-09-14 10:22:13', '96917447-955c-4376-a53d-0813a0cf2c8d'),
 ('50', '71', 'en', NULL, NULL, 'An innovative new line <b>100% cotton</b>, available in the <b>Normal</b>, <b>Super</b> and <b>Extra</b> variants, for every flow needs. The <b>design</b> ensures comfort, <b>extra absorbency</ b> and an active protection, adapting to the own body anatomy.', NULL, NULL, '2017-09-14 10:22:13', '2017-09-14 10:22:13', '0ac29e9d-93ee-4ca9-80a4-54d23e014c6b'),
 ('51', '73', 'it', NULL, NULL, NULL, 'Lo sapevi che l’utilizzo di assorbenti interni in 100% cotone organico, <b>riduce l’insorgenza della TSS</b> (Sindrome da shock tossico) <b>allo 0%</b>?', 'Producendo i nostri prodotti con <b>filiera controllata e in 100% cotone</b>, vogliamo differenziarci: informandoti facendoti però sentire <b>protetta</b> ed in <b>totale comfort</b>.', '2018-01-10 14:02:36', '2018-01-22 09:25:55', '243ab250-66ba-4142-9024-f5df7e464b88'),
 ('52', '74', 'it', NULL, NULL, NULL, 'La <b>sindrome da shock tossico</b>, anche conosciuta come TSS, è una <b>malattia rara</b> che si può verificare <b>utilizzando assorbenti interni di scarsa qualità</b> o con additivi dannosi per le mucose interne.', 'Ricordati di <b>alternare</b>, durante il ciclo, <b>l’utilizzo di assorbenti interni ed esterni</b> e di <b>cambiare spesso il tuo assorbente interno</b> e <b>utilizza tamponi in 100% cotone organico</b> come i nostri.<br />', '2018-01-10 14:02:36', '2018-01-22 09:25:55', 'a937154d-3cd4-4f5f-b645-b39479c4a24b'),
 ('53', '75', 'en', NULL, NULL, NULL, 'Did you know that the use of <b>100% Organic Cotton Tampons </b>, reduces the occurrence of TSS (Toxic Shock Syndrome) to <b>0%</b>? ', 'Producing our products with channelled system and in <b>100%</b> cotton, we want to differentiate ourselves informing you and making you feel protected, in complete comfort.', '2018-01-22 09:27:03', '2018-01-22 09:27:03', '5d54ff6c-63eb-406c-ba16-e7eee760ffff'),
 ('54', '76', 'en', NULL, NULL, NULL, 'The occurrence of the <b>Menstrual TSS Syndrome</b> may occurr while using poor quality Tampons or Tampons with harmful additives for the internal mucous. ', 'Remember preferably to alternate, during the Menstrual cycle, the use of Internal and external Pads and to frequently change your Tampons using <b>100% Organic Cotton Tampons</b> like our <b>DOT</b>.', '2018-01-22 09:27:03', '2018-01-22 09:27:03', '34fd4cef-241f-4fcc-b6da-986997ff862e'),
 ('55', '77', 'it', NULL, NULL, NULL, 'La <b>New Medical Horizons s.r.l.</b> è una compagnia nata ad ottobre 2016, è formata da un team che congiunge l’intraprendenza di personale giovane e volenteroso con la saggezza di un imprenditore di successo.', 'Il nostro obiettivo, sebbene molto ambizioso, è di divenire il <b>punto di riferimento</b> nel settore dell\'assorbenza e di dispositivi medici per incontinenza.', '2018-01-22 09:28:29', '2018-01-24 09:35:55', '10f278d3-3de2-432e-99cd-1bd1981fb749'),
 ('56', '78', 'it', NULL, NULL, NULL, 'La nostra gamma di prodotti si basa sul <b>brevetto CombiMedica®</b> (di proprietà di Franzoni Re S.r.l.) che delinea il processo in cui vengono legate le molecole di cotone alle molecole di clorexidina, tramite legame covalente polare. Lo strato a contatto con la pelle è di <b>delicato cotone antibatterico</b>, questo rende il dispositivo delicato sulla pelle (<a target=\"_blank\" href=\"http://stopthedot.com/assets/documents/test_dermatologico_dot_ispe.pdf\">link test dermatologico</a>)', 'e garantisce un abbattimento dei batteri che in genere nascono e si riproducono in zone calde e umide. L\'abbattimento dei batteri <b>diminuisce la probabilità dell\' insorgere delle più comuni infezioni</b>, inoltre contribuisce all\'abbattimento degli odori. Gli assorbenti Dot sono made in Italy  :it:', '2018-01-22 09:28:29', '2018-01-24 09:35:55', '1168b94a-8163-42a7-97bb-73b6e274775a'),
 ('57', '101', 'en', NULL, NULL, NULL, '<b>New Medical Horizons s.r.l.</b> is a company born on October 2016. It’s team is the result of the combination between young and willing personnel with the wiseness of a succesfull entrepreneur.', 'Our objective, even if it may sound too ambitious, is to become the <b>reference point</b> for the absorbance and incontinence medical devices market.', '2018-01-23 14:20:36', '2018-01-23 15:13:36', 'c14a77c8-72a9-4a70-ab27-a455ad18495f'),
 ('58', '102', 'en', NULL, NULL, NULL, 'Our range of products is strong of the <b>Combimedica® patent</b> (Owned by Franzoni Re S.r.l.), which underlnes the process for which cotton molecules are bound to chlorexidine molecules through polar covalent bond.', 'The layer in contact with the skin is made of <b>delicate antibacterial cotton</b>, which makes the device delicate on skin (<a target=\"_blank\" href=\"http://stopthedot.com/assets/documents/test_dermatologico_dot_ispe.pdf\">dermatological test link</a>) and grants the destruction of bacteria that usually generates from humid and warm areas. The bacteria destruction <b>reduces the chance of common infections</b>, while contributing to smell removal.', '2018-01-23 14:20:36', '2018-01-23 15:13:36', '2ad67241-9798-4261-b7e9-94a115945f0a');



DROP TABLE IF EXISTS `craft_migrations`;


--
-- Schema for table `craft_migrations`
--
CREATE TABLE `craft_migrations` (
  `id` int(11) NOT NULL AUTO_INCREMENT,
  `pluginId` int(11) DEFAULT NULL,
  `version` varchar(255) COLLATE utf8_unicode_ci NOT NULL,
  `applyTime` datetime NOT NULL,
  `dateCreated` datetime NOT NULL,
  `dateUpdated` datetime NOT NULL,
  `uid` char(36) COLLATE utf8_unicode_ci NOT NULL DEFAULT '0',
  PRIMARY KEY (`id`),
  UNIQUE KEY `craft_migrations_version_unq_idx` (`version`),
  KEY `craft_migrations_pluginId_fk` (`pluginId`)
) ENGINE=InnoDB AUTO_INCREMENT=68 DEFAULT CHARSET=utf8 COLLATE=utf8_unicode_ci;

--
-- Data for table `craft_migrations`
--

INSERT INTO `craft_migrations` (`id`, `pluginId`, `version`, `applyTime`, `dateCreated`, `dateUpdated`, `uid`) VALUES
 ('1', NULL, 'm000000_000000_base', '2017-01-13 15:45:27', '2017-01-13 15:45:27', '2017-01-13 15:45:27', 'ca839d9c-23af-46c1-8bfb-7b90a13bcedd'),
 ('2', NULL, 'm140730_000001_add_filename_and_format_to_transformindex', '2017-01-13 15:45:27', '2017-01-13 15:45:27', '2017-01-13 15:45:27', '7dc4f333-353d-45d5-84e7-cd4afc58264b'),
 ('3', NULL, 'm140815_000001_add_format_to_transforms', '2017-01-13 15:45:27', '2017-01-13 15:45:27', '2017-01-13 15:45:27', '05c419ff-feba-4ee3-a716-0a7d43b4a51e'),
 ('4', NULL, 'm140822_000001_allow_more_than_128_items_per_field', '2017-01-13 15:45:27', '2017-01-13 15:45:27', '2017-01-13 15:45:27', '1f7e6729-f5c7-4b29-bc18-b069b4d87a68'),
 ('5', NULL, 'm140829_000001_single_title_formats', '2017-01-13 15:45:27', '2017-01-13 15:45:27', '2017-01-13 15:45:27', '863ce8dc-23ca-45d4-aa69-be57a2bfb5fb'),
 ('6', NULL, 'm140831_000001_extended_cache_keys', '2017-01-13 15:45:27', '2017-01-13 15:45:27', '2017-01-13 15:45:27', 'ffe648db-1ea3-4838-bbad-524e71a0b7cf'),
 ('7', NULL, 'm140922_000001_delete_orphaned_matrix_blocks', '2017-01-13 15:45:27', '2017-01-13 15:45:27', '2017-01-13 15:45:27', 'ba19425c-2675-463f-9367-ebf612e3baa6'),
 ('8', NULL, 'm141008_000001_elements_index_tune', '2017-01-13 15:45:27', '2017-01-13 15:45:27', '2017-01-13 15:45:27', 'b3ca8678-2ed8-469d-8bc3-13e660bfc002'),
 ('9', NULL, 'm141009_000001_assets_source_handle', '2017-01-13 15:45:27', '2017-01-13 15:45:27', '2017-01-13 15:45:27', 'a72e98ed-abc1-416e-af48-b4708c581d57'),
 ('10', NULL, 'm141024_000001_field_layout_tabs', '2017-01-13 15:45:27', '2017-01-13 15:45:27', '2017-01-13 15:45:27', '06cb3f9b-1771-437b-a07d-cf325a47c298'),
 ('11', NULL, 'm141030_000000_plugin_schema_versions', '2017-01-13 15:45:27', '2017-01-13 15:45:27', '2017-01-13 15:45:27', '7fdad794-4d08-4ad0-ac6e-30bc515544ba'),
 ('12', NULL, 'm141030_000001_drop_structure_move_permission', '2017-01-13 15:45:27', '2017-01-13 15:45:27', '2017-01-13 15:45:27', '3d4f35c7-f6d6-4917-a7ca-4030589c5ac9'),
 ('13', NULL, 'm141103_000001_tag_titles', '2017-01-13 15:45:27', '2017-01-13 15:45:27', '2017-01-13 15:45:27', '0eb23daa-84bc-400e-86e0-3fa58a222552'),
 ('14', NULL, 'm141109_000001_user_status_shuffle', '2017-01-13 15:45:27', '2017-01-13 15:45:27', '2017-01-13 15:45:27', 'bbdff865-096f-418d-bb6b-c3cff26a90a5'),
 ('15', NULL, 'm141126_000001_user_week_start_day', '2017-01-13 15:45:27', '2017-01-13 15:45:27', '2017-01-13 15:45:27', '6827efcb-8049-496e-8886-e2cc1e185889'),
 ('16', NULL, 'm150210_000001_adjust_user_photo_size', '2017-01-13 15:45:27', '2017-01-13 15:45:27', '2017-01-13 15:45:27', '7004b280-d38f-4855-bf58-30d1dd0dd881'),
 ('17', NULL, 'm150724_000001_adjust_quality_settings', '2017-01-13 15:45:27', '2017-01-13 15:45:27', '2017-01-13 15:45:27', '22badabd-b02c-4865-b5f7-ddbf40bb81fb'),
 ('18', NULL, 'm150827_000000_element_index_settings', '2017-01-13 15:45:27', '2017-01-13 15:45:27', '2017-01-13 15:45:27', 'a17e49b5-3c4b-414f-9c4a-4f9513280de7'),
 ('19', NULL, 'm150918_000001_add_colspan_to_widgets', '2017-01-13 15:45:27', '2017-01-13 15:45:27', '2017-01-13 15:45:27', '5636cc23-cfa6-49f3-9b15-2c4835640d23'),
 ('20', NULL, 'm151007_000000_clear_asset_caches', '2017-01-13 15:45:27', '2017-01-13 15:45:27', '2017-01-13 15:45:27', 'f8ab829f-ebbe-4788-bd11-589337d75602'),
 ('21', NULL, 'm151109_000000_text_url_formats', '2017-01-13 15:45:27', '2017-01-13 15:45:27', '2017-01-13 15:45:27', '87938840-645d-4436-85f2-c83c77797bb7'),
 ('22', NULL, 'm151110_000000_move_logo', '2017-01-13 15:45:27', '2017-01-13 15:45:27', '2017-01-13 15:45:27', '8f3646d7-28dc-4eb9-9fba-d50e9ea645c4'),
 ('23', NULL, 'm151117_000000_adjust_image_widthheight', '2017-01-13 15:45:27', '2017-01-13 15:45:27', '2017-01-13 15:45:27', '45d4f76b-51b5-4c93-907d-405b05d5a598'),
 ('24', NULL, 'm151127_000000_clear_license_key_status', '2017-01-13 15:45:27', '2017-01-13 15:45:27', '2017-01-13 15:45:27', '3004fbd8-fbe2-4a0c-9e70-1d2686fca12e'),
 ('25', NULL, 'm151127_000000_plugin_license_keys', '2017-01-13 15:45:27', '2017-01-13 15:45:27', '2017-01-13 15:45:27', 'deb0f780-5ba0-4f17-904e-37c395b1a096'),
 ('26', NULL, 'm151130_000000_update_pt_widget_feeds', '2017-01-13 15:45:27', '2017-01-13 15:45:27', '2017-01-13 15:45:27', '9a72edb2-aaaf-497a-9f7f-717e9577c32f'),
 ('27', NULL, 'm160114_000000_asset_sources_public_url_default_true', '2017-01-13 15:45:27', '2017-01-13 15:45:27', '2017-01-13 15:45:27', '8fdd1dcd-cb6e-450c-8eee-1533084bb7f3'),
 ('28', NULL, 'm160223_000000_sortorder_to_smallint', '2017-01-13 15:45:27', '2017-01-13 15:45:27', '2017-01-13 15:45:27', '68928e86-0f57-4e9b-a457-8d80a769602f'),
 ('29', NULL, 'm160229_000000_set_default_entry_statuses', '2017-01-13 15:45:27', '2017-01-13 15:45:27', '2017-01-13 15:45:27', 'e46ec7e5-bdcd-4044-a485-2ba5459989ab'),
 ('30', NULL, 'm160304_000000_client_permissions', '2017-01-13 15:45:27', '2017-01-13 15:45:27', '2017-01-13 15:45:27', 'a00ea3be-601a-4956-9895-503088862551'),
 ('31', NULL, 'm160322_000000_asset_filesize', '2017-01-13 15:45:27', '2017-01-13 15:45:27', '2017-01-13 15:45:27', '9bfbf38f-07c9-45a1-a636-15ab067ccc9c'),
 ('32', NULL, 'm160503_000000_orphaned_fieldlayouts', '2017-01-13 15:45:27', '2017-01-13 15:45:27', '2017-01-13 15:45:27', '2cb9d423-1d93-4f46-a8bd-aa165034455a'),
 ('33', NULL, 'm160510_000000_tasksettings', '2017-01-13 15:45:27', '2017-01-13 15:45:27', '2017-01-13 15:45:27', '75e04932-eff6-4e96-933d-8385981e33cd'),
 ('34', NULL, 'm160829_000000_pending_user_content_cleanup', '2017-01-13 15:45:27', '2017-01-13 15:45:27', '2017-01-13 15:45:27', 'a1b395a2-0b79-4e21-8e15-7f8836e05f79'),
 ('35', NULL, 'm160830_000000_asset_index_uri_increase', '2017-01-13 15:45:27', '2017-01-13 15:45:27', '2017-01-13 15:45:27', '20c26347-3c2e-445f-a1d6-6ecba1f47ffd'),
 ('36', NULL, 'm160919_000000_usergroup_handle_title_unique', '2017-01-13 15:45:27', '2017-01-13 15:45:27', '2017-01-13 15:45:27', '4bd42e0d-a695-433f-bef2-0c00ff422ddf'),
 ('37', NULL, 'm161108_000000_new_version_format', '2017-01-13 15:45:27', '2017-01-13 15:45:27', '2017-01-13 15:45:27', 'ac2fccde-f5a4-46c8-aa82-e527795161cd'),
 ('38', NULL, 'm161109_000000_index_shuffle', '2017-01-13 15:45:27', '2017-01-13 15:45:27', '2017-01-13 15:45:27', 'cca66cc4-354b-4787-9768-de83016e56ae'),
 ('39', '3', 'm151225_000000_seomatic_addHumansField', '2017-01-31 10:40:18', '2017-01-31 10:40:18', '2017-01-31 10:40:18', '7465c4f5-83b2-4867-84b0-558de470aa82'),
 ('40', '3', 'm151226_000000_seomatic_addTwitterFacebookFields', '2017-01-31 10:40:18', '2017-01-31 10:40:18', '2017-01-31 10:40:18', '0f015648-2fe1-4d5b-a662-0aa8300eceb8'),
 ('41', '3', 'm160101_000000_seomatic_addRobotsFields', '2017-01-31 10:40:18', '2017-01-31 10:40:18', '2017-01-31 10:40:18', '405af791-b4d6-4bb0-8c69-13ae960bf3d3'),
 ('42', '3', 'm160111_000000_seomatic_addTitleFields', '2017-01-31 10:40:18', '2017-01-31 10:40:18', '2017-01-31 10:40:18', 'b019e7d2-e421-43a8-84ab-fb4c71d88290'),
 ('43', '3', 'm160122_000000_seomatic_addTypeFields', '2017-01-31 10:40:18', '2017-01-31 10:40:18', '2017-01-31 10:40:18', '47d439a2-4dfe-45e3-ae94-94742c1cfc1d'),
 ('44', '3', 'm160123_000000_seomatic_addOpeningHours', '2017-01-31 10:40:18', '2017-01-31 10:40:18', '2017-01-31 10:40:18', 'eaae3aea-7483-438a-a9c8-66d9ada585d5'),
 ('45', '3', 'm160202_000000_seomatic_addSocialHandles', '2017-01-31 10:40:18', '2017-01-31 10:40:18', '2017-01-31 10:40:18', '03aa3869-8b80-4b91-bef0-830dbb52f242'),
 ('46', '3', 'm160204_000000_seomatic_addGoogleAnalytics', '2017-01-31 10:40:18', '2017-01-31 10:40:18', '2017-01-31 10:40:18', 'ef019fde-6982-4d0f-890c-35fdc206d62e'),
 ('47', '3', 'm160205_000000_seomatic_addResturantMenu', '2017-01-31 10:40:18', '2017-01-31 10:40:18', '2017-01-31 10:40:18', 'ec7bdf65-c232-4ff2-8f9f-93587b8402de'),
 ('48', '3', 'm160206_000000_seomatic_addGoogleAnalyticsPlugins', '2017-01-31 10:40:18', '2017-01-31 10:40:18', '2017-01-31 10:40:18', '4734d4a6-f489-4978-ac9d-518b30bf0604'),
 ('49', '3', 'm160206_000000_seomatic_addGoogleAnalyticsSendPageView', '2017-01-31 10:40:18', '2017-01-31 10:40:18', '2017-01-31 10:40:18', '52e13742-f12c-44e4-88c2-5fdef3cfeddb'),
 ('50', '3', 'm160209_000000_seomatic_alterDescriptionsColumns', '2017-01-31 10:40:18', '2017-01-31 10:40:18', '2017-01-31 10:40:18', '5bbdc573-ec20-472e-80d6-08f3ce1f106a'),
 ('51', '3', 'm160209_000001_seomatic_addRobotsTxt', '2017-01-31 10:40:18', '2017-01-31 10:40:18', '2017-01-31 10:40:18', '0e41db22-6872-4e0b-971f-d9050c1b890b'),
 ('52', '3', 'm160227_000000_seomatic_addFacebookAppId', '2017-01-31 10:40:18', '2017-01-31 10:40:18', '2017-01-31 10:40:18', 'b6e826bf-657e-486d-8a8f-b5b3f24efa90'),
 ('53', '3', 'm160416_000000_seomatic_addContactPoints', '2017-01-31 10:40:18', '2017-01-31 10:40:18', '2017-01-31 10:40:18', '2e6ca719-1526-473f-95d5-6daf4820bf3c'),
 ('54', '3', 'm160509_000000_seomatic_addSiteLinksBing', '2017-01-31 10:40:18', '2017-01-31 10:40:18', '2017-01-31 10:40:18', '1c6d0356-a782-4305-a9a0-3f571263ad11'),
 ('55', '3', 'm160707_000000_seomatic_addGoogleTagManager', '2017-01-31 10:40:18', '2017-01-31 10:40:18', '2017-01-31 10:40:18', '40e40c3b-0085-405b-a7b7-4f5694f83a6f'),
 ('56', '3', 'm160715_000000_seomatic_addSeoImageTransforms', '2017-01-31 10:40:18', '2017-01-31 10:40:18', '2017-01-31 10:40:18', '0aa27b0b-7c1c-4e24-8152-8370e46f9f35'),
 ('57', '3', 'm160723_000000_seomatic_addSeoMainEntityOfPage', '2017-01-31 10:40:18', '2017-01-31 10:40:18', '2017-01-31 10:40:18', '1bfd5f02-7bbb-4dac-8880-1a5dba6c9561'),
 ('58', '3', 'm160724_000000_seomatic_addSeoMainEntityCategory', '2017-01-31 10:40:18', '2017-01-31 10:40:18', '2017-01-31 10:40:18', '3d70753d-6ab9-4f88-9031-0c661d7d7911'),
 ('59', '3', 'm160811_000000_seomatic_addVimeo', '2017-01-31 10:40:18', '2017-01-31 10:40:18', '2017-01-31 10:40:18', 'bcf01807-86cd-40b2-a556-b7c1dba3a866'),
 ('60', '3', 'm160904_000000_seomatic_addTwitterFacebookImages', '2017-01-31 10:40:18', '2017-01-31 10:40:18', '2017-01-31 10:40:18', '7ade18b8-67d4-4376-aa28-6e8b6b0d5e16'),
 ('61', '3', 'm161220_000000_seomatic_addPriceRange', '2017-01-31 10:40:18', '2017-01-31 10:40:18', '2017-01-31 10:40:18', 'f196b0d7-9ce8-4d9a-adfb-f148a316b57b'),
 ('62', '3', 'm170212_000000_seomatic_addGoogleAnalyticsAnonymizeIp', '2017-02-13 10:31:17', '2017-02-13 10:31:17', '2017-02-13 10:31:17', 'd1e122c4-17c2-4b6c-ba8c-8a775519930f'),
 ('63', '3', 'm170212_000000_seomatic_addWikipedia', '2017-02-13 10:31:17', '2017-02-13 10:31:17', '2017-02-13 10:31:17', 'b826d277-650b-4518-928d-4a743be5af13'),
 ('64', NULL, 'm170612_000000_route_index_shuffle', '2017-09-11 13:48:58', '2017-09-11 13:48:58', '2017-09-11 13:48:58', '8ba68722-1408-46e1-85fe-4e87d4bfae66'),
 ('65', NULL, 'm171107_000000_assign_group_permissions', '2018-01-24 09:25:54', '2018-01-24 09:25:54', '2018-01-24 09:25:54', 'ddd0902e-d068-44af-a24f-c39f479822e3'),
 ('66', NULL, 'm171117_000001_templatecache_index_tune', '2018-01-24 09:25:54', '2018-01-24 09:25:54', '2018-01-24 09:25:54', '04649392-a997-42ee-9a18-1b9a03b0830f'),
 ('67', NULL, 'm171204_000001_templatecache_index_tune_deux', '2018-01-24 09:25:54', '2018-01-24 09:25:54', '2018-01-24 09:25:54', 'a47a86be-5109-49fa-a365-d2ff56ec298b');



DROP TABLE IF EXISTS `craft_plugins`;


--
-- Schema for table `craft_plugins`
--
CREATE TABLE `craft_plugins` (
  `id` int(11) NOT NULL AUTO_INCREMENT,
  `class` varchar(150) COLLATE utf8_unicode_ci NOT NULL,
  `version` varchar(15) COLLATE utf8_unicode_ci NOT NULL,
  `schemaVersion` varchar(15) COLLATE utf8_unicode_ci DEFAULT NULL,
  `licenseKey` char(24) COLLATE utf8_unicode_ci DEFAULT NULL,
  `licenseKeyStatus` enum('valid','invalid','mismatched','unknown') COLLATE utf8_unicode_ci NOT NULL DEFAULT 'unknown',
  `enabled` tinyint(1) unsigned NOT NULL DEFAULT '0',
  `settings` text COLLATE utf8_unicode_ci,
  `installDate` datetime NOT NULL,
  `dateCreated` datetime NOT NULL,
  `dateUpdated` datetime NOT NULL,
  `uid` char(36) COLLATE utf8_unicode_ci NOT NULL DEFAULT '0',
  PRIMARY KEY (`id`)
) ENGINE=InnoDB AUTO_INCREMENT=5 DEFAULT CHARSET=utf8 COLLATE=utf8_unicode_ci;

--
-- Data for table `craft_plugins`
--

INSERT INTO `craft_plugins` (`id`, `class`, `version`, `schemaVersion`, `licenseKey`, `licenseKeyStatus`, `enabled`, `settings`, `installDate`, `dateCreated`, `dateUpdated`, `uid`) VALUES
 ('1', 'FieldManager', '1.5.3', '1.0.0', NULL, 'unknown', '1', NULL, '2017-01-19 14:21:06', '2017-01-19 14:21:06', '2018-01-24 09:26:14', '75b9454d-3811-4afb-9cd5-d2bed8613a16'),
 ('2', 'Kint', '1.1.0', '1.0.0', NULL, 'unknown', '1', '{\"kintDisplayTheme\":\"original\"}', '2017-01-20 17:39:22', '2017-01-20 17:39:22', '2018-01-24 09:26:14', 'fb643524-86ef-486d-aaf0-8f68bf8e1684'),
 ('3', 'Seomatic', '1.1.42', '1.1.25', NULL, 'unknown', '1', '{\"pluginNameOverride\":\"SEO\"}', '2017-01-31 10:40:18', '2017-01-31 10:40:18', '2018-01-24 09:26:14', 'e3b8271f-b107-4f31-a1c8-16ee07fc245a'),
 ('4', 'ContactForm', '1.8.1', '1.0.0', NULL, 'unknown', '1', '{\"toEmail\":\"alessandro@adoratorio.com\",\"prependSender\":\"On behalf of\",\"prependSubject\":\"New message from dot\",\"allowAttachments\":\"\",\"honeypotField\":\"\",\"successFlashMessage\":\"Your message has been sent.\"}', '2017-05-09 09:50:15', '2017-05-09 09:50:15', '2018-01-24 09:26:14', 'e4059779-b430-40c9-945e-57343bb67cfe');



DROP TABLE IF EXISTS `craft_rackspaceaccess`;


--
-- Schema for table `craft_rackspaceaccess`
--
CREATE TABLE `craft_rackspaceaccess` (
  `id` int(11) NOT NULL AUTO_INCREMENT,
  `connectionKey` varchar(255) COLLATE utf8_unicode_ci NOT NULL,
  `token` varchar(255) COLLATE utf8_unicode_ci NOT NULL,
  `storageUrl` varchar(255) COLLATE utf8_unicode_ci NOT NULL,
  `cdnUrl` varchar(255) COLLATE utf8_unicode_ci NOT NULL,
  `dateCreated` datetime NOT NULL,
  `dateUpdated` datetime NOT NULL,
  `uid` char(36) COLLATE utf8_unicode_ci NOT NULL DEFAULT '0',
  PRIMARY KEY (`id`),
  UNIQUE KEY `craft_rackspaceaccess_connectionKey_unq_idx` (`connectionKey`)
) ENGINE=InnoDB DEFAULT CHARSET=utf8 COLLATE=utf8_unicode_ci;

DROP TABLE IF EXISTS `craft_relations`;


--
-- Schema for table `craft_relations`
--
CREATE TABLE `craft_relations` (
  `id` int(11) NOT NULL AUTO_INCREMENT,
  `fieldId` int(11) NOT NULL,
  `sourceId` int(11) NOT NULL,
  `sourceLocale` char(12) COLLATE utf8_unicode_ci DEFAULT NULL,
  `targetId` int(11) NOT NULL,
  `sortOrder` smallint(6) DEFAULT NULL,
  `dateCreated` datetime NOT NULL,
  `dateUpdated` datetime NOT NULL,
  `uid` char(36) COLLATE utf8_unicode_ci NOT NULL DEFAULT '0',
  PRIMARY KEY (`id`),
  UNIQUE KEY `craft_relations_fieldId_sourceId_sourceLocale_targetId_unq_idx` (`fieldId`,`sourceId`,`sourceLocale`,`targetId`),
  KEY `craft_relations_sourceId_fk` (`sourceId`),
  KEY `craft_relations_sourceLocale_fk` (`sourceLocale`),
  KEY `craft_relations_targetId_fk` (`targetId`)
) ENGINE=InnoDB DEFAULT CHARSET=utf8 COLLATE=utf8_unicode_ci;

DROP TABLE IF EXISTS `craft_routes`;


--
-- Schema for table `craft_routes`
--
CREATE TABLE `craft_routes` (
  `id` int(11) NOT NULL AUTO_INCREMENT,
  `locale` char(12) COLLATE utf8_unicode_ci DEFAULT NULL,
  `urlParts` varchar(255) COLLATE utf8_unicode_ci NOT NULL,
  `urlPattern` varchar(255) COLLATE utf8_unicode_ci NOT NULL,
  `template` varchar(255) COLLATE utf8_unicode_ci NOT NULL,
  `sortOrder` smallint(6) unsigned DEFAULT NULL,
  `dateCreated` datetime NOT NULL,
  `dateUpdated` datetime NOT NULL,
  `uid` char(36) COLLATE utf8_unicode_ci NOT NULL DEFAULT '0',
  PRIMARY KEY (`id`),
  KEY `craft_routes_locale_idx` (`locale`),
  KEY `craft_routes_urlPattern_idx` (`urlPattern`)
) ENGINE=InnoDB DEFAULT CHARSET=utf8 COLLATE=utf8_unicode_ci;

DROP TABLE IF EXISTS `craft_searchindex`;


--
-- Schema for table `craft_searchindex`
--
CREATE TABLE `craft_searchindex` (
  `elementId` int(11) NOT NULL,
  `attribute` varchar(25) COLLATE utf8_unicode_ci NOT NULL,
  `fieldId` int(11) NOT NULL,
  `locale` char(12) COLLATE utf8_unicode_ci NOT NULL,
  `keywords` text COLLATE utf8_unicode_ci NOT NULL,
  PRIMARY KEY (`elementId`,`attribute`,`fieldId`,`locale`),
  FULLTEXT KEY `craft_searchindex_keywords_idx` (`keywords`)
) ENGINE=MyISAM DEFAULT CHARSET=utf8 COLLATE=utf8_unicode_ci;

--
-- Data for table `craft_searchindex`
--

INSERT INTO `craft_searchindex` (`elementId`, `attribute`, `fieldId`, `locale`, `keywords`) VALUES
 ('1', 'username', '0', 'it', ' admin '),
 ('1', 'firstname', '0', 'it', ''),
 ('1', 'lastname', '0', 'it', ''),
 ('1', 'fullname', '0', 'it', ''),
 ('1', 'email', '0', 'it', ' contact adoratorio com '),
 ('1', 'slug', '0', 'it', ''),
 ('2', 'slug', '0', 'it', ' homepage '),
 ('2', 'title', '0', 'it', ' home '),
 ('2', 'field', '1', 'it', ' questo e in italiano '),
 ('7', 'field', '7', 'it', ' yes '),
 ('7', 'field', '8', 'it', ' yeah '),
 ('7', 'slug', '0', 'it', ''),
 ('6', 'field', '9', 'it', ' dot e disponibile nei piu comuni formati assorbenti con ali giorno e notte salvaslip e tamponi interni diverse varianti pensate in base grado di assorbenza desiderato perche il nostro obiettivo e quello di farti sentire a tuo agio e protetta in modo sicuro e naturale '),
 ('6', 'field', '9', 'en', ' dot e disponibile nei piu comuni formati assorbenti con ali giorno e notte salvaslip e tamponi interni diverse varianti pensate in base grado di assorbenza desiderato perche il nostro obiettivo e quello di farti sentire a tuo agio e protetta in modo sicuro e naturale '),
 ('2', 'slug', '0', 'en', ' homepage '),
 ('2', 'title', '0', 'en', ' welcome to dot '),
 ('6', 'title', '0', 'en', ' about '),
 ('17', 'title', '0', 'en', ' hygenic pad '),
 ('17', 'slug', '0', 'it', ' esterno '),
 ('17', 'title', '0', 'it', ' hygenic pad '),
 ('6', 'field', '6', 'it', ' dot e una linea di prodotti innovativi dedicati al mondo dell igiene femminile nel periodo del ciclo mestruale grazie alla loro formulazione in 100% cotone ed ad uno speciale brevetto combimedica non solo sono anallergici ma anche naturalmente antibatterici '),
 ('6', 'slug', '0', 'it', ' first '),
 ('6', 'title', '0', 'it', ' about '),
 ('6', 'field', '6', 'en', ' first '),
 ('6', 'slug', '0', 'en', ' first '),
 ('2', 'field', '1', 'en', ' this is in english '),
 ('30', 'slug', '0', 'it', ''),
 ('29', 'field', '19', 'it', ' dot assorbenti interni in 100% cotone organico offre una protezione pratica e totale grazie all esclusivo applicatore igienico ed ergonomico che ne facilita l introduzione '),
 ('78', 'field', '22', 'it', ' e garantisce un abbattimento dei batteri che in genere nascono e si riproducono in zone calde e umide l abbattimento dei batteri diminuisce la probabilita dell insorgere delle piu comuni infezioni inoltre contribuisce all abbattimento degli odori gli assorbenti dot sono made in italy it '),
 ('31', 'slug', '0', 'it', ''),
 ('31', 'field', '19', 'it', ' un innovativa linea di prodotti per l igiene femminile disponibile nelle varianti soft regular e super rispettivamente per flussi da leggeri a medi fino a quelli per i giorni piu intensi l utilizzo del cotone 100% organico riduce l insorgenza della sindrome della tss allo 0% '),
 ('29', 'slug', '0', 'it', ''),
 ('30', 'field', '19', 'it', ' i tamponi dot contribuiscono al benessere del tuo corpo non irritano rispettano il tuo ph naturale e la flora vaginale il design degli assorbenti interni dot permette un inserimento e una rimozione facili ed e studiato per offrirti tutta la protezione e praticita di cui hai bisogno '),
 ('28', 'field', '18', 'it', ' dot assorbenti interni in 100% cotone organico offre una protezione pratica e totale grazie all esclusivo applicatore igienico ed ergonomico che ne facilita l introduzione i tamponi dot contribuiscono al benessere del tuo corpo non irritano rispettano il tuo ph naturale e la flora vaginale il design degli assorbenti interni dot permette un inserimento e una rimozione facili ed e studiato per offrirti tutta la protezione e praticita di cui hai bisogno un innovativa linea di prodotti per l igiene femminile disponibile nelle varianti soft regular e super rispettivamente per flussi da leggeri a medi fino a quelli per i giorni piu intensi l utilizzo del cotone 100% organico riduce l insorgenza della sindrome della tss allo 0% '),
 ('28', 'slug', '0', 'en', ' applicator tampon '),
 ('28', 'title', '0', 'en', ' applicator tampons '),
 ('6', 'field', '18', 'it', ' dot e una linea di prodotti innovativi dedicati al mondo dell igiene femminile nel periodo del ciclo mestruale grazie alla loro formulazione in 100% cotone ed ad uno speciale brevetto combimedica non solo sono anallergici ma anche naturalmente antibatterici dot e disponibile nei piu comuni formati assorbenti con ali giorno e notte salvaslip e tamponi interni diverse varianti pensate in base grado di assorbenza desiderato perche il nostro obiettivo e quello di farti sentire a tuo agio e protetta in modo sicuro e naturale vogliamo rendere un periodo complicato del mese un po meno pesante in media una donna passa 10 anni della sua vita in compagnia del ciclo mestruale si calcola che in un intera vita una donna possa arrivare ad utilizzare all incirca 11 000 tamponi e che il numero di cicli che una donna sperimenta mediamente durante la vita ammonta a 450 la new medical horizons s r l e una compagnia nata ad ottobre 2016 e formata da un team che congiunge l intraprendenza di personale giovane e volenteroso con la saggezza di un imprenditore di successo il nostro obiettivo sebbene molto ambizioso e di divenire il punto di riferimento nel settore dell assorbenza e di dispositivi medici per incontinenza la nostra gamma di prodotti si basa sul brevetto combimedica di proprieta di franzoni re s r l che delinea il processo in cui vengono legate le molecole di cotone alle molecole di clorexidina tramite legame covalente polare lo strato a contatto con la pelle e di delicato cotone antibatterico questo rende il dispositivo delicato sulla pelle link test dermatologico e garantisce un abbattimento dei batteri che in genere nascono e si riproducono in zone calde e umide l abbattimento dei batteri diminuisce la probabilita dell insorgere delle piu comuni infezioni inoltre contribuisce all abbattimento degli odori gli assorbenti dot sono made in italy it '),
 ('28', 'title', '0', 'it', ' applicator tampons '),
 ('28', 'slug', '0', 'it', ' applicator tampon '),
 ('24', 'title', '0', 'it', ' panty liner '),
 ('24', 'slug', '0', 'it', ' panty liner '),
 ('24', 'slug', '0', 'en', ' panty liner '),
 ('20', 'field', '19', 'it', ' una linea unica di assorbenti esterni con ali in 100% cotone che garantisce comfort e protezione i modelli dot con ali sia per il giorno che per la notte si adattano alle diverse esigenze di flusso rispettando il tuo corpo naturalmente '),
 ('20', 'field', '20', 'it', ''),
 ('20', 'slug', '0', 'it', ''),
 ('17', 'field', '18', 'it', ' una linea unica di assorbenti esterni con ali in 100% cotone che garantisce comfort e protezione i modelli dot con ali sia per il giorno che per la notte si adattano alle diverse esigenze di flusso rispettando il tuo corpo naturalmente dot esterno con ali ergonomico e dotato di barriera odour block e di un esclusivo top sheet antibatterico brevettato previene l insorgenza delle piu comuni infezioni batteriche grazie alla composizione naturale e brevettata disponibile nelle varianti regular e super rispettivamente per flussi normali e flussi intensi come quelli della notte il design con ali garantisce una maggiore protezione per tutto il giorno cosi potrai sentirti piu sicura e a tuo agio sempre '),
 ('17', 'slug', '0', 'en', ' esterno '),
 ('13', 'field', '6', 'it', ' dot esterno con ali ergonomico e dotato di barriera odour block e di un esclusivo top sheet antibatterico brevettato previene l insorgenza delle piu comuni infezioni batteriche grazie alla composizione naturale e brevettata '),
 ('13', 'slug', '0', 'it', ' seconda slide '),
 ('13', 'title', '0', 'it', ' seconda slide '),
 ('14', 'field', '6', 'it', ' dot esterno con ali ergonomico e dotato di barriera odour block e di un esclusivo top sheet antibatterico brevettato previene l insorgenza delle piu comuni infezioni batteriche grazie alla composizione naturale e brevettata '),
 ('14', 'slug', '0', 'it', ' seconda slide '),
 ('14', 'title', '0', 'it', ' seconda slide '),
 ('15', 'field', '6', 'it', ' dot esterno con ali ergonomico e dotato di barriera odour block e di un esclusivo top sheet antibatterico brevettato previene l insorgenza delle piu comuni infezioni batteriche grazie alla composizione naturale e brevettata '),
 ('15', 'slug', '0', 'it', ' seconda esterno '),
 ('15', 'title', '0', 'it', ' seconda slide '),
 ('16', 'field', '6', 'it', ' dot esterno con ali ergonomico e dotato di barriera odour block e di un esclusivo top sheet antibatterico brevettato previene l insorgenza delle piu comuni infezioni batteriche grazie alla composizione naturale e brevettata '),
 ('16', 'slug', '0', 'it', ' seconda esterno '),
 ('16', 'title', '0', 'it', ' seconda slide '),
 ('22', 'field', '19', 'it', ' dot esterno con ali ergonomico e dotato di barriera odour block e di un esclusivo top sheet antibatterico brevettato previene l insorgenza delle piu comuni infezioni batteriche grazie alla composizione naturale e brevettata '),
 ('22', 'slug', '0', 'it', ''),
 ('23', 'field', '19', 'it', ' disponibile nelle varianti regular e super rispettivamente per flussi normali e flussi intensi come quelli della notte il design con ali garantisce una maggiore protezione per tutto il giorno cosi potrai sentirti piu sicura e a tuo agio sempre '),
 ('23', 'slug', '0', 'it', ''),
 ('24', 'title', '0', 'en', ' panty liner '),
 ('24', 'field', '18', 'it', ' dot proteggi slip in 100% cotone ti offre tutta la protezione e il comfort che cerchi la sua formula traspirante si prende cura delicatamente della tua pelle facendoti sentire al meglio tutto il giorno ogni giorno il salvaslip dot sono traspiranti e donano una sensazione di freschezza e asciutto garantendo un elevato comfort anche dopo un lungo periodo un innovativa linea di prodotti per l igiene femminile disponibile nella variante soft un extra protezione per sentirti piu sicura con te stessa ed in mezzo agli altri '),
 ('60', 'field', '19', 'en', ' dot pantyliners in 100% cotton offer you all the protection and the comfort that you need their transpiring formula gently takes care of your skin making you feel better everyday all day long '),
 ('24', 'field', '18', 'en', ' dot pantyliners in 100% cotton offer you all the protection and the comfort that you need their transpiring formula gently takes care of your skin making you feel better everyday all day long dot pantyliners are totally transpirant they re able to give you a pleasant sense of dry skin and freshness guaranteeing an high comfort even after a long period an innovative line of products for the feminine hygiene available in the soft variant an extra protection to feel more comfortable with yourself and with anyone else '),
 ('32', 'field', '21', 'it', ' dot e una linea di prodotti innovativi dedicati al mondo dell igiene femminile nel periodo del ciclo mestruale grazie alla loro formulazione in 100% cotone ed ad uno speciale brevetto combimedica non solo sono anallergici ma anche naturalmente antibatterici '),
 ('32', 'field', '22', 'it', ' dot e disponibile nei piu comuni formati assorbenti con ali giorno e notte salvaslip e tamponi interni diverse varianti pensate in base grado di assorbenza desiderato perche il nostro obiettivo e quello di farti sentire a tuo agio e protetta in modo sicuro e naturale '),
 ('32', 'slug', '0', 'it', ''),
 ('33', 'field', '21', 'it', ' vogliamo rendere un periodo complicato del mese un po meno pesante in media una donna passa 10 anni della sua vita in compagnia del ciclo mestruale '),
 ('33', 'field', '22', 'it', ' si calcola che in un intera vita una donna possa arrivare ad utilizzare all incirca 11 000 tamponi e che il numero di cicli che una donna sperimenta mediamente durante la vita ammonta a 450 '),
 ('33', 'slug', '0', 'it', ''),
 ('80', 'filename', '0', 'it', ' about first sprite png '),
 ('77', 'slug', '0', 'it', ''),
 ('38', 'slug', '0', 'en', ''),
 ('38', 'slug', '0', 'it', ''),
 ('38', 'field', '25', 'it', ' salvaslip '),
 ('38', 'field', '24', 'it', ' tamponiinterni '),
 ('38', 'field', '23', 'it', ' assorbentiesterni '),
 ('37', 'title', '0', 'en', ' contact dot '),
 ('37', 'slug', '0', 'en', ' contact '),
 ('37', 'title', '0', 'it', ' contatta dot '),
 ('37', 'slug', '0', 'it', ' contact '),
 ('38', 'field', '23', 'en', ' hygenicpad '),
 ('38', 'field', '24', 'en', ' applicatortampons '),
 ('38', 'field', '25', 'en', ' pantyliner '),
 ('6', 'field', '18', 'en', ' dot is a line of innovative products dedicated to feminine and hygienic world during the menstrual cycle thanks to their 100% cotton formulation and to its special combimedica patent they are not only hypoallergenic but also naturally antibacterial dot is available in the most common formats these include pads with wings for the day pads with wings for the night pantyliners and tampons every dot is available in different variants depending to the desired absorbency degree that s because the aim of every product is to make you feel comfortable and safely protected we are trying to turn a complicated period of the month into something less heavy on average women spend 10 years having periods in their lifetime the average woman will use nearly 11 000 tampons over her lifetime women will experience about 450 periods over their lifetime new medical horizons s r l is a company born on october 2016 it s team is the result of the combination between young and willing personnel with the wiseness of a succesfull entrepreneur our objective even if it may sound too ambitious is to become the reference point for the absorbance and incontinence medical devices market our range of products is strong of the combimedica patent owned by franzoni re s r l which underlnes the process for which cotton molecules are bound to chlorexidine molecules through polar covalent bond the layer in contact with the skin is made of delicate antibacterial cotton which makes the device delicate on skin dermatological test link and grants the destruction of bacteria that usually generates from humid and warm areas the bacteria destruction reduces the chance of common infections while contributing to smell removal '),
 ('80', 'extension', '0', 'it', ' png '),
 ('80', 'kind', '0', 'it', ' image '),
 ('80', 'slug', '0', 'it', ' about first sprite '),
 ('80', 'title', '0', 'it', ' about first sprite '),
 ('80', 'filename', '0', 'en', ' about first sprite png '),
 ('80', 'extension', '0', 'en', ' png '),
 ('80', 'kind', '0', 'en', ' image '),
 ('80', 'slug', '0', 'en', ' about first sprite '),
 ('80', 'title', '0', 'en', ' about first sprite '),
 ('81', 'filename', '0', 'it', ' absorbent svg '),
 ('81', 'extension', '0', 'it', ' svg '),
 ('81', 'kind', '0', 'it', ' image ');
INSERT INTO `craft_searchindex` (`elementId`, `attribute`, `fieldId`, `locale`, `keywords`) VALUES
 ('50', 'slug', '0', 'en', ''),
 ('50', 'field', '60', 'it', ' acquista ora '),
 ('78', 'slug', '0', 'it', ''),
 ('50', 'slug', '0', 'it', ''),
 ('32', 'field', '21', 'en', ' dot is a line of innovative products dedicated to feminine and hygienic world during the menstrual cycle thanks to their 100% cotton formulation and to its special combimedica patent they are not only hypoallergenic but also naturally antibacterial '),
 ('50', 'field', '26', 'it', ' per cento '),
 ('33', 'field', '22', 'en', ' the average woman will use nearly 11 000 tampons over her lifetime women will experience about 450 periods over their lifetime '),
 ('33', 'field', '21', 'en', ' we are trying to turn a complicated period of the month into something less heavy on average women spend 10 years having periods in their lifetime '),
 ('32', 'field', '22', 'en', ' dot is available in the most common formats these include pads with wings for the day pads with wings for the night pantyliners and tampons every dot is available in different variants depending to the desired absorbency degree that s because the aim of every product is to make you feel comfortable and safely protected '),
 ('28', 'field', '18', 'en', ' dot tampons in 100% organic cotton offer to you an handy and total protection thanks to the exclusive hygienic and ergonomic applicator that allows an easy insertion dot tampons contribute to your body wellness it does not irritate it respects your natural ph and vaginal flora the innovative small sized design guarantees greater insertion simplicity to offer you all the protection and that you need an innovative line of products for the feminine hygiene available in the soft regular and ultra variants respectively for flows from light to medium till those for more intense days the use of the 100% organic cotton reduces the occurence of the tss syndrome to 0% '),
 ('43', 'field', '19', 'en', ' dot tampons in 100% organic cotton offer to you an handy and total protection thanks to the exclusive hygienic and ergonomic applicator that allows an easy insertion '),
 ('43', 'slug', '0', 'en', ''),
 ('44', 'field', '19', 'en', ' dot tampons contribute to your body wellness it does not irritate it respects your natural ph and vaginal flora the innovative small sized design guarantees greater insertion simplicity to offer you all the protection and that you need '),
 ('44', 'slug', '0', 'en', ''),
 ('45', 'field', '19', 'en', ' an innovative line of products for the feminine hygiene available in the soft regular and ultra variants respectively for flows from light to medium till those for more intense days the use of the 100% organic cotton reduces the occurence of the tss syndrome to 0% '),
 ('45', 'slug', '0', 'en', ''),
 ('6', 'field', '26', 'it', ' yesss '),
 ('50', 'field', '28', 'it', ' seguici su '),
 ('50', 'field', '27', 'it', ' richiedi '),
 ('6', 'field', '26', 'en', ' inglese '),
 ('32', 'slug', '0', 'en', ''),
 ('33', 'slug', '0', 'en', ''),
 ('78', 'field', '21', 'it', ' la nostra gamma di prodotti si basa sul brevetto combimedica di proprieta di franzoni re s r l che delinea il processo in cui vengono legate le molecole di cotone alle molecole di clorexidina tramite legame covalente polare lo strato a contatto con la pelle e di delicato cotone antibatterico questo rende il dispositivo delicato sulla pelle link test dermatologico '),
 ('17', 'field', '26', 'it', ' prova '),
 ('20', 'field', '19', 'en', ' una linea unica di assorbenti esterni con ali in 100% cotone organico che garantisce comfort e protezione i modelli dot con ali sia per il giorno che per la notte si adattano alle diverse esigenze di flusso rispettando il tuo corpo naturalmente '),
 ('22', 'field', '19', 'en', ' dot esterno con ali ergonomico e dotato di barriera odour block e di un esclusivo top sheet antibatterico brevettato previene l insorgenza delle piu comuni infezioni batteriche grazie alla composizione naturale e brevettata '),
 ('23', 'field', '19', 'en', ' disponibile nelle varianti regular e super rispettivamente per flussi normali e flussi intensi come quelli della notte il design con ali garantisce una maggiore protezione per tutto il giorno cosi potrai sentirti piu sicura e a tuo agio sempre '),
 ('17', 'field', '26', 'en', ' test '),
 ('17', 'field', '18', 'en', ' a unique line of pads with wings made in 100% cotton that guarantees comfort and protection dot s models with wings whether for the day or the night are adaptable to different flows needs taking care of your body naturally dot is an unique pad of its kind ergonomically designed with the odour block barrier and the exclusive patented antibacterial top sheet it prevents the occurrence of the most common bacterial infections thanks to the natural and patented composition an innovative line of products for the feminine hygiene available in the regular and ultra variants respectively for a normal and intense flows like those at night the revolutionary design with wings guarantees greater protection so you can stay confident at any time '),
 ('20', 'slug', '0', 'en', ''),
 ('22', 'slug', '0', 'en', ''),
 ('23', 'slug', '0', 'en', ''),
 ('50', 'field', '26', 'en', ' percent '),
 ('46', 'field', '21', 'it', ' dot e una linea di prodotti innovativi dedicati al mondo dell igiene femminile nel periodo del ciclo mestruale grazie alla loro formulazione in 100% cotone ed ad uno speciale brevetto combimedica non solo sono anallergici ma anche naturalmente antibatterici '),
 ('46', 'field', '22', 'it', ' dot e disponibile nei piu comuni formati assorbenti con ali giorno e notte salvaslip e tamponi interni diverse varianti pensate in base grado di assorbenza desiderato perche il nostro obiettivo e quello di farti sentire a tuo agio e protetta in modo sicuro e naturale '),
 ('46', 'slug', '0', 'it', ''),
 ('47', 'field', '21', 'it', ' vogliamo rendere un periodo complicato del mese un po meno pesante in media una donna passa 10 anni della sua vita in compagnia del ciclo mestruale '),
 ('47', 'field', '22', 'it', ' si calcola che in un intera vita una donna possa arrivare ad utilizzare all incirca 11 000 tamponi e che il numero di cicli che una donna sperimenta mediamente durante la vita ammonta a 450 '),
 ('47', 'slug', '0', 'it', ''),
 ('77', 'field', '22', 'it', ' il nostro obiettivo sebbene molto ambizioso e di divenire il punto di riferimento nel settore dell assorbenza e di dispositivi medici per incontinenza '),
 ('50', 'field', '60', 'en', ' shop now '),
 ('77', 'field', '21', 'it', ' la new medical horizons s r l e una compagnia nata ad ottobre 2016 e formata da un team che congiunge l intraprendenza di personale giovane e volenteroso con la saggezza di un imprenditore di successo '),
 ('50', 'field', '27', 'en', ' request '),
 ('50', 'field', '28', 'en', ' follow us '),
 ('50', 'field', '29', 'it', ' chiudi '),
 ('50', 'field', '29', 'en', ' close '),
 ('51', 'field', '19', 'en', ' a unique line of pads with wings made in 100% cotton that guarantees comfort and protection dot s models with wings whether for the day or the night are adaptable to different flows needs taking care of your body naturally '),
 ('51', 'slug', '0', 'en', ''),
 ('52', 'field', '19', 'en', ' dot is an unique pad of its kind ergonomically designed with the odour block barrier and the exclusive patented antibacterial top sheet it prevents the occurrence of the most common bacterial infections thanks to the natural and patented composition '),
 ('52', 'slug', '0', 'en', ''),
 ('53', 'field', '19', 'en', ' an innovative line of products for the feminine hygiene available in the regular and ultra variants respectively for a normal and intense flows like those at night the revolutionary design with wings guarantees greater protection so you can stay confident at any time '),
 ('53', 'slug', '0', 'en', ''),
 ('54', 'field', '30', 'it', ' home '),
 ('54', 'field', '31', 'it', ' chi siamo '),
 ('54', 'field', '32', 'it', ' esterni '),
 ('54', 'field', '33', 'it', ' interni '),
 ('54', 'field', '34', 'it', ' salvaslip '),
 ('54', 'field', '35', 'it', ' contatti '),
 ('54', 'slug', '0', 'it', ''),
 ('54', 'slug', '0', 'en', ''),
 ('54', 'field', '33', 'en', ' applicator tampons '),
 ('54', 'field', '30', 'en', ' home '),
 ('54', 'field', '31', 'en', ' about us '),
 ('54', 'field', '32', 'en', ' hygenic pads '),
 ('54', 'field', '34', 'en', ' panty liners '),
 ('54', 'field', '35', 'en', ' contacts '),
 ('55', 'field', '36', 'it', ' niente piu corse al negozio per emergenze con dot promettiamo di arrivare quando serviamo nella giusta quantita e di esserci finche avrai bisogno di noi '),
 ('55', 'field', '37', 'it', ' costruisci il tuo piano con i prodotti che preferisci ricevili comodamente a casa ogni tre mesi metti in pausa o cancella il tuo abbonamento quando desideri in totale trasparenza '),
 ('55', 'slug', '0', 'it', ''),
 ('55', 'slug', '0', 'en', ''),
 ('56', 'slug', '0', 'it', ''),
 ('56', 'slug', '0', 'en', ''),
 ('56', 'field', '38', 'it', ' nome cognome '),
 ('56', 'field', '39', 'it', ' la tua email '),
 ('56', 'field', '38', 'en', ' name surname '),
 ('56', 'field', '39', 'en', ' your email '),
 ('56', 'field', '40', 'it', ' numero di telefono '),
 ('56', 'field', '41', 'it', ' scrivici il tuo messaggio '),
 ('56', 'field', '43', 'it', ' grazie per averci contattato ti risponderemo a breve '),
 ('56', 'field', '42', 'it', ' accetta '),
 ('56', 'field', '44', 'it', ' invia '),
 ('56', 'field', '40', 'en', ' your mobile phone number '),
 ('56', 'field', '41', 'en', ' your message '),
 ('56', 'field', '43', 'en', ' thanks '),
 ('56', 'field', '42', 'en', ' accept '),
 ('56', 'field', '44', 'en', ' send '),
 ('57', 'field', '19', 'it', ' dot proteggi slip in 100% cotone ti offre tutta la protezione e il comfort che cerchi la sua formula traspirante si prende cura delicatamente della tua pelle facendoti sentire al meglio tutto il giorno ogni giorno '),
 ('57', 'slug', '0', 'it', ''),
 ('58', 'field', '19', 'it', ' il salvaslip dot sono traspiranti e donano una sensazione di freschezza e asciutto garantendo un elevato comfort anche dopo un lungo periodo '),
 ('58', 'slug', '0', 'it', ''),
 ('59', 'field', '19', 'it', ' un innovativa linea di prodotti per l igiene femminile disponibile nella variante soft un extra protezione per sentirti piu sicura con te stessa ed in mezzo agli altri '),
 ('59', 'slug', '0', 'it', ''),
 ('60', 'slug', '0', 'en', ''),
 ('61', 'field', '19', 'en', ' dot pantyliners are totally transpirant they re able to give you a pleasant sense of dry skin and freshness guaranteeing an high comfort even after a long period '),
 ('61', 'slug', '0', 'en', ''),
 ('62', 'field', '19', 'en', ' an innovative line of products for the feminine hygiene available in the soft variant an extra protection to feel more comfortable with yourself and with anyone else '),
 ('62', 'slug', '0', 'en', ''),
 ('37', 'field', '45', 'en', ' contact us to have more informations about our products and to receive a home visit from one of our special retailers dot by choice is not available retail in gdo or in pharmacies it is distributed only by us and with our subscription formula '),
 ('37', 'field', '45', 'it', ' siamo qui proprio per ogni cosa chiamaci oppure contattaci qui per qualsiasi tuo dubbio domanda e curiosita promettiamo di rispondere al piu presto '),
 ('65', 'slug', '0', 'it', ' night pads ');
INSERT INTO `craft_searchindex` (`elementId`, `attribute`, `fieldId`, `locale`, `keywords`) VALUES
 ('65', 'title', '0', 'it', ' night pads '),
 ('55', 'field', '36', 'en', ' no more runs to the store for emergencies with dot we promise you to arrive when you need us with the right quantity and to be with you until you ll need us '),
 ('55', 'field', '37', 'en', ' build your own plan with the products you prefer comfortably receive them at home every three months pause or delete your subscription when you want in total transparency '),
 ('50', 'field', '46', 'it', ' clicca qui per '),
 ('50', 'field', '46', 'en', ' click here for '),
 ('65', 'slug', '0', 'en', ' night pads '),
 ('65', 'title', '0', 'en', ' night pads '),
 ('38', 'field', '49', 'en', ' liner '),
 ('38', 'field', '48', 'it', ' esterni '),
 ('38', 'field', '47', 'it', ' interni '),
 ('38', 'field', '49', 'it', ' slip '),
 ('38', 'field', '48', 'en', ' pad '),
 ('38', 'field', '47', 'en', ' tampons '),
 ('64', 'filename', '0', 'it', ' socialcard png '),
 ('64', 'extension', '0', 'it', ' png '),
 ('64', 'kind', '0', 'it', ' image '),
 ('64', 'slug', '0', 'it', ' socialcard '),
 ('64', 'title', '0', 'it', ' socialcard '),
 ('64', 'filename', '0', 'en', ' socialcard png '),
 ('64', 'extension', '0', 'en', ' png '),
 ('64', 'kind', '0', 'en', ' image '),
 ('64', 'slug', '0', 'en', ' socialcard '),
 ('64', 'title', '0', 'en', ' socialcard '),
 ('54', 'field', '52', 'it', ' notte '),
 ('54', 'field', '52', 'en', ' night pads '),
 ('38', 'field', '50', 'it', ' assorbentinotte '),
 ('38', 'field', '51', 'it', ' notte '),
 ('38', 'field', '50', 'en', ' nightpads '),
 ('38', 'field', '51', 'en', ' night '),
 ('65', 'field', '18', 'it', ' la linea dot sanity garantisce la massima vestibilità comfort e sicurezza grazie alle dimensioni compatte e alla sagoma anatomica pensati per i flussi più abbondanti i modelli dot sanity 100% cotone offrono discrezione e protezione sia durante il giorno che durante la notte i prodotti dot sanity sono dotati di barriera odour block e di un esclusivo top sheet antibatterico brevettato prevengono l insorgenza delle più comuni infezioni batteriche grazie alla composizione naturale e brevettata un innovativa linea in 100% cotone disponibile nelle varianti normal super ed extra per ogni esigenza di flusso il design garantisce un extra assorbenza protezione attiva e comfort adattandosi alla propria anatomia del corpo '),
 ('66', 'field', '19', 'it', ' la linea dot sanity garantisce la massima vestibilità comfort e sicurezza grazie alle dimensioni compatte e alla sagoma anatomica pensati per i flussi più abbondanti i modelli dot sanity 100% cotone offrono discrezione e protezione sia durante il giorno che durante la notte '),
 ('66', 'slug', '0', 'it', ''),
 ('67', 'field', '19', 'it', ' i prodotti dot sanity sono dotati di barriera odour block e di un esclusivo top sheet antibatterico brevettato prevengono l insorgenza delle più comuni infezioni batteriche grazie alla composizione naturale e brevettata '),
 ('67', 'slug', '0', 'it', ''),
 ('68', 'field', '19', 'it', ' un innovativa linea in 100% cotone disponibile nelle varianti normal super ed extra per ogni esigenza di flusso il design garantisce un extra assorbenza protezione attiva e comfort adattandosi alla propria anatomia del corpo '),
 ('68', 'slug', '0', 'it', ''),
 ('65', 'field', '18', 'en', ' dot sanity ensures maximum wearability comfort and safety thanks to its compact size and to the anatomical shape designed for the most generous flows dot sanity 100% cotton offers discretion and protection whether for the day or the night dot sanity products are equipped with the odour block barrier and the exclusive patented antibacterial top sheet that prevents the occurrence of the most common bacterial infections thanks to the natural and patented composition an innovative new line 100% cotton available in the normal super and extra variants for every flow needs the design ensures comfort extra absorbency and an active protection adapting to the own body anatomy '),
 ('69', 'field', '19', 'en', ' dot sanity ensures maximum wearability comfort and safety thanks to its compact size and to the anatomical shape designed for the most generous flows dot sanity 100% cotton offers discretion and protection whether for the day or the night '),
 ('69', 'slug', '0', 'en', ''),
 ('70', 'field', '19', 'en', ' dot sanity products are equipped with the odour block barrier and the exclusive patented antibacterial top sheet that prevents the occurrence of the most common bacterial infections thanks to the natural and patented composition '),
 ('70', 'slug', '0', 'en', ''),
 ('71', 'field', '19', 'en', ' an innovative new line 100% cotton available in the normal super and extra variants for every flow needs the design ensures comfort extra absorbency and an active protection adapting to the own body anatomy '),
 ('71', 'slug', '0', 'en', ''),
 ('72', 'slug', '0', 'it', ' tss '),
 ('72', 'title', '0', 'it', ' tss '),
 ('72', 'slug', '0', 'en', ' tss '),
 ('72', 'title', '0', 'en', ' tss '),
 ('54', 'field', '54', 'it', ' tss '),
 ('54', 'field', '54', 'en', ' tss '),
 ('50', 'field', '53', 'it', ' l assorbente che ti protegge '),
 ('72', 'field', '18', 'it', ' lo sapevi che l utilizzo di assorbenti interni in 100% cotone organico riduce l insorgenza della tss sindrome da shock tossico allo 0% producendo i nostri prodotti con filiera controllata e in 100% cotone vogliamo differenziarci informandoti facendoti pero sentire protetta ed in totale comfort la sindrome da shock tossico anche conosciuta come tss e una malattia rara che si puo verificare utilizzando assorbenti interni di scarsa qualita o con additivi dannosi per le mucose interne ricordati di alternare durante il ciclo l utilizzo di assorbenti interni ed esterni e di cambiare spesso il tuo assorbente interno e utilizza tamponi in 100% cotone organico come i nostri '),
 ('73', 'field', '21', 'it', ' lo sapevi che l utilizzo di assorbenti interni in 100% cotone organico riduce l insorgenza della tss sindrome da shock tossico allo 0% '),
 ('73', 'field', '22', 'it', ' producendo i nostri prodotti con filiera controllata e in 100% cotone vogliamo differenziarci informandoti facendoti pero sentire protetta ed in totale comfort '),
 ('73', 'slug', '0', 'it', ''),
 ('74', 'field', '21', 'it', ' la sindrome da shock tossico anche conosciuta come tss e una malattia rara che si puo verificare utilizzando assorbenti interni di scarsa qualita o con additivi dannosi per le mucose interne '),
 ('74', 'field', '22', 'it', ' ricordati di alternare durante il ciclo l utilizzo di assorbenti interni ed esterni e di cambiare spesso il tuo assorbente interno e utilizza tamponi in 100% cotone organico come i nostri '),
 ('74', 'slug', '0', 'it', ''),
 ('38', 'field', '56', 'it', ' chisiamo '),
 ('38', 'field', '55', 'it', ' proteggiticon dot '),
 ('38', 'field', '56', 'en', ' aboutus '),
 ('38', 'field', '55', 'en', ' take carewith dot '),
 ('50', 'field', '58', 'it', ' grado assorbenza '),
 ('50', 'field', '57', 'it', ' numero di pezzi '),
 ('50', 'field', '53', 'en', ' hygienic pads and tampons that protect you '),
 ('50', 'field', '58', 'en', ' absorbence '),
 ('50', 'field', '57', 'en', ' pieces number '),
 ('65', 'field', '59', 'it', ' http shop stopthedot com assorbenti esterni 34 html '),
 ('17', 'field', '59', 'it', ' http shop stopthedot com assorbenti esterni 34 html '),
 ('24', 'field', '59', 'it', ' http shop stopthedot com salvaslip html '),
 ('28', 'field', '59', 'it', ' http shop stopthedot com assorbenti interni html '),
 ('72', 'field', '18', 'en', ' did you know that the use of 100% organic cotton tampons reduces the occurrence of tss toxic shock syndrome to 0% producing our products with channelled system and in 100% cotton we want to differentiate ourselves informing you and making you feel protected in complete comfort the occurrence of the menstrual tss syndrome may occurr while using poor quality tampons or tampons with harmful additives for the internal mucous remember preferably to alternate during the menstrual cycle the use of internal and external pads and to frequently change your tampons using 100% organic cotton tampons like our dot '),
 ('75', 'field', '21', 'en', ' did you know that the use of 100% organic cotton tampons reduces the occurrence of tss toxic shock syndrome to 0% '),
 ('75', 'field', '22', 'en', ' producing our products with channelled system and in 100% cotton we want to differentiate ourselves informing you and making you feel protected in complete comfort '),
 ('75', 'slug', '0', 'en', ''),
 ('76', 'field', '21', 'en', ' the occurrence of the menstrual tss syndrome may occurr while using poor quality tampons or tampons with harmful additives for the internal mucous '),
 ('76', 'field', '22', 'en', ' remember preferably to alternate during the menstrual cycle the use of internal and external pads and to frequently change your tampons using 100% organic cotton tampons like our dot '),
 ('76', 'slug', '0', 'en', ''),
 ('81', 'slug', '0', 'it', ' absorbent '),
 ('81', 'title', '0', 'it', ' absorbent '),
 ('81', 'filename', '0', 'en', ' absorbent svg '),
 ('81', 'extension', '0', 'en', ' svg '),
 ('81', 'kind', '0', 'en', ' image '),
 ('81', 'slug', '0', 'en', ' absorbent '),
 ('81', 'title', '0', 'en', ' absorbent '),
 ('82', 'filename', '0', 'it', ' about mobile png '),
 ('82', 'extension', '0', 'it', ' png '),
 ('82', 'kind', '0', 'it', ' image '),
 ('82', 'slug', '0', 'it', ' about mobile '),
 ('82', 'title', '0', 'it', ' about mobile '),
 ('82', 'filename', '0', 'en', ' about mobile png '),
 ('82', 'extension', '0', 'en', ' png '),
 ('82', 'kind', '0', 'en', ' image '),
 ('82', 'slug', '0', 'en', ' about mobile '),
 ('82', 'title', '0', 'en', ' about mobile '),
 ('83', 'filename', '0', 'it', ' about second sprite png '),
 ('83', 'extension', '0', 'it', ' png '),
 ('83', 'kind', '0', 'it', ' image '),
 ('83', 'slug', '0', 'it', ' about second sprite '),
 ('83', 'title', '0', 'it', ' about second sprite '),
 ('83', 'filename', '0', 'en', ' about second sprite png ');
INSERT INTO `craft_searchindex` (`elementId`, `attribute`, `fieldId`, `locale`, `keywords`) VALUES
 ('83', 'extension', '0', 'en', ' png '),
 ('83', 'kind', '0', 'en', ' image '),
 ('83', 'slug', '0', 'en', ' about second sprite '),
 ('83', 'title', '0', 'en', ' about second sprite '),
 ('84', 'filename', '0', 'it', ' android icon png '),
 ('84', 'extension', '0', 'it', ' png '),
 ('84', 'kind', '0', 'it', ' image '),
 ('84', 'slug', '0', 'it', ' android icon '),
 ('84', 'title', '0', 'it', ' android icon '),
 ('84', 'filename', '0', 'en', ' android icon png '),
 ('84', 'extension', '0', 'en', ' png '),
 ('84', 'kind', '0', 'en', ' image '),
 ('84', 'slug', '0', 'en', ' android icon '),
 ('84', 'title', '0', 'en', ' android icon '),
 ('85', 'filename', '0', 'it', ' apple icon png '),
 ('85', 'extension', '0', 'it', ' png '),
 ('85', 'kind', '0', 'it', ' image '),
 ('85', 'slug', '0', 'it', ' apple icon '),
 ('85', 'title', '0', 'it', ' apple icon '),
 ('85', 'filename', '0', 'en', ' apple icon png '),
 ('85', 'extension', '0', 'en', ' png '),
 ('85', 'kind', '0', 'en', ' image '),
 ('85', 'slug', '0', 'en', ' apple icon '),
 ('85', 'title', '0', 'en', ' apple icon '),
 ('86', 'filename', '0', 'it', ' favicon png '),
 ('86', 'extension', '0', 'it', ' png '),
 ('86', 'kind', '0', 'it', ' image '),
 ('86', 'slug', '0', 'it', ' favicon '),
 ('86', 'title', '0', 'it', ' favicon '),
 ('86', 'filename', '0', 'en', ' favicon png '),
 ('86', 'extension', '0', 'en', ' png '),
 ('86', 'kind', '0', 'en', ' image '),
 ('86', 'slug', '0', 'en', ' favicon '),
 ('86', 'title', '0', 'en', ' favicon '),
 ('87', 'filename', '0', 'it', ' bump jpg '),
 ('87', 'extension', '0', 'it', ' jpg '),
 ('87', 'kind', '0', 'it', ' image '),
 ('87', 'slug', '0', 'it', ' bump '),
 ('87', 'title', '0', 'it', ' bump '),
 ('87', 'filename', '0', 'en', ' bump jpg '),
 ('87', 'extension', '0', 'en', ' jpg '),
 ('87', 'kind', '0', 'en', ' image '),
 ('87', 'slug', '0', 'en', ' bump '),
 ('87', 'title', '0', 'en', ' bump '),
 ('88', 'filename', '0', 'it', ' diffuse jpg '),
 ('88', 'extension', '0', 'it', ' jpg '),
 ('88', 'kind', '0', 'it', ' image '),
 ('88', 'slug', '0', 'it', ' diffuse '),
 ('88', 'title', '0', 'it', ' diffuse '),
 ('88', 'filename', '0', 'en', ' diffuse jpg '),
 ('88', 'extension', '0', 'en', ' jpg '),
 ('88', 'kind', '0', 'en', ' image '),
 ('88', 'slug', '0', 'en', ' diffuse '),
 ('88', 'title', '0', 'en', ' diffuse '),
 ('89', 'filename', '0', 'it', ' liner sprite png '),
 ('89', 'extension', '0', 'it', ' png '),
 ('89', 'kind', '0', 'it', ' image '),
 ('89', 'slug', '0', 'it', ' liner sprite '),
 ('89', 'title', '0', 'it', ' liner sprite '),
 ('89', 'filename', '0', 'en', ' liner sprite png '),
 ('89', 'extension', '0', 'en', ' png '),
 ('89', 'kind', '0', 'en', ' image '),
 ('89', 'slug', '0', 'en', ' liner sprite '),
 ('89', 'title', '0', 'en', ' liner sprite '),
 ('90', 'filename', '0', 'it', ' logo svg '),
 ('90', 'extension', '0', 'it', ' svg '),
 ('90', 'kind', '0', 'it', ' image '),
 ('90', 'slug', '0', 'it', ' logo '),
 ('90', 'title', '0', 'it', ' logo '),
 ('90', 'filename', '0', 'en', ' logo svg '),
 ('90', 'extension', '0', 'en', ' svg '),
 ('90', 'kind', '0', 'en', ' image '),
 ('90', 'slug', '0', 'en', ' logo '),
 ('90', 'title', '0', 'en', ' logo '),
 ('91', 'filename', '0', 'it', ' ms icon png '),
 ('91', 'extension', '0', 'it', ' png '),
 ('91', 'kind', '0', 'it', ' image '),
 ('91', 'slug', '0', 'it', ' ms icon '),
 ('91', 'title', '0', 'it', ' ms icon '),
 ('91', 'filename', '0', 'en', ' ms icon png '),
 ('91', 'extension', '0', 'en', ' png '),
 ('91', 'kind', '0', 'en', ' image '),
 ('91', 'slug', '0', 'en', ' ms icon '),
 ('91', 'title', '0', 'en', ' ms icon '),
 ('92', 'filename', '0', 'it', ' bump jpg '),
 ('92', 'extension', '0', 'it', ' jpg '),
 ('92', 'kind', '0', 'it', ' image '),
 ('92', 'slug', '0', 'it', ' bump '),
 ('92', 'title', '0', 'it', ' bump '),
 ('92', 'filename', '0', 'en', ' bump jpg '),
 ('92', 'extension', '0', 'en', ' jpg '),
 ('92', 'kind', '0', 'en', ' image '),
 ('92', 'slug', '0', 'en', ' bump '),
 ('92', 'title', '0', 'en', ' bump '),
 ('93', 'filename', '0', 'it', ' diffuse jpg '),
 ('93', 'extension', '0', 'it', ' jpg '),
 ('93', 'kind', '0', 'it', ' image '),
 ('93', 'slug', '0', 'it', ' diffuse '),
 ('93', 'title', '0', 'it', ' diffuse '),
 ('93', 'filename', '0', 'en', ' diffuse jpg ');
INSERT INTO `craft_searchindex` (`elementId`, `attribute`, `fieldId`, `locale`, `keywords`) VALUES
 ('93', 'extension', '0', 'en', ' jpg '),
 ('93', 'kind', '0', 'en', ' image '),
 ('93', 'slug', '0', 'en', ' diffuse '),
 ('93', 'title', '0', 'en', ' diffuse '),
 ('94', 'filename', '0', 'it', ' sprite png '),
 ('94', 'extension', '0', 'it', ' png '),
 ('94', 'kind', '0', 'it', ' image '),
 ('94', 'slug', '0', 'it', ' sprite '),
 ('94', 'title', '0', 'it', ' sprite '),
 ('94', 'filename', '0', 'en', ' sprite png '),
 ('94', 'extension', '0', 'en', ' png '),
 ('94', 'kind', '0', 'en', ' image '),
 ('94', 'slug', '0', 'en', ' sprite '),
 ('94', 'title', '0', 'en', ' sprite '),
 ('95', 'filename', '0', 'it', ' pad sprite png '),
 ('95', 'extension', '0', 'it', ' png '),
 ('95', 'kind', '0', 'it', ' image '),
 ('95', 'slug', '0', 'it', ' pad sprite '),
 ('95', 'title', '0', 'it', ' pad sprite '),
 ('95', 'filename', '0', 'en', ' pad sprite png '),
 ('95', 'extension', '0', 'en', ' png '),
 ('95', 'kind', '0', 'en', ' image '),
 ('95', 'slug', '0', 'en', ' pad sprite '),
 ('95', 'title', '0', 'en', ' pad sprite '),
 ('96', 'filename', '0', 'it', ' sanity sprite png '),
 ('96', 'extension', '0', 'it', ' png '),
 ('96', 'kind', '0', 'it', ' image '),
 ('96', 'slug', '0', 'it', ' sanity sprite '),
 ('96', 'title', '0', 'it', ' sanity sprite '),
 ('96', 'filename', '0', 'en', ' sanity sprite png '),
 ('96', 'extension', '0', 'en', ' png '),
 ('96', 'kind', '0', 'en', ' image '),
 ('96', 'slug', '0', 'en', ' sanity sprite '),
 ('96', 'title', '0', 'en', ' sanity sprite '),
 ('97', 'filename', '0', 'it', ' tampon sprite png '),
 ('97', 'extension', '0', 'it', ' png '),
 ('97', 'kind', '0', 'it', ' image '),
 ('97', 'slug', '0', 'it', ' tampon sprite '),
 ('97', 'title', '0', 'it', ' tampon sprite '),
 ('97', 'filename', '0', 'en', ' tampon sprite png '),
 ('97', 'extension', '0', 'en', ' png '),
 ('97', 'kind', '0', 'en', ' image '),
 ('97', 'slug', '0', 'en', ' tampon sprite '),
 ('97', 'title', '0', 'en', ' tampon sprite '),
 ('98', 'filename', '0', 'it', ' tss first sprite png '),
 ('98', 'extension', '0', 'it', ' png '),
 ('98', 'kind', '0', 'it', ' image '),
 ('98', 'slug', '0', 'it', ' tss first sprite '),
 ('98', 'title', '0', 'it', ' tss first sprite '),
 ('98', 'filename', '0', 'en', ' tss first sprite png '),
 ('98', 'extension', '0', 'en', ' png '),
 ('98', 'kind', '0', 'en', ' image '),
 ('98', 'slug', '0', 'en', ' tss first sprite '),
 ('98', 'title', '0', 'en', ' tss first sprite '),
 ('99', 'filename', '0', 'it', ' tss mobile png '),
 ('99', 'extension', '0', 'it', ' png '),
 ('99', 'kind', '0', 'it', ' image '),
 ('99', 'slug', '0', 'it', ' tss mobile '),
 ('99', 'title', '0', 'it', ' tss mobile '),
 ('99', 'filename', '0', 'en', ' tss mobile png '),
 ('99', 'extension', '0', 'en', ' png '),
 ('99', 'kind', '0', 'en', ' image '),
 ('99', 'slug', '0', 'en', ' tss mobile '),
 ('99', 'title', '0', 'en', ' tss mobile '),
 ('100', 'filename', '0', 'it', ' tss second sprite png '),
 ('100', 'extension', '0', 'it', ' png '),
 ('100', 'kind', '0', 'it', ' image '),
 ('100', 'slug', '0', 'it', ' tss second sprite '),
 ('100', 'title', '0', 'it', ' tss second sprite '),
 ('100', 'filename', '0', 'en', ' tss second sprite png '),
 ('100', 'extension', '0', 'en', ' png '),
 ('100', 'kind', '0', 'en', ' image '),
 ('100', 'slug', '0', 'en', ' tss second sprite '),
 ('100', 'title', '0', 'en', ' tss second sprite '),
 ('101', 'field', '21', 'en', ' new medical horizons s r l is a company born on october 2016 it s team is the result of the combination between young and willing personnel with the wiseness of a succesfull entrepreneur '),
 ('101', 'field', '22', 'en', ' our objective even if it may sound too ambitious is to become the reference point for the absorbance and incontinence medical devices market '),
 ('101', 'slug', '0', 'en', ''),
 ('102', 'field', '21', 'en', ' our range of products is strong of the combimedica patent owned by franzoni re s r l which underlnes the process for which cotton molecules are bound to chlorexidine molecules through polar covalent bond '),
 ('102', 'field', '22', 'en', ' the layer in contact with the skin is made of delicate antibacterial cotton which makes the device delicate on skin dermatological test link and grants the destruction of bacteria that usually generates from humid and warm areas the bacteria destruction reduces the chance of common infections while contributing to smell removal '),
 ('102', 'slug', '0', 'en', '');



DROP TABLE IF EXISTS `craft_sections`;


--
-- Schema for table `craft_sections`
--
CREATE TABLE `craft_sections` (
  `id` int(11) NOT NULL AUTO_INCREMENT,
  `structureId` int(11) DEFAULT NULL,
  `name` varchar(255) COLLATE utf8_unicode_ci NOT NULL,
  `handle` varchar(255) COLLATE utf8_unicode_ci NOT NULL,
  `type` enum('single','channel','structure') COLLATE utf8_unicode_ci NOT NULL DEFAULT 'channel',
  `hasUrls` tinyint(1) unsigned NOT NULL DEFAULT '1',
  `template` varchar(500) COLLATE utf8_unicode_ci DEFAULT NULL,
  `enableVersioning` tinyint(1) unsigned NOT NULL DEFAULT '0',
  `dateCreated` datetime NOT NULL,
  `dateUpdated` datetime NOT NULL,
  `uid` char(36) COLLATE utf8_unicode_ci NOT NULL DEFAULT '0',
  PRIMARY KEY (`id`),
  UNIQUE KEY `craft_sections_name_unq_idx` (`name`),
  UNIQUE KEY `craft_sections_handle_unq_idx` (`handle`),
  KEY `craft_sections_structureId_fk` (`structureId`)
) ENGINE=InnoDB AUTO_INCREMENT=14 DEFAULT CHARSET=utf8 COLLATE=utf8_unicode_ci;

--
-- Data for table `craft_sections`
--

INSERT INTO `craft_sections` (`id`, `structureId`, `name`, `handle`, `type`, `hasUrls`, `template`, `enableVersioning`, `dateCreated`, `dateUpdated`, `uid`) VALUES
 ('1', NULL, 'Homepage', 'homepage', 'single', '1', 'index', '1', '2017-01-13 15:45:33', '2017-01-20 18:34:29', '6b9aa723-5479-4c5a-9fcd-896e97756d04'),
 ('5', NULL, 'About', 'about', 'single', '1', 'about', '1', '2017-01-19 16:32:52', '2017-01-20 18:09:06', '9897dacf-0b08-4656-8a89-80ef0ec9cbb2'),
 ('7', NULL, 'Hygenic Pad', 'hygenicPad', 'single', '1', 'hygenic-pad', '1', '2017-01-20 09:52:56', '2017-01-20 18:34:34', '827fb75f-f125-4cb6-9cd6-6b92911ce41b'),
 ('8', NULL, 'Panty Liner', 'pantyLiner', 'single', '1', 'panty-liner', '1', '2017-01-20 10:12:54', '2017-01-20 18:34:39', '9a0593e2-0831-4a24-b42d-0d3f792cbb0e'),
 ('9', NULL, 'Applicator Tampons', 'applicatorTampons', 'single', '1', 'applicator-tampons', '1', '2017-01-20 10:21:43', '2017-01-20 18:34:17', '50761b39-986b-48df-901c-a75ef80d772f'),
 ('11', NULL, 'Contact', 'contact', 'single', '1', 'contact', '1', '2017-01-20 11:57:51', '2017-01-23 14:06:44', '8a8dab06-6250-4fd4-ad5b-3074355c0567'),
 ('12', NULL, 'Night Pads', 'nightPads', 'single', '1', 'night-pads', '1', '2017-09-14 10:04:31', '2017-09-14 10:05:03', 'cd6a9ce9-a4c3-4c4f-82bf-31c009aa23a3'),
 ('13', NULL, 'Tss', 'tss', 'single', '1', 'tss', '1', '2018-01-10 13:55:16', '2018-01-10 14:08:46', '8393856e-bb6e-4acd-b158-815cdcf55694');



DROP TABLE IF EXISTS `craft_sections_i18n`;


--
-- Schema for table `craft_sections_i18n`
--
CREATE TABLE `craft_sections_i18n` (
  `id` int(11) NOT NULL AUTO_INCREMENT,
  `sectionId` int(11) NOT NULL,
  `locale` char(12) COLLATE utf8_unicode_ci NOT NULL,
  `enabledByDefault` tinyint(1) unsigned NOT NULL DEFAULT '1',
  `urlFormat` text COLLATE utf8_unicode_ci,
  `nestedUrlFormat` text COLLATE utf8_unicode_ci,
  `dateCreated` datetime NOT NULL,
  `dateUpdated` datetime NOT NULL,
  `uid` char(36) COLLATE utf8_unicode_ci NOT NULL DEFAULT '0',
  PRIMARY KEY (`id`),
  UNIQUE KEY `craft_sections_i18n_sectionId_locale_unq_idx` (`sectionId`,`locale`),
  KEY `craft_sections_i18n_locale_fk` (`locale`)
) ENGINE=InnoDB AUTO_INCREMENT=26 DEFAULT CHARSET=utf8 COLLATE=utf8_unicode_ci;

--
-- Data for table `craft_sections_i18n`
--

INSERT INTO `craft_sections_i18n` (`id`, `sectionId`, `locale`, `enabledByDefault`, `urlFormat`, `nestedUrlFormat`, `dateCreated`, `dateUpdated`, `uid`) VALUES
 ('1', '1', 'it', '1', '__home__', NULL, '2017-01-13 15:45:33', '2017-01-20 16:50:47', '625534bb-a09b-41b9-9f44-aabe4c6b0fe0'),
 ('3', '1', 'en', '1', '__home__', NULL, '2017-01-19 10:43:31', '2017-01-20 16:50:47', '19afac2a-ba3b-4318-9d45-a7c13cdbb65a'),
 ('8', '5', 'it', '1', 'about', NULL, '2017-01-19 16:32:52', '2017-01-20 10:20:38', 'bf46e418-273b-4f8e-b102-ebec03db495e'),
 ('9', '5', 'en', '1', 'about', NULL, '2017-01-19 16:32:52', '2017-01-20 18:09:06', 'f0cfbee0-c314-411c-a571-74eb800dc1a5'),
 ('12', '7', 'it', '1', 'hygenic-pad', NULL, '2017-01-20 09:52:56', '2017-01-20 10:05:09', 'dde0a290-46e6-483e-a4b1-affa01e753a1'),
 ('13', '7', 'en', '1', 'hygenic-pad', NULL, '2017-01-20 09:52:56', '2017-01-20 18:34:34', 'e453ed45-9470-4755-944a-28cd7e8b5867'),
 ('14', '8', 'it', '1', 'panty-liner', NULL, '2017-01-20 10:12:54', '2017-01-20 10:12:54', '0f8eb9a3-14d6-457d-94e2-3ddb05871e29'),
 ('15', '8', 'en', '1', 'panty-liner', NULL, '2017-01-20 10:12:54', '2017-01-20 18:34:39', 'a8d21622-565d-4882-9092-ff165b26a5cb'),
 ('16', '9', 'it', '1', 'applicator-tampons', NULL, '2017-01-20 10:21:43', '2017-01-20 10:28:10', 'ca99bec6-32e2-447a-8152-7e5eba54e98c'),
 ('17', '9', 'en', '1', 'applicator-tampons', NULL, '2017-01-20 10:21:43', '2017-01-20 18:34:17', '19e29d76-3819-44b7-a2e9-0bbdb8387fcd'),
 ('20', '11', 'it', '1', 'contact', NULL, '2017-01-20 11:57:51', '2017-01-20 11:57:51', '05a8a308-a79b-492e-a5a8-96b5615d4129'),
 ('21', '11', 'en', '1', 'contact', NULL, '2017-01-20 11:57:51', '2017-01-20 18:34:24', '3187c90e-a93b-4f5e-b482-e326fbd95b3d'),
 ('22', '12', 'it', '1', 'night-pads', NULL, '2017-09-14 10:04:31', '2017-09-14 10:04:49', '296963fc-2d8f-404b-bb9b-b9b9d3ecaaea'),
 ('23', '12', 'en', '1', 'night-pads', NULL, '2017-09-14 10:04:31', '2017-09-14 10:04:49', 'f447db0c-0b40-4c9e-9c27-9139bb2c7fd6'),
 ('24', '13', 'it', '1', 'tss', NULL, '2018-01-10 13:55:16', '2018-01-10 13:55:16', '893f64cc-3a55-4a73-8ba1-4c4e3bc6b4d9'),
 ('25', '13', 'en', '1', 'tss', NULL, '2018-01-10 13:55:16', '2018-01-10 13:55:16', 'f56f9ddc-f94b-4d25-9c80-505b776b1480');



DROP TABLE IF EXISTS `craft_seomatic_meta`;


--
-- Schema for table `craft_seomatic_meta`
--
CREATE TABLE `craft_seomatic_meta` (
  `id` int(11) NOT NULL,
  `seoImageId` int(11) DEFAULT NULL,
  `seoTwitterImageId` int(11) DEFAULT NULL,
  `seoFacebookImageId` int(11) DEFAULT NULL,
  `locale` varchar(255) COLLATE utf8_unicode_ci DEFAULT 'it',
  `elementId` int(10) DEFAULT '0',
  `metaType` enum('default','template') COLLATE utf8_unicode_ci DEFAULT 'template',
  `metaPath` varchar(255) COLLATE utf8_unicode_ci DEFAULT '',
  `seoMainEntityCategory` varchar(255) COLLATE utf8_unicode_ci DEFAULT '',
  `seoMainEntityOfPage` varchar(255) COLLATE utf8_unicode_ci DEFAULT '',
  `seoTitle` varchar(255) COLLATE utf8_unicode_ci DEFAULT '',
  `seoDescription` varchar(255) COLLATE utf8_unicode_ci DEFAULT '',
  `seoKeywords` varchar(255) COLLATE utf8_unicode_ci DEFAULT '',
  `seoImageTransform` varchar(255) COLLATE utf8_unicode_ci DEFAULT '',
  `seoFacebookImageTransform` varchar(255) COLLATE utf8_unicode_ci DEFAULT '',
  `seoTwitterImageTransform` varchar(255) COLLATE utf8_unicode_ci DEFAULT '',
  `twitterCardType` varchar(255) COLLATE utf8_unicode_ci DEFAULT 'summary',
  `openGraphType` varchar(255) COLLATE utf8_unicode_ci DEFAULT 'website',
  `robots` varchar(255) COLLATE utf8_unicode_ci DEFAULT '',
  `dateCreated` datetime NOT NULL,
  `dateUpdated` datetime NOT NULL,
  `uid` char(36) COLLATE utf8_unicode_ci NOT NULL DEFAULT '0',
  PRIMARY KEY (`id`),
  KEY `craft_seomatic_meta_seoImageId_fk` (`seoImageId`),
  KEY `craft_seomatic_meta_seoTwitterImageId_fk` (`seoTwitterImageId`),
  KEY `craft_seomatic_meta_seoFacebookImageId_fk` (`seoFacebookImageId`)
) ENGINE=InnoDB DEFAULT CHARSET=utf8 COLLATE=utf8_unicode_ci;

DROP TABLE IF EXISTS `craft_seomatic_settings`;


--
-- Schema for table `craft_seomatic_settings`
--
CREATE TABLE `craft_seomatic_settings` (
  `id` int(11) NOT NULL AUTO_INCREMENT,
  `siteSeoImageId` int(11) DEFAULT NULL,
  `siteSeoTwitterImageId` int(11) DEFAULT NULL,
  `siteSeoFacebookImageId` int(11) DEFAULT NULL,
  `genericOwnerImageId` int(11) DEFAULT NULL,
  `genericCreatorImageId` int(11) DEFAULT NULL,
  `locale` varchar(255) COLLATE utf8_unicode_ci DEFAULT '',
  `siteSeoName` varchar(255) COLLATE utf8_unicode_ci DEFAULT '',
  `siteSeoTitle` varchar(255) COLLATE utf8_unicode_ci DEFAULT '',
  `siteSeoTitleSeparator` varchar(10) COLLATE utf8_unicode_ci DEFAULT '|',
  `siteSeoTitlePlacement` enum('before','after','none') COLLATE utf8_unicode_ci DEFAULT 'after',
  `siteSeoDescription` varchar(255) COLLATE utf8_unicode_ci DEFAULT '',
  `siteSeoKeywords` varchar(255) COLLATE utf8_unicode_ci DEFAULT '',
  `siteSeoImageTransform` varchar(100) COLLATE utf8_unicode_ci DEFAULT '',
  `siteSeoFacebookImageTransform` varchar(100) COLLATE utf8_unicode_ci DEFAULT '',
  `siteSeoTwitterImageTransform` varchar(100) COLLATE utf8_unicode_ci DEFAULT '',
  `siteTwitterCardType` varchar(50) COLLATE utf8_unicode_ci DEFAULT '',
  `siteOpenGraphType` varchar(50) COLLATE utf8_unicode_ci DEFAULT '',
  `siteRobots` varchar(50) COLLATE utf8_unicode_ci DEFAULT '',
  `siteRobotsTxt` text COLLATE utf8_unicode_ci,
  `siteLinksSearchTargets` text COLLATE utf8_unicode_ci,
  `siteLinksQueryInput` varchar(50) COLLATE utf8_unicode_ci DEFAULT '',
  `googleSiteVerification` varchar(100) COLLATE utf8_unicode_ci DEFAULT '',
  `bingSiteVerification` varchar(100) COLLATE utf8_unicode_ci DEFAULT '',
  `googleAnalyticsUID` varchar(50) COLLATE utf8_unicode_ci DEFAULT '',
  `googleTagManagerID` varchar(50) COLLATE utf8_unicode_ci DEFAULT '',
  `googleAnalyticsSendPageview` tinyint(1) unsigned NOT NULL DEFAULT '1',
  `googleAnalyticsAdvertising` tinyint(1) unsigned NOT NULL DEFAULT '0',
  `googleAnalyticsEcommerce` tinyint(1) unsigned NOT NULL DEFAULT '0',
  `googleAnalyticsEEcommerce` tinyint(1) unsigned NOT NULL DEFAULT '0',
  `googleAnalyticsLinkAttribution` tinyint(1) unsigned NOT NULL DEFAULT '0',
  `googleAnalyticsLinker` tinyint(1) unsigned NOT NULL DEFAULT '0',
  `googleAnalyticsAnonymizeIp` tinyint(1) NOT NULL,
  `siteOwnerType` varchar(50) COLLATE utf8_unicode_ci DEFAULT '',
  `siteOwnerSubType` varchar(50) COLLATE utf8_unicode_ci DEFAULT '',
  `siteOwnerSpecificType` varchar(50) COLLATE utf8_unicode_ci DEFAULT '',
  `genericOwnerName` varchar(255) COLLATE utf8_unicode_ci DEFAULT '',
  `genericOwnerAlternateName` varchar(255) COLLATE utf8_unicode_ci DEFAULT '',
  `genericOwnerDescription` varchar(1024) COLLATE utf8_unicode_ci DEFAULT '',
  `genericOwnerUrl` varchar(255) COLLATE utf8_unicode_ci DEFAULT '',
  `genericOwnerTelephone` varchar(255) COLLATE utf8_unicode_ci DEFAULT '',
  `genericOwnerEmail` varchar(255) COLLATE utf8_unicode_ci DEFAULT '',
  `genericOwnerStreetAddress` varchar(255) COLLATE utf8_unicode_ci DEFAULT '',
  `genericOwnerAddressLocality` varchar(255) COLLATE utf8_unicode_ci DEFAULT '',
  `genericOwnerAddressRegion` varchar(255) COLLATE utf8_unicode_ci DEFAULT '',
  `genericOwnerPostalCode` varchar(255) COLLATE utf8_unicode_ci DEFAULT '',
  `genericOwnerAddressCountry` varchar(255) COLLATE utf8_unicode_ci DEFAULT '',
  `genericOwnerGeoLatitude` varchar(255) COLLATE utf8_unicode_ci DEFAULT '',
  `genericOwnerGeoLongitude` varchar(255) COLLATE utf8_unicode_ci DEFAULT '',
  `organizationOwnerDuns` varchar(255) COLLATE utf8_unicode_ci DEFAULT '',
  `organizationOwnerFounder` varchar(255) COLLATE utf8_unicode_ci DEFAULT '',
  `organizationOwnerFoundingDate` varchar(255) COLLATE utf8_unicode_ci DEFAULT '',
  `organizationOwnerFoundingLocation` varchar(255) COLLATE utf8_unicode_ci DEFAULT '',
  `organizationOwnerContactPoints` text COLLATE utf8_unicode_ci,
  `localBusinessPriceRange` varchar(10) COLLATE utf8_unicode_ci DEFAULT '$$$',
  `localBusinessOwnerOpeningHours` text COLLATE utf8_unicode_ci,
  `corporationOwnerTickerSymbol` varchar(255) COLLATE utf8_unicode_ci DEFAULT '',
  `restaurantOwnerServesCuisine` varchar(255) COLLATE utf8_unicode_ci DEFAULT '',
  `restaurantOwnerMenuUrl` varchar(255) COLLATE utf8_unicode_ci DEFAULT '',
  `restaurantOwnerReservationsUrl` varchar(255) COLLATE utf8_unicode_ci DEFAULT '',
  `personOwnerGender` varchar(255) COLLATE utf8_unicode_ci DEFAULT '',
  `personOwnerBirthPlace` varchar(255) COLLATE utf8_unicode_ci DEFAULT '',
  `twitterHandle` varchar(50) COLLATE utf8_unicode_ci DEFAULT '',
  `facebookHandle` varchar(50) COLLATE utf8_unicode_ci DEFAULT '',
  `facebookProfileId` varchar(50) COLLATE utf8_unicode_ci DEFAULT '',
  `facebookAppId` varchar(50) COLLATE utf8_unicode_ci DEFAULT '',
  `linkedInHandle` varchar(50) COLLATE utf8_unicode_ci DEFAULT '',
  `googlePlusHandle` varchar(50) COLLATE utf8_unicode_ci DEFAULT '',
  `youtubeHandle` varchar(50) COLLATE utf8_unicode_ci DEFAULT '',
  `youtubeChannelHandle` varchar(50) COLLATE utf8_unicode_ci DEFAULT '',
  `instagramHandle` varchar(50) COLLATE utf8_unicode_ci DEFAULT '',
  `pinterestHandle` varchar(50) COLLATE utf8_unicode_ci DEFAULT '',
  `githubHandle` varchar(50) COLLATE utf8_unicode_ci DEFAULT '',
  `vimeoHandle` varchar(50) COLLATE utf8_unicode_ci DEFAULT '',
  `wikipediaUrl` varchar(100) COLLATE utf8_unicode_ci DEFAULT NULL,
  `siteCreatorType` varchar(255) COLLATE utf8_unicode_ci DEFAULT '',
  `siteCreatorSubType` varchar(255) COLLATE utf8_unicode_ci DEFAULT '',
  `siteCreatorSpecificType` varchar(255) COLLATE utf8_unicode_ci DEFAULT '',
  `genericCreatorName` varchar(255) COLLATE utf8_unicode_ci DEFAULT '',
  `genericCreatorAlternateName` varchar(255) COLLATE utf8_unicode_ci DEFAULT '',
  `genericCreatorDescription` varchar(1024) COLLATE utf8_unicode_ci DEFAULT '',
  `genericCreatorUrl` varchar(255) COLLATE utf8_unicode_ci DEFAULT '',
  `genericCreatorTelephone` varchar(255) COLLATE utf8_unicode_ci DEFAULT '',
  `genericCreatorEmail` varchar(255) COLLATE utf8_unicode_ci DEFAULT '',
  `genericCreatorStreetAddress` varchar(255) COLLATE utf8_unicode_ci DEFAULT '',
  `genericCreatorAddressLocality` varchar(255) COLLATE utf8_unicode_ci DEFAULT '',
  `genericCreatorAddressRegion` varchar(255) COLLATE utf8_unicode_ci DEFAULT '',
  `genericCreatorPostalCode` varchar(255) COLLATE utf8_unicode_ci DEFAULT '',
  `genericCreatorAddressCountry` varchar(255) COLLATE utf8_unicode_ci DEFAULT '',
  `genericCreatorGeoLatitude` varchar(255) COLLATE utf8_unicode_ci DEFAULT '',
  `genericCreatorGeoLongitude` varchar(255) COLLATE utf8_unicode_ci DEFAULT '',
  `organizationCreatorDuns` varchar(255) COLLATE utf8_unicode_ci DEFAULT '',
  `organizationCreatorFounder` varchar(255) COLLATE utf8_unicode_ci DEFAULT '',
  `organizationCreatorFoundingDate` varchar(255) COLLATE utf8_unicode_ci DEFAULT '',
  `organizationCreatorFoundingLocation` varchar(255) COLLATE utf8_unicode_ci DEFAULT '',
  `organizationCreatorContactPoints` text COLLATE utf8_unicode_ci,
  `localBusinessCreatorOpeningHours` text COLLATE utf8_unicode_ci,
  `corporationCreatorTickerSymbol` varchar(255) COLLATE utf8_unicode_ci DEFAULT '',
  `restaurantCreatorServesCuisine` varchar(255) COLLATE utf8_unicode_ci DEFAULT '',
  `restaurantCreatorMenuUrl` varchar(255) COLLATE utf8_unicode_ci DEFAULT '',
  `restaurantCreatorReservationsUrl` varchar(255) COLLATE utf8_unicode_ci DEFAULT '',
  `personCreatorGender` varchar(255) COLLATE utf8_unicode_ci DEFAULT '',
  `personCreatorBirthPlace` varchar(255) COLLATE utf8_unicode_ci DEFAULT '',
  `genericCreatorHumansTxt` text COLLATE utf8_unicode_ci,
  `dateCreated` datetime NOT NULL,
  `dateUpdated` datetime NOT NULL,
  `uid` char(36) COLLATE utf8_unicode_ci NOT NULL DEFAULT '0',
  PRIMARY KEY (`id`),
  KEY `craft_seomatic_settings_siteSeoImageId_fk` (`siteSeoImageId`),
  KEY `craft_seomatic_settings_siteSeoTwitterImageId_fk` (`siteSeoTwitterImageId`),
  KEY `craft_seomatic_settings_siteSeoFacebookImageId_fk` (`siteSeoFacebookImageId`),
  KEY `craft_seomatic_settings_genericOwnerImageId_fk` (`genericOwnerImageId`),
  KEY `craft_seomatic_settings_genericCreatorImageId_fk` (`genericCreatorImageId`)
) ENGINE=InnoDB AUTO_INCREMENT=3 DEFAULT CHARSET=utf8 COLLATE=utf8_unicode_ci;

--
-- Data for table `craft_seomatic_settings`
--

INSERT INTO `craft_seomatic_settings` (`id`, `siteSeoImageId`, `siteSeoTwitterImageId`, `siteSeoFacebookImageId`, `genericOwnerImageId`, `genericCreatorImageId`, `locale`, `siteSeoName`, `siteSeoTitle`, `siteSeoTitleSeparator`, `siteSeoTitlePlacement`, `siteSeoDescription`, `siteSeoKeywords`, `siteSeoImageTransform`, `siteSeoFacebookImageTransform`, `siteSeoTwitterImageTransform`, `siteTwitterCardType`, `siteOpenGraphType`, `siteRobots`, `siteRobotsTxt`, `siteLinksSearchTargets`, `siteLinksQueryInput`, `googleSiteVerification`, `bingSiteVerification`, `googleAnalyticsUID`, `googleTagManagerID`, `googleAnalyticsSendPageview`, `googleAnalyticsAdvertising`, `googleAnalyticsEcommerce`, `googleAnalyticsEEcommerce`, `googleAnalyticsLinkAttribution`, `googleAnalyticsLinker`, `googleAnalyticsAnonymizeIp`, `siteOwnerType`, `siteOwnerSubType`, `siteOwnerSpecificType`, `genericOwnerName`, `genericOwnerAlternateName`, `genericOwnerDescription`, `genericOwnerUrl`, `genericOwnerTelephone`, `genericOwnerEmail`, `genericOwnerStreetAddress`, `genericOwnerAddressLocality`, `genericOwnerAddressRegion`, `genericOwnerPostalCode`, `genericOwnerAddressCountry`, `genericOwnerGeoLatitude`, `genericOwnerGeoLongitude`, `organizationOwnerDuns`, `organizationOwnerFounder`, `organizationOwnerFoundingDate`, `organizationOwnerFoundingLocation`, `organizationOwnerContactPoints`, `localBusinessPriceRange`, `localBusinessOwnerOpeningHours`, `corporationOwnerTickerSymbol`, `restaurantOwnerServesCuisine`, `restaurantOwnerMenuUrl`, `restaurantOwnerReservationsUrl`, `personOwnerGender`, `personOwnerBirthPlace`, `twitterHandle`, `facebookHandle`, `facebookProfileId`, `facebookAppId`, `linkedInHandle`, `googlePlusHandle`, `youtubeHandle`, `youtubeChannelHandle`, `instagramHandle`, `pinterestHandle`, `githubHandle`, `vimeoHandle`, `wikipediaUrl`, `siteCreatorType`, `siteCreatorSubType`, `siteCreatorSpecificType`, `genericCreatorName`, `genericCreatorAlternateName`, `genericCreatorDescription`, `genericCreatorUrl`, `genericCreatorTelephone`, `genericCreatorEmail`, `genericCreatorStreetAddress`, `genericCreatorAddressLocality`, `genericCreatorAddressRegion`, `genericCreatorPostalCode`, `genericCreatorAddressCountry`, `genericCreatorGeoLatitude`, `genericCreatorGeoLongitude`, `organizationCreatorDuns`, `organizationCreatorFounder`, `organizationCreatorFoundingDate`, `organizationCreatorFoundingLocation`, `organizationCreatorContactPoints`, `localBusinessCreatorOpeningHours`, `corporationCreatorTickerSymbol`, `restaurantCreatorServesCuisine`, `restaurantCreatorMenuUrl`, `restaurantCreatorReservationsUrl`, `personCreatorGender`, `personCreatorBirthPlace`, `genericCreatorHumansTxt`, `dateCreated`, `dateUpdated`, `uid`) VALUES
 ('1', '64', '64', '64', NULL, NULL, 'it', 'Stop the dot.', '• DOT - Assorbenti esterni e tamponi.', '|', 'after', 'Una linea di prodotti in cotone antibatterico dedicata al mondo femminile.', '', '', '', '', 'summary', 'website', '', '# robots.txt for {{ siteUrl }}\r\n\r\nSitemap: {{ siteUrl }}/sitemap.xml\r\n\r\n# Don\'t allow web crawlers to index Craft\r\n\r\nUser-agent: *\r\nDisallow: /craft/\r\n', '[]', '', '', '', '', '', '1', '0', '0', '0', '0', '0', '0', 'Organization', 'Corporation', '', 'dot', '', '', 'dot:8888/', '', '', '', '', '', '', '', '', '', '', '', '', '', '', '$$$', '', '', '', '', '', '', '', '', '', '', '', '', '', '', '', '', '', '', '', '', 'Organization', 'Corporation', '', '', '', '', '', '', '', '', '', '', '', '', '', '', '', '', '', '', '', '', '', '', '', '', '', '', '/* TEAM */\n\n{% if seomaticCreator.name is defined and seomaticCreator.name %}\nCreator: {{ seomaticCreator.name }}\n{% endif %}\n{% if seomaticCreator.url is defined and seomaticCreator.url %}\nURL: {{ seomaticCreator.url }}\n{% endif %}\n{% if seomaticCreator.description is defined and seomaticCreator.description %}\nDescription: {{ seomaticCreator.description }}\n{% endif %}\n\n/* THANKS */\n\nPixel & Tonic - https://pixelandtonic.com\n\n/* SITE */\n\nStandards: HTML5, CSS3\nComponents: Craft CMS, Yii, PHP, Javascript, SEOmatic', '2017-01-31 10:40:22', '2017-01-31 10:55:44', '29a4f55a-e16c-45cc-8a2b-3174ab78cd7e'),
 ('2', '64', '64', '64', NULL, NULL, 'en', 'Stop the dot.', '• DOT - Cotton Tampons, Pads and Liner', '|', 'after', 'DOT is a line of innovative products, dedicated to feminine and hygienic world during the menstrual cycle.', '', '', '', '', 'summary', 'website', '', '# robots.txt for {{ siteUrl }}\r\n\r\nSitemap: {{ siteUrl }}/sitemap.xml\r\n\r\n# Don\'t allow web crawlers to index Craft\r\n\r\nUser-agent: *\r\nDisallow: /craft/\r\n', '[]', '', '', '', '', '', '0', '0', '0', '0', '0', '0', '0', 'Organization', 'Corporation', '', 'dot', '', '', 'dot:8888/', '', '', '', '', '', '', '', '', '', '', '', '', '', '[]', '$$$', '[{\"open\":\"\",\"close\":\"\"},{\"open\":\"\",\"close\":\"\"},{\"open\":\"\",\"close\":\"\"},{\"open\":\"\",\"close\":\"\"},{\"open\":\"\",\"close\":\"\"},{\"open\":\"\",\"close\":\"\"},{\"open\":\"\",\"close\":\"\"}]', '', '', '', '', 'Male', '', '', '', '', '', '', '', '', '', '', '', '', '', '', 'Organization', 'Corporation', '', '', '', '', '', '', '', '', '', '', '', '', '', '', '', '', '', '', '', '', '', '', '', '', '', '', '/* TEAM */\n\n{% if seomaticCreator.name is defined and seomaticCreator.name %}\nCreator: {{ seomaticCreator.name }}\n{% endif %}\n{% if seomaticCreator.url is defined and seomaticCreator.url %}\nURL: {{ seomaticCreator.url }}\n{% endif %}\n{% if seomaticCreator.description is defined and seomaticCreator.description %}\nDescription: {{ seomaticCreator.description }}\n{% endif %}\n\n/* THANKS */\n\nPixel & Tonic - https://pixelandtonic.com\n\n/* SITE */\n\nStandards: HTML5, CSS3\nComponents: Craft CMS, Yii, PHP, Javascript, SEOmatic', '2017-01-31 10:44:24', '2017-01-31 10:54:00', 'c465f158-c530-4371-8d0f-bbf6cf3ae249');



DROP TABLE IF EXISTS `craft_sessions`;


--
-- Schema for table `craft_sessions`
--
CREATE TABLE `craft_sessions` (
  `id` int(11) NOT NULL AUTO_INCREMENT,
  `userId` int(11) NOT NULL,
  `token` char(100) COLLATE utf8_unicode_ci NOT NULL,
  `dateCreated` datetime NOT NULL,
  `dateUpdated` datetime NOT NULL,
  `uid` char(36) COLLATE utf8_unicode_ci NOT NULL DEFAULT '0',
  PRIMARY KEY (`id`),
  KEY `craft_sessions_uid_idx` (`uid`),
  KEY `craft_sessions_token_idx` (`token`),
  KEY `craft_sessions_dateUpdated_idx` (`dateUpdated`),
  KEY `craft_sessions_userId_fk` (`userId`)
) ENGINE=InnoDB AUTO_INCREMENT=10 DEFAULT CHARSET=utf8 COLLATE=utf8_unicode_ci;

DROP TABLE IF EXISTS `craft_shunnedmessages`;


--
-- Schema for table `craft_shunnedmessages`
--
CREATE TABLE `craft_shunnedmessages` (
  `id` int(11) NOT NULL AUTO_INCREMENT,
  `userId` int(11) NOT NULL,
  `message` varchar(255) COLLATE utf8_unicode_ci NOT NULL,
  `expiryDate` datetime DEFAULT NULL,
  `dateCreated` datetime NOT NULL,
  `dateUpdated` datetime NOT NULL,
  `uid` char(36) COLLATE utf8_unicode_ci NOT NULL DEFAULT '0',
  PRIMARY KEY (`id`),
  UNIQUE KEY `craft_shunnedmessages_userId_message_unq_idx` (`userId`,`message`)
) ENGINE=InnoDB DEFAULT CHARSET=utf8 COLLATE=utf8_unicode_ci;

DROP TABLE IF EXISTS `craft_structureelements`;


--
-- Schema for table `craft_structureelements`
--
CREATE TABLE `craft_structureelements` (
  `id` int(11) NOT NULL AUTO_INCREMENT,
  `structureId` int(11) NOT NULL,
  `elementId` int(11) DEFAULT NULL,
  `root` int(11) unsigned DEFAULT NULL,
  `lft` int(11) unsigned NOT NULL,
  `rgt` int(11) unsigned NOT NULL,
  `level` smallint(6) unsigned NOT NULL,
  `dateCreated` datetime NOT NULL,
  `dateUpdated` datetime NOT NULL,
  `uid` char(36) COLLATE utf8_unicode_ci NOT NULL DEFAULT '0',
  PRIMARY KEY (`id`),
  UNIQUE KEY `craft_structureelements_structureId_elementId_unq_idx` (`structureId`,`elementId`),
  KEY `craft_structureelements_root_idx` (`root`),
  KEY `craft_structureelements_lft_idx` (`lft`),
  KEY `craft_structureelements_rgt_idx` (`rgt`),
  KEY `craft_structureelements_level_idx` (`level`),
  KEY `craft_structureelements_elementId_fk` (`elementId`)
) ENGINE=InnoDB DEFAULT CHARSET=utf8 COLLATE=utf8_unicode_ci;

DROP TABLE IF EXISTS `craft_structures`;


--
-- Schema for table `craft_structures`
--
CREATE TABLE `craft_structures` (
  `id` int(11) NOT NULL AUTO_INCREMENT,
  `maxLevels` smallint(6) unsigned DEFAULT NULL,
  `dateCreated` datetime NOT NULL,
  `dateUpdated` datetime NOT NULL,
  `uid` char(36) COLLATE utf8_unicode_ci NOT NULL DEFAULT '0',
  PRIMARY KEY (`id`)
) ENGINE=InnoDB DEFAULT CHARSET=utf8 COLLATE=utf8_unicode_ci;

DROP TABLE IF EXISTS `craft_systemsettings`;


--
-- Schema for table `craft_systemsettings`
--
CREATE TABLE `craft_systemsettings` (
  `id` int(11) NOT NULL AUTO_INCREMENT,
  `category` varchar(15) COLLATE utf8_unicode_ci NOT NULL,
  `settings` text COLLATE utf8_unicode_ci,
  `dateCreated` datetime NOT NULL,
  `dateUpdated` datetime NOT NULL,
  `uid` char(36) COLLATE utf8_unicode_ci NOT NULL DEFAULT '0',
  PRIMARY KEY (`id`),
  UNIQUE KEY `craft_systemsettings_category_unq_idx` (`category`)
) ENGINE=InnoDB AUTO_INCREMENT=2 DEFAULT CHARSET=utf8 COLLATE=utf8_unicode_ci;

--
-- Data for table `craft_systemsettings`
--

INSERT INTO `craft_systemsettings` (`id`, `category`, `settings`, `dateCreated`, `dateUpdated`, `uid`) VALUES
 ('1', 'email', '{\"protocol\":\"php\",\"emailAddress\":\"alessandro@adoratorio.com\",\"senderName\":\"dot\"}', '2017-01-13 15:45:33', '2017-01-13 15:45:33', 'b24d66f9-a56a-42de-b2f3-1d81c03a8bdd');



DROP TABLE IF EXISTS `craft_taggroups`;


--
-- Schema for table `craft_taggroups`
--
CREATE TABLE `craft_taggroups` (
  `id` int(11) NOT NULL AUTO_INCREMENT,
  `name` varchar(255) COLLATE utf8_unicode_ci NOT NULL,
  `handle` varchar(255) COLLATE utf8_unicode_ci NOT NULL,
  `fieldLayoutId` int(10) DEFAULT NULL,
  `dateCreated` datetime NOT NULL,
  `dateUpdated` datetime NOT NULL,
  `uid` char(36) COLLATE utf8_unicode_ci NOT NULL DEFAULT '0',
  PRIMARY KEY (`id`),
  UNIQUE KEY `craft_taggroups_name_unq_idx` (`name`),
  UNIQUE KEY `craft_taggroups_handle_unq_idx` (`handle`),
  KEY `craft_taggroups_fieldLayoutId_fk` (`fieldLayoutId`)
) ENGINE=InnoDB AUTO_INCREMENT=2 DEFAULT CHARSET=utf8 COLLATE=utf8_unicode_ci;

--
-- Data for table `craft_taggroups`
--

INSERT INTO `craft_taggroups` (`id`, `name`, `handle`, `fieldLayoutId`, `dateCreated`, `dateUpdated`, `uid`) VALUES
 ('1', 'Default', 'default', '1', '2017-01-13 15:45:33', '2017-01-13 15:45:33', '2fa3414d-c29a-4551-a9e9-cffee8c6a215');



DROP TABLE IF EXISTS `craft_tags`;


--
-- Schema for table `craft_tags`
--
CREATE TABLE `craft_tags` (
  `id` int(11) NOT NULL,
  `groupId` int(11) NOT NULL,
  `dateCreated` datetime NOT NULL,
  `dateUpdated` datetime NOT NULL,
  `uid` char(36) COLLATE utf8_unicode_ci NOT NULL DEFAULT '0',
  PRIMARY KEY (`id`),
  KEY `craft_tags_groupId_fk` (`groupId`)
) ENGINE=InnoDB DEFAULT CHARSET=utf8 COLLATE=utf8_unicode_ci;

DROP TABLE IF EXISTS `craft_tasks`;


--
-- Schema for table `craft_tasks`
--
CREATE TABLE `craft_tasks` (
  `id` int(11) NOT NULL AUTO_INCREMENT,
  `root` int(11) unsigned DEFAULT NULL,
  `lft` int(11) unsigned NOT NULL,
  `rgt` int(11) unsigned NOT NULL,
  `level` smallint(6) unsigned NOT NULL,
  `currentStep` int(11) unsigned DEFAULT NULL,
  `totalSteps` int(11) unsigned DEFAULT NULL,
  `status` enum('pending','error','running') COLLATE utf8_unicode_ci DEFAULT NULL,
  `type` varchar(150) COLLATE utf8_unicode_ci NOT NULL,
  `description` varchar(255) COLLATE utf8_unicode_ci DEFAULT NULL,
  `settings` mediumtext COLLATE utf8_unicode_ci,
  `dateCreated` datetime NOT NULL,
  `dateUpdated` datetime NOT NULL,
  `uid` char(36) COLLATE utf8_unicode_ci NOT NULL DEFAULT '0',
  PRIMARY KEY (`id`),
  KEY `craft_tasks_root_idx` (`root`),
  KEY `craft_tasks_lft_idx` (`lft`),
  KEY `craft_tasks_rgt_idx` (`rgt`),
  KEY `craft_tasks_level_idx` (`level`)
) ENGINE=InnoDB AUTO_INCREMENT=17 DEFAULT CHARSET=utf8 COLLATE=utf8_unicode_ci;

DROP TABLE IF EXISTS `craft_templatecachecriteria`;


--
-- Schema for table `craft_templatecachecriteria`
--
CREATE TABLE `craft_templatecachecriteria` (
  `id` int(11) NOT NULL AUTO_INCREMENT,
  `cacheId` int(11) NOT NULL,
  `type` varchar(150) COLLATE utf8_unicode_ci NOT NULL,
  `criteria` text COLLATE utf8_unicode_ci NOT NULL,
  PRIMARY KEY (`id`),
  KEY `craft_templatecachecriteria_cacheId_fk` (`cacheId`),
  KEY `craft_templatecachecriteria_type_idx` (`type`)
) ENGINE=InnoDB DEFAULT CHARSET=utf8 COLLATE=utf8_unicode_ci;

DROP TABLE IF EXISTS `craft_templatecacheelements`;


--
-- Schema for table `craft_templatecacheelements`
--
CREATE TABLE `craft_templatecacheelements` (
  `cacheId` int(11) NOT NULL,
  `elementId` int(11) NOT NULL,
  KEY `craft_templatecacheelements_cacheId_fk` (`cacheId`),
  KEY `craft_templatecacheelements_elementId_fk` (`elementId`)
) ENGINE=InnoDB DEFAULT CHARSET=utf8 COLLATE=utf8_unicode_ci;

DROP TABLE IF EXISTS `craft_templatecaches`;


--
-- Schema for table `craft_templatecaches`
--
CREATE TABLE `craft_templatecaches` (
  `id` int(11) NOT NULL AUTO_INCREMENT,
  `cacheKey` varchar(255) COLLATE utf8_unicode_ci NOT NULL,
  `locale` char(12) COLLATE utf8_unicode_ci NOT NULL,
  `path` varchar(255) COLLATE utf8_unicode_ci DEFAULT NULL,
  `expiryDate` datetime NOT NULL,
  `body` mediumtext COLLATE utf8_unicode_ci NOT NULL,
  PRIMARY KEY (`id`),
  KEY `craft_templatecaches_locale_fk` (`locale`),
  KEY `craft_templatecaches_cacheKey_locale_expiryDate_idx` (`cacheKey`,`locale`,`expiryDate`),
  KEY `craft_templatecaches_cacheKey_locale_expiryDate_path_idx` (`cacheKey`,`locale`,`expiryDate`,`path`)
) ENGINE=InnoDB DEFAULT CHARSET=utf8 COLLATE=utf8_unicode_ci;

DROP TABLE IF EXISTS `craft_tokens`;


--
-- Schema for table `craft_tokens`
--
CREATE TABLE `craft_tokens` (
  `id` int(11) NOT NULL AUTO_INCREMENT,
  `token` char(32) COLLATE utf8_unicode_ci NOT NULL,
  `route` text COLLATE utf8_unicode_ci,
  `usageLimit` tinyint(3) unsigned DEFAULT NULL,
  `usageCount` tinyint(3) unsigned DEFAULT NULL,
  `expiryDate` datetime NOT NULL,
  `dateCreated` datetime NOT NULL,
  `dateUpdated` datetime NOT NULL,
  `uid` char(36) COLLATE utf8_unicode_ci NOT NULL DEFAULT '0',
  PRIMARY KEY (`id`),
  UNIQUE KEY `craft_tokens_token_unq_idx` (`token`),
  KEY `craft_tokens_expiryDate_idx` (`expiryDate`)
) ENGINE=InnoDB DEFAULT CHARSET=utf8 COLLATE=utf8_unicode_ci;

DROP TABLE IF EXISTS `craft_usergroups`;


--
-- Schema for table `craft_usergroups`
--
CREATE TABLE `craft_usergroups` (
  `id` int(11) NOT NULL AUTO_INCREMENT,
  `name` varchar(255) COLLATE utf8_unicode_ci NOT NULL,
  `handle` varchar(255) COLLATE utf8_unicode_ci NOT NULL,
  `dateCreated` datetime NOT NULL,
  `dateUpdated` datetime NOT NULL,
  `uid` char(36) COLLATE utf8_unicode_ci NOT NULL DEFAULT '0',
  PRIMARY KEY (`id`),
  UNIQUE KEY `craft_usergroups_name_unq_idx` (`name`),
  UNIQUE KEY `craft_usergroups_handle_unq_idx` (`handle`)
) ENGINE=InnoDB DEFAULT CHARSET=utf8 COLLATE=utf8_unicode_ci;

DROP TABLE IF EXISTS `craft_usergroups_users`;


--
-- Schema for table `craft_usergroups_users`
--
CREATE TABLE `craft_usergroups_users` (
  `id` int(11) NOT NULL AUTO_INCREMENT,
  `groupId` int(11) NOT NULL,
  `userId` int(11) NOT NULL,
  `dateCreated` datetime NOT NULL,
  `dateUpdated` datetime NOT NULL,
  `uid` char(36) COLLATE utf8_unicode_ci NOT NULL DEFAULT '0',
  PRIMARY KEY (`id`),
  UNIQUE KEY `craft_usergroups_users_groupId_userId_unq_idx` (`groupId`,`userId`),
  KEY `craft_usergroups_users_userId_fk` (`userId`)
) ENGINE=InnoDB DEFAULT CHARSET=utf8 COLLATE=utf8_unicode_ci;

DROP TABLE IF EXISTS `craft_userpermissions`;


--
-- Schema for table `craft_userpermissions`
--
CREATE TABLE `craft_userpermissions` (
  `id` int(11) NOT NULL AUTO_INCREMENT,
  `name` varchar(255) COLLATE utf8_unicode_ci NOT NULL,
  `dateCreated` datetime NOT NULL,
  `dateUpdated` datetime NOT NULL,
  `uid` char(36) COLLATE utf8_unicode_ci NOT NULL DEFAULT '0',
  PRIMARY KEY (`id`),
  UNIQUE KEY `craft_userpermissions_name_unq_idx` (`name`)
) ENGINE=InnoDB DEFAULT CHARSET=utf8 COLLATE=utf8_unicode_ci;

DROP TABLE IF EXISTS `craft_userpermissions_usergroups`;


--
-- Schema for table `craft_userpermissions_usergroups`
--
CREATE TABLE `craft_userpermissions_usergroups` (
  `id` int(11) NOT NULL AUTO_INCREMENT,
  `permissionId` int(11) NOT NULL,
  `groupId` int(11) NOT NULL,
  `dateCreated` datetime NOT NULL,
  `dateUpdated` datetime NOT NULL,
  `uid` char(36) COLLATE utf8_unicode_ci NOT NULL DEFAULT '0',
  PRIMARY KEY (`id`),
  UNIQUE KEY `craft_userpermissions_usergroups_permissionId_groupId_unq_idx` (`permissionId`,`groupId`),
  KEY `craft_userpermissions_usergroups_groupId_fk` (`groupId`)
) ENGINE=InnoDB DEFAULT CHARSET=utf8 COLLATE=utf8_unicode_ci;

DROP TABLE IF EXISTS `craft_userpermissions_users`;


--
-- Schema for table `craft_userpermissions_users`
--
CREATE TABLE `craft_userpermissions_users` (
  `id` int(11) NOT NULL AUTO_INCREMENT,
  `permissionId` int(11) NOT NULL,
  `userId` int(11) NOT NULL,
  `dateCreated` datetime NOT NULL,
  `dateUpdated` datetime NOT NULL,
  `uid` char(36) COLLATE utf8_unicode_ci NOT NULL DEFAULT '0',
  PRIMARY KEY (`id`),
  UNIQUE KEY `craft_userpermissions_users_permissionId_userId_unq_idx` (`permissionId`,`userId`),
  KEY `craft_userpermissions_users_userId_fk` (`userId`)
) ENGINE=InnoDB DEFAULT CHARSET=utf8 COLLATE=utf8_unicode_ci;

DROP TABLE IF EXISTS `craft_users`;


--
-- Schema for table `craft_users`
--
CREATE TABLE `craft_users` (
  `id` int(11) NOT NULL,
  `username` varchar(100) COLLATE utf8_unicode_ci NOT NULL,
  `photo` varchar(100) COLLATE utf8_unicode_ci DEFAULT NULL,
  `firstName` varchar(100) COLLATE utf8_unicode_ci DEFAULT NULL,
  `lastName` varchar(100) COLLATE utf8_unicode_ci DEFAULT NULL,
  `email` varchar(255) COLLATE utf8_unicode_ci NOT NULL,
  `password` char(255) COLLATE utf8_unicode_ci DEFAULT NULL,
  `preferredLocale` char(12) COLLATE utf8_unicode_ci DEFAULT NULL,
  `weekStartDay` tinyint(1) unsigned NOT NULL DEFAULT '0',
  `admin` tinyint(1) unsigned NOT NULL DEFAULT '0',
  `client` tinyint(1) unsigned NOT NULL DEFAULT '0',
  `locked` tinyint(1) unsigned NOT NULL DEFAULT '0',
  `suspended` tinyint(1) unsigned NOT NULL DEFAULT '0',
  `pending` tinyint(1) unsigned NOT NULL DEFAULT '0',
  `archived` tinyint(1) unsigned NOT NULL DEFAULT '0',
  `lastLoginDate` datetime DEFAULT NULL,
  `lastLoginAttemptIPAddress` varchar(45) COLLATE utf8_unicode_ci DEFAULT NULL,
  `invalidLoginWindowStart` datetime DEFAULT NULL,
  `invalidLoginCount` tinyint(4) unsigned DEFAULT NULL,
  `lastInvalidLoginDate` datetime DEFAULT NULL,
  `lockoutDate` datetime DEFAULT NULL,
  `verificationCode` char(100) COLLATE utf8_unicode_ci DEFAULT NULL,
  `verificationCodeIssuedDate` datetime DEFAULT NULL,
  `unverifiedEmail` varchar(255) COLLATE utf8_unicode_ci DEFAULT NULL,
  `passwordResetRequired` tinyint(1) unsigned NOT NULL DEFAULT '0',
  `lastPasswordChangeDate` datetime DEFAULT NULL,
  `dateCreated` datetime NOT NULL,
  `dateUpdated` datetime NOT NULL,
  `uid` char(36) COLLATE utf8_unicode_ci NOT NULL DEFAULT '0',
  PRIMARY KEY (`id`),
  UNIQUE KEY `craft_users_username_unq_idx` (`username`),
  UNIQUE KEY `craft_users_email_unq_idx` (`email`),
  KEY `craft_users_verificationCode_idx` (`verificationCode`),
  KEY `craft_users_uid_idx` (`uid`),
  KEY `craft_users_preferredLocale_fk` (`preferredLocale`)
) ENGINE=InnoDB DEFAULT CHARSET=utf8 COLLATE=utf8_unicode_ci;

--
-- Data for table `craft_users`
--

INSERT INTO `craft_users` (`id`, `username`, `photo`, `firstName`, `lastName`, `email`, `password`, `preferredLocale`, `weekStartDay`, `admin`, `client`, `locked`, `suspended`, `pending`, `archived`, `lastLoginDate`, `lastLoginAttemptIPAddress`, `invalidLoginWindowStart`, `invalidLoginCount`, `lastInvalidLoginDate`, `lockoutDate`, `verificationCode`, `verificationCodeIssuedDate`, `unverifiedEmail`, `passwordResetRequired`, `lastPasswordChangeDate`, `dateCreated`, `dateUpdated`, `uid`) VALUES
 ('1', 'admin', NULL, '', '', 'contact@adoratorio.com', '$2y$13$aubWssu6cGx1PWnoBrESTuX5iZKQPQQcqtyNwRjFu6MkrWFnjnOYi', 'it', '0', '1', '0', '0', '0', '0', '0', '2018-01-23 14:13:55', '::1', NULL, NULL, '2017-05-08 13:34:41', NULL, NULL, NULL, NULL, '0', '2017-05-08 13:35:48', '2017-01-13 15:45:30', '2018-01-23 14:13:55', '69062c14-4790-43ce-adab-9478a2702f4b');



DROP TABLE IF EXISTS `craft_widgets`;


--
-- Schema for table `craft_widgets`
--
CREATE TABLE `craft_widgets` (
  `id` int(11) NOT NULL AUTO_INCREMENT,
  `userId` int(11) NOT NULL,
  `type` varchar(150) COLLATE utf8_unicode_ci NOT NULL,
  `sortOrder` smallint(6) unsigned DEFAULT NULL,
  `colspan` tinyint(4) unsigned DEFAULT NULL,
  `settings` text COLLATE utf8_unicode_ci,
  `enabled` tinyint(1) unsigned NOT NULL DEFAULT '1',
  `dateCreated` datetime NOT NULL,
  `dateUpdated` datetime NOT NULL,
  `uid` char(36) COLLATE utf8_unicode_ci NOT NULL DEFAULT '0',
  PRIMARY KEY (`id`),
  KEY `craft_widgets_userId_fk` (`userId`)
) ENGINE=InnoDB AUTO_INCREMENT=6 DEFAULT CHARSET=utf8 COLLATE=utf8_unicode_ci;

--
-- Data for table `craft_widgets`
--

INSERT INTO `craft_widgets` (`id`, `userId`, `type`, `sortOrder`, `colspan`, `settings`, `enabled`, `dateCreated`, `dateUpdated`, `uid`) VALUES
 ('1', '1', 'RecentEntries', '1', '1', NULL, '0', '2017-01-13 15:45:46', '2017-01-13 15:46:00', 'f1057a5f-81c6-47f9-a36f-326ed9c09194'),
 ('2', '1', 'GetHelp', '2', '1', NULL, '0', '2017-01-13 15:45:46', '2017-01-20 17:52:57', 'deb9e818-f997-40c7-95fe-ad39581d8de8'),
 ('3', '1', 'Updates', '3', '4', NULL, '1', '2017-01-13 15:45:46', '2017-01-20 17:53:04', '97991c69-5e5c-4e23-a5b3-3987aa411e51'),
 ('4', '1', 'Feed', '4', NULL, '{\"url\":\"https:\\/\\/craftcms.com\\/news.rss\",\"title\":\"Craft News\"}', '0', '2017-01-13 15:45:47', '2017-01-13 15:46:03', '1b5cd4bc-6f5b-4416-b819-e28485dcb107'),
 ('5', '1', 'RecentEntries', '5', '4', '{\"section\":\"*\",\"limit\":\"10\"}', '1', '2017-01-13 15:46:12', '2017-01-20 17:53:21', '88a4d2f6-696b-45ff-83b1-a415d4260727');


--
-- Constraints for tables
--


--
-- Constraints for table `craft_assetfiles`
--
ALTER TABLE `craft_assetfiles`
	ADD CONSTRAINT `craft_assetfiles_folderId_fk` FOREIGN KEY (`folderId`) REFERENCES `craft_assetfolders` (`id`) ON DELETE CASCADE,
	ADD CONSTRAINT `craft_assetfiles_id_fk` FOREIGN KEY (`id`) REFERENCES `craft_elements` (`id`) ON DELETE CASCADE,
	ADD CONSTRAINT `craft_assetfiles_sourceId_fk` FOREIGN KEY (`sourceId`) REFERENCES `craft_assetsources` (`id`) ON DELETE CASCADE;

--
-- Constraints for table `craft_assetfolders`
--
ALTER TABLE `craft_assetfolders`
	ADD CONSTRAINT `craft_assetfolders_parentId_fk` FOREIGN KEY (`parentId`) REFERENCES `craft_assetfolders` (`id`) ON DELETE CASCADE,
	ADD CONSTRAINT `craft_assetfolders_sourceId_fk` FOREIGN KEY (`sourceId`) REFERENCES `craft_assetsources` (`id`) ON DELETE CASCADE;

--
-- Constraints for table `craft_assetindexdata`
--
ALTER TABLE `craft_assetindexdata`
	ADD CONSTRAINT `craft_assetindexdata_sourceId_fk` FOREIGN KEY (`sourceId`) REFERENCES `craft_assetsources` (`id`) ON DELETE CASCADE;

--
-- Constraints for table `craft_assetsources`
--
ALTER TABLE `craft_assetsources`
	ADD CONSTRAINT `craft_assetsources_fieldLayoutId_fk` FOREIGN KEY (`fieldLayoutId`) REFERENCES `craft_fieldlayouts` (`id`) ON DELETE SET NULL;

--
-- Constraints for table `craft_categories`
--
ALTER TABLE `craft_categories`
	ADD CONSTRAINT `craft_categories_groupId_fk` FOREIGN KEY (`groupId`) REFERENCES `craft_categorygroups` (`id`) ON DELETE CASCADE,
	ADD CONSTRAINT `craft_categories_id_fk` FOREIGN KEY (`id`) REFERENCES `craft_elements` (`id`) ON DELETE CASCADE;

--
-- Constraints for table `craft_categorygroups`
--
ALTER TABLE `craft_categorygroups`
	ADD CONSTRAINT `craft_categorygroups_fieldLayoutId_fk` FOREIGN KEY (`fieldLayoutId`) REFERENCES `craft_fieldlayouts` (`id`) ON DELETE SET NULL,
	ADD CONSTRAINT `craft_categorygroups_structureId_fk` FOREIGN KEY (`structureId`) REFERENCES `craft_structures` (`id`) ON DELETE CASCADE;

--
-- Constraints for table `craft_categorygroups_i18n`
--
ALTER TABLE `craft_categorygroups_i18n`
	ADD CONSTRAINT `craft_categorygroups_i18n_groupId_fk` FOREIGN KEY (`groupId`) REFERENCES `craft_categorygroups` (`id`) ON DELETE CASCADE,
	ADD CONSTRAINT `craft_categorygroups_i18n_locale_fk` FOREIGN KEY (`locale`) REFERENCES `craft_locales` (`locale`) ON DELETE CASCADE ON UPDATE CASCADE;

--
-- Constraints for table `craft_content`
--
ALTER TABLE `craft_content`
	ADD CONSTRAINT `craft_content_elementId_fk` FOREIGN KEY (`elementId`) REFERENCES `craft_elements` (`id`) ON DELETE CASCADE,
	ADD CONSTRAINT `craft_content_locale_fk` FOREIGN KEY (`locale`) REFERENCES `craft_locales` (`locale`) ON DELETE CASCADE ON UPDATE CASCADE;

--
-- Constraints for table `craft_elements_i18n`
--
ALTER TABLE `craft_elements_i18n`
	ADD CONSTRAINT `craft_elements_i18n_elementId_fk` FOREIGN KEY (`elementId`) REFERENCES `craft_elements` (`id`) ON DELETE CASCADE,
	ADD CONSTRAINT `craft_elements_i18n_locale_fk` FOREIGN KEY (`locale`) REFERENCES `craft_locales` (`locale`) ON DELETE CASCADE ON UPDATE CASCADE;

--
-- Constraints for table `craft_emailmessages`
--
ALTER TABLE `craft_emailmessages`
	ADD CONSTRAINT `craft_emailmessages_locale_fk` FOREIGN KEY (`locale`) REFERENCES `craft_locales` (`locale`) ON DELETE CASCADE ON UPDATE CASCADE;

--
-- Constraints for table `craft_entries`
--
ALTER TABLE `craft_entries`
	ADD CONSTRAINT `craft_entries_authorId_fk` FOREIGN KEY (`authorId`) REFERENCES `craft_users` (`id`) ON DELETE CASCADE,
	ADD CONSTRAINT `craft_entries_id_fk` FOREIGN KEY (`id`) REFERENCES `craft_elements` (`id`) ON DELETE CASCADE,
	ADD CONSTRAINT `craft_entries_sectionId_fk` FOREIGN KEY (`sectionId`) REFERENCES `craft_sections` (`id`) ON DELETE CASCADE,
	ADD CONSTRAINT `craft_entries_typeId_fk` FOREIGN KEY (`typeId`) REFERENCES `craft_entrytypes` (`id`) ON DELETE CASCADE;

--
-- Constraints for table `craft_entrydrafts`
--
ALTER TABLE `craft_entrydrafts`
	ADD CONSTRAINT `craft_entrydrafts_creatorId_fk` FOREIGN KEY (`creatorId`) REFERENCES `craft_users` (`id`) ON DELETE CASCADE,
	ADD CONSTRAINT `craft_entrydrafts_entryId_fk` FOREIGN KEY (`entryId`) REFERENCES `craft_entries` (`id`) ON DELETE CASCADE,
	ADD CONSTRAINT `craft_entrydrafts_locale_fk` FOREIGN KEY (`locale`) REFERENCES `craft_locales` (`locale`) ON DELETE CASCADE ON UPDATE CASCADE,
	ADD CONSTRAINT `craft_entrydrafts_sectionId_fk` FOREIGN KEY (`sectionId`) REFERENCES `craft_sections` (`id`) ON DELETE CASCADE;

--
-- Constraints for table `craft_entrytypes`
--
ALTER TABLE `craft_entrytypes`
	ADD CONSTRAINT `craft_entrytypes_fieldLayoutId_fk` FOREIGN KEY (`fieldLayoutId`) REFERENCES `craft_fieldlayouts` (`id`) ON DELETE SET NULL,
	ADD CONSTRAINT `craft_entrytypes_sectionId_fk` FOREIGN KEY (`sectionId`) REFERENCES `craft_sections` (`id`) ON DELETE CASCADE;

--
-- Constraints for table `craft_entryversions`
--
ALTER TABLE `craft_entryversions`
	ADD CONSTRAINT `craft_entryversions_creatorId_fk` FOREIGN KEY (`creatorId`) REFERENCES `craft_users` (`id`) ON DELETE SET NULL,
	ADD CONSTRAINT `craft_entryversions_entryId_fk` FOREIGN KEY (`entryId`) REFERENCES `craft_entries` (`id`) ON DELETE CASCADE,
	ADD CONSTRAINT `craft_entryversions_locale_fk` FOREIGN KEY (`locale`) REFERENCES `craft_locales` (`locale`) ON DELETE CASCADE ON UPDATE CASCADE,
	ADD CONSTRAINT `craft_entryversions_sectionId_fk` FOREIGN KEY (`sectionId`) REFERENCES `craft_sections` (`id`) ON DELETE CASCADE;

--
-- Constraints for table `craft_fieldlayoutfields`
--
ALTER TABLE `craft_fieldlayoutfields`
	ADD CONSTRAINT `craft_fieldlayoutfields_fieldId_fk` FOREIGN KEY (`fieldId`) REFERENCES `craft_fields` (`id`) ON DELETE CASCADE,
	ADD CONSTRAINT `craft_fieldlayoutfields_layoutId_fk` FOREIGN KEY (`layoutId`) REFERENCES `craft_fieldlayouts` (`id`) ON DELETE CASCADE,
	ADD CONSTRAINT `craft_fieldlayoutfields_tabId_fk` FOREIGN KEY (`tabId`) REFERENCES `craft_fieldlayouttabs` (`id`) ON DELETE CASCADE;

--
-- Constraints for table `craft_fieldlayouttabs`
--
ALTER TABLE `craft_fieldlayouttabs`
	ADD CONSTRAINT `craft_fieldlayouttabs_layoutId_fk` FOREIGN KEY (`layoutId`) REFERENCES `craft_fieldlayouts` (`id`) ON DELETE CASCADE;

--
-- Constraints for table `craft_fields`
--
ALTER TABLE `craft_fields`
	ADD CONSTRAINT `craft_fields_groupId_fk` FOREIGN KEY (`groupId`) REFERENCES `craft_fieldgroups` (`id`) ON DELETE CASCADE;

--
-- Constraints for table `craft_globalsets`
--
ALTER TABLE `craft_globalsets`
	ADD CONSTRAINT `craft_globalsets_fieldLayoutId_fk` FOREIGN KEY (`fieldLayoutId`) REFERENCES `craft_fieldlayouts` (`id`) ON DELETE SET NULL,
	ADD CONSTRAINT `craft_globalsets_id_fk` FOREIGN KEY (`id`) REFERENCES `craft_elements` (`id`) ON DELETE CASCADE;

--
-- Constraints for table `craft_matrixblocks`
--
ALTER TABLE `craft_matrixblocks`
	ADD CONSTRAINT `craft_matrixblocks_fieldId_fk` FOREIGN KEY (`fieldId`) REFERENCES `craft_fields` (`id`) ON DELETE CASCADE,
	ADD CONSTRAINT `craft_matrixblocks_id_fk` FOREIGN KEY (`id`) REFERENCES `craft_elements` (`id`) ON DELETE CASCADE,
	ADD CONSTRAINT `craft_matrixblocks_ownerId_fk` FOREIGN KEY (`ownerId`) REFERENCES `craft_elements` (`id`) ON DELETE CASCADE,
	ADD CONSTRAINT `craft_matrixblocks_ownerLocale_fk` FOREIGN KEY (`ownerLocale`) REFERENCES `craft_locales` (`locale`) ON DELETE CASCADE ON UPDATE CASCADE,
	ADD CONSTRAINT `craft_matrixblocks_typeId_fk` FOREIGN KEY (`typeId`) REFERENCES `craft_matrixblocktypes` (`id`) ON DELETE CASCADE;

--
-- Constraints for table `craft_matrixblocktypes`
--
ALTER TABLE `craft_matrixblocktypes`
	ADD CONSTRAINT `craft_matrixblocktypes_fieldId_fk` FOREIGN KEY (`fieldId`) REFERENCES `craft_fields` (`id`) ON DELETE CASCADE,
	ADD CONSTRAINT `craft_matrixblocktypes_fieldLayoutId_fk` FOREIGN KEY (`fieldLayoutId`) REFERENCES `craft_fieldlayouts` (`id`) ON DELETE SET NULL;

--
-- Constraints for table `craft_matrixcontent_slide`
--
ALTER TABLE `craft_matrixcontent_slide`
	ADD CONSTRAINT `craft_matrixcontent_slide_elementId_fk` FOREIGN KEY (`elementId`) REFERENCES `craft_elements` (`id`) ON DELETE CASCADE,
	ADD CONSTRAINT `craft_matrixcontent_slide_locale_fk` FOREIGN KEY (`locale`) REFERENCES `craft_locales` (`locale`) ON DELETE CASCADE ON UPDATE CASCADE;

--
-- Constraints for table `craft_migrations`
--
ALTER TABLE `craft_migrations`
	ADD CONSTRAINT `craft_migrations_pluginId_fk` FOREIGN KEY (`pluginId`) REFERENCES `craft_plugins` (`id`) ON DELETE CASCADE;

--
-- Constraints for table `craft_relations`
--
ALTER TABLE `craft_relations`
	ADD CONSTRAINT `craft_relations_fieldId_fk` FOREIGN KEY (`fieldId`) REFERENCES `craft_fields` (`id`) ON DELETE CASCADE,
	ADD CONSTRAINT `craft_relations_sourceId_fk` FOREIGN KEY (`sourceId`) REFERENCES `craft_elements` (`id`) ON DELETE CASCADE,
	ADD CONSTRAINT `craft_relations_sourceLocale_fk` FOREIGN KEY (`sourceLocale`) REFERENCES `craft_locales` (`locale`) ON DELETE CASCADE ON UPDATE CASCADE,
	ADD CONSTRAINT `craft_relations_targetId_fk` FOREIGN KEY (`targetId`) REFERENCES `craft_elements` (`id`) ON DELETE CASCADE;

--
-- Constraints for table `craft_routes`
--
ALTER TABLE `craft_routes`
	ADD CONSTRAINT `craft_routes_locale_fk` FOREIGN KEY (`locale`) REFERENCES `craft_locales` (`locale`) ON DELETE CASCADE ON UPDATE CASCADE;

--
-- Constraints for table `craft_sections`
--
ALTER TABLE `craft_sections`
	ADD CONSTRAINT `craft_sections_structureId_fk` FOREIGN KEY (`structureId`) REFERENCES `craft_structures` (`id`) ON DELETE SET NULL;

--
-- Constraints for table `craft_sections_i18n`
--
ALTER TABLE `craft_sections_i18n`
	ADD CONSTRAINT `craft_sections_i18n_locale_fk` FOREIGN KEY (`locale`) REFERENCES `craft_locales` (`locale`) ON DELETE CASCADE ON UPDATE CASCADE,
	ADD CONSTRAINT `craft_sections_i18n_sectionId_fk` FOREIGN KEY (`sectionId`) REFERENCES `craft_sections` (`id`) ON DELETE CASCADE;

--
-- Constraints for table `craft_seomatic_meta`
--
ALTER TABLE `craft_seomatic_meta`
	ADD CONSTRAINT `craft_seomatic_meta_id_fk` FOREIGN KEY (`id`) REFERENCES `craft_elements` (`id`) ON DELETE CASCADE,
	ADD CONSTRAINT `craft_seomatic_meta_seoFacebookImageId_fk` FOREIGN KEY (`seoFacebookImageId`) REFERENCES `craft_assetfiles` (`id`) ON DELETE SET NULL,
	ADD CONSTRAINT `craft_seomatic_meta_seoImageId_fk` FOREIGN KEY (`seoImageId`) REFERENCES `craft_assetfiles` (`id`) ON DELETE SET NULL,
	ADD CONSTRAINT `craft_seomatic_meta_seoTwitterImageId_fk` FOREIGN KEY (`seoTwitterImageId`) REFERENCES `craft_assetfiles` (`id`) ON DELETE SET NULL;

--
-- Constraints for table `craft_seomatic_settings`
--
ALTER TABLE `craft_seomatic_settings`
	ADD CONSTRAINT `craft_seomatic_settings_genericCreatorImageId_fk` FOREIGN KEY (`genericCreatorImageId`) REFERENCES `craft_assetfiles` (`id`) ON DELETE SET NULL,
	ADD CONSTRAINT `craft_seomatic_settings_genericOwnerImageId_fk` FOREIGN KEY (`genericOwnerImageId`) REFERENCES `craft_assetfiles` (`id`) ON DELETE SET NULL,
	ADD CONSTRAINT `craft_seomatic_settings_siteSeoFacebookImageId_fk` FOREIGN KEY (`siteSeoFacebookImageId`) REFERENCES `craft_assetfiles` (`id`) ON DELETE SET NULL,
	ADD CONSTRAINT `craft_seomatic_settings_siteSeoImageId_fk` FOREIGN KEY (`siteSeoImageId`) REFERENCES `craft_assetfiles` (`id`) ON DELETE SET NULL,
	ADD CONSTRAINT `craft_seomatic_settings_siteSeoTwitterImageId_fk` FOREIGN KEY (`siteSeoTwitterImageId`) REFERENCES `craft_assetfiles` (`id`) ON DELETE SET NULL;

--
-- Constraints for table `craft_sessions`
--
ALTER TABLE `craft_sessions`
	ADD CONSTRAINT `craft_sessions_userId_fk` FOREIGN KEY (`userId`) REFERENCES `craft_users` (`id`) ON DELETE CASCADE;

--
-- Constraints for table `craft_shunnedmessages`
--
ALTER TABLE `craft_shunnedmessages`
	ADD CONSTRAINT `craft_shunnedmessages_userId_fk` FOREIGN KEY (`userId`) REFERENCES `craft_users` (`id`) ON DELETE CASCADE;

--
-- Constraints for table `craft_structureelements`
--
ALTER TABLE `craft_structureelements`
	ADD CONSTRAINT `craft_structureelements_elementId_fk` FOREIGN KEY (`elementId`) REFERENCES `craft_elements` (`id`) ON DELETE CASCADE,
	ADD CONSTRAINT `craft_structureelements_structureId_fk` FOREIGN KEY (`structureId`) REFERENCES `craft_structures` (`id`) ON DELETE CASCADE;

--
-- Constraints for table `craft_taggroups`
--
ALTER TABLE `craft_taggroups`
	ADD CONSTRAINT `craft_taggroups_fieldLayoutId_fk` FOREIGN KEY (`fieldLayoutId`) REFERENCES `craft_fieldlayouts` (`id`) ON DELETE SET NULL;

--
-- Constraints for table `craft_tags`
--
ALTER TABLE `craft_tags`
	ADD CONSTRAINT `craft_tags_groupId_fk` FOREIGN KEY (`groupId`) REFERENCES `craft_taggroups` (`id`) ON DELETE CASCADE,
	ADD CONSTRAINT `craft_tags_id_fk` FOREIGN KEY (`id`) REFERENCES `craft_elements` (`id`) ON DELETE CASCADE;

--
-- Constraints for table `craft_templatecachecriteria`
--
ALTER TABLE `craft_templatecachecriteria`
	ADD CONSTRAINT `craft_templatecachecriteria_cacheId_fk` FOREIGN KEY (`cacheId`) REFERENCES `craft_templatecaches` (`id`) ON DELETE CASCADE;

--
-- Constraints for table `craft_templatecacheelements`
--
ALTER TABLE `craft_templatecacheelements`
	ADD CONSTRAINT `craft_templatecacheelements_cacheId_fk` FOREIGN KEY (`cacheId`) REFERENCES `craft_templatecaches` (`id`) ON DELETE CASCADE,
	ADD CONSTRAINT `craft_templatecacheelements_elementId_fk` FOREIGN KEY (`elementId`) REFERENCES `craft_elements` (`id`) ON DELETE CASCADE;

--
-- Constraints for table `craft_templatecaches`
--
ALTER TABLE `craft_templatecaches`
	ADD CONSTRAINT `craft_templatecaches_locale_fk` FOREIGN KEY (`locale`) REFERENCES `craft_locales` (`locale`) ON DELETE CASCADE ON UPDATE CASCADE;

--
-- Constraints for table `craft_usergroups_users`
--
ALTER TABLE `craft_usergroups_users`
	ADD CONSTRAINT `craft_usergroups_users_groupId_fk` FOREIGN KEY (`groupId`) REFERENCES `craft_usergroups` (`id`) ON DELETE CASCADE,
	ADD CONSTRAINT `craft_usergroups_users_userId_fk` FOREIGN KEY (`userId`) REFERENCES `craft_users` (`id`) ON DELETE CASCADE;

--
-- Constraints for table `craft_userpermissions_usergroups`
--
ALTER TABLE `craft_userpermissions_usergroups`
	ADD CONSTRAINT `craft_userpermissions_usergroups_groupId_fk` FOREIGN KEY (`groupId`) REFERENCES `craft_usergroups` (`id`) ON DELETE CASCADE,
	ADD CONSTRAINT `craft_userpermissions_usergroups_permissionId_fk` FOREIGN KEY (`permissionId`) REFERENCES `craft_userpermissions` (`id`) ON DELETE CASCADE;

--
-- Constraints for table `craft_userpermissions_users`
--
ALTER TABLE `craft_userpermissions_users`
	ADD CONSTRAINT `craft_userpermissions_users_permissionId_fk` FOREIGN KEY (`permissionId`) REFERENCES `craft_userpermissions` (`id`) ON DELETE CASCADE,
	ADD CONSTRAINT `craft_userpermissions_users_userId_fk` FOREIGN KEY (`userId`) REFERENCES `craft_users` (`id`) ON DELETE CASCADE;

--
-- Constraints for table `craft_users`
--
ALTER TABLE `craft_users`
	ADD CONSTRAINT `craft_users_id_fk` FOREIGN KEY (`id`) REFERENCES `craft_elements` (`id`) ON DELETE CASCADE,
	ADD CONSTRAINT `craft_users_preferredLocale_fk` FOREIGN KEY (`preferredLocale`) REFERENCES `craft_locales` (`locale`) ON DELETE SET NULL ON UPDATE CASCADE;

--
-- Constraints for table `craft_widgets`
--
ALTER TABLE `craft_widgets`
	ADD CONSTRAINT `craft_widgets_userId_fk` FOREIGN KEY (`userId`) REFERENCES `craft_users` (`id`) ON DELETE CASCADE;

SET FOREIGN_KEY_CHECKS = 1;
